{"type":"FeatureCollection","features":[{"type":"Feature","properties":{"state_name":"Andaman & Nicobar Island"},"geometry":{"type":"MultiPolygon","coordinates":[[[[93.72119138634527,7.213346462497473],[93.71280137323824,7.208330793304206],[93.70921810997547,7.230357352630225],[93.72119138634527,7.213346462497473]]],[[[93.8486138837762,7.240511941555662],[93.84682341671059,7.21798941674795],[93.88260671933912,7.203706274987002],[93.88722430133447,7.087056628043346],[93.94795329496466,7.0023137101847],[93.91374218612246,7.000189450435652],[93.9456223674992,6.956179236864511],[93.89694628551037,6.903243444799595],[93.90277491242199,6.814726519560869],[93.88213989210564,6.7946571928384],[93.8518461838991,6.815177268678986],[93.82839554491429,6.755953896387236],[93.80512024660399,6.76628072382606],[93.81598584988998,6.817180653365037],[93.78743296203723,6.830778808083686],[93.78155229187577,6.891830194851145],[93.74279037651864,6.923943457186973],[93.74676860302122,6.961872624315988],[93.69410670173453,7.015517588441288],[93.6635058529806,7.005496894503809],[93.65780440827895,7.098786667009878],[93.6747514308428,7.1135931325636665],[93.65613061799093,7.1259862584402835],[93.68645488641387,7.189431967416487],[93.72897935866965,7.184545197978796],[93.76037113666338,7.214409812204528],[93.80471322193938,7.203053724586777],[93.80609075027435,7.2325272018187405],[93.8486138837762,7.240511941555662]]],[[[93.8430771289262,7.288963779240173],[93.83955319760292,7.287628618226617],[93.843078340102,7.289884866256912],[93.8430771289262,7.288963779240173]]],[[[93.69626356921637,7.399804284435035],[93.68387062629132,7.405742789593787],[93.68865513942627,7.409356792424733],[93.69626356921637,7.399804284435035]]],[[[93.76765147470115,7.403329315798207],[93.76638338123107,7.394873442171204],[93.76286447999966,7.398478157178598],[93.76765147470115,7.403329315798207]]],[[[93.71289470339622,7.443243692576871],[93.75704908799628,7.357915197750814],[93.64717290499597,7.2438697327065205],[93.62121373272099,7.309262105403089],[93.6328773045639,7.371026647040749],[93.70875766803523,7.394408833330606],[93.71289470339622,7.443243692576871]]],[[[93.6463981746452,7.476667886146251],[93.65212800185738,7.470079221504437],[93.64445699587108,7.470730177860143],[93.6463981746452,7.476667886146251]]],[[[93.63578910738684,7.4792534386874125],[93.63213004844121,7.47646579613476],[93.63062692756962,7.47940104439021],[93.63578910738684,7.4792534386874125]]],[[[93.5497885525066,7.517924933028388],[93.54139080789376,7.514075853844436],[93.54285612440715,7.524537730001757],[93.5497885525066,7.517924933028388]]],[[[93.33034972341156,8.006177469747572],[93.4090514153547,8.00637472827462],[93.39683653551306,7.968688146061968],[93.46286858039792,7.93443938183836],[93.46157481679793,7.873040350631174],[93.42478508388072,7.9073169184578385],[93.35781407776999,7.889472573964441],[93.357336714067,7.9418564898871375],[93.31954276314637,7.932334835682586],[93.33034972341156,8.006177469747572]]],[[[93.5477256702417,8.026173923735753],[93.58242085615564,7.9921666783613645],[93.57745484022884,7.929457714212269],[93.50812422893276,7.984910161169351],[93.53179400930364,8.02499339715079],[93.55129372127625,7.996007080975766],[93.5477256702417,8.026173923735753]]],[[[93.58086932603473,8.122357570628152],[93.60069552827783,8.04996856811976],[93.59390688640225,8.03861149473741],[93.56223126628348,8.117862016701656],[93.58086932603473,8.122357570628152]]],[[[93.52498121833993,8.232050671990587],[93.54521453208893,8.200635650616487],[93.50316088595588,8.147934029106958],[93.54780120956069,8.088904366684755],[93.5497990638953,8.036133956509873],[93.50829893702236,8.034179524992929],[93.50146912808015,7.997940777305124],[93.4857872490754,8.044465528770932],[93.50877454471254,8.03743076824482],[93.53084974889201,8.079161780468816],[93.48553958557648,8.052043795148645],[93.45375029372045,8.168047953585628],[93.52498121833993,8.232050671990587]]],[[[93.23499896188174,8.264494596591378],[93.25121495971875,8.230582749688105],[93.23960389693505,8.221924252687616],[93.22023275997344,8.245668474074686],[93.23499896188174,8.264494596591378]]],[[[93.13177653885559,8.348520430000379],[93.12619401942749,8.275984857778857],[93.20324148422506,8.21681490756466],[93.19968471836867,8.195694674346813],[93.12077849809872,8.224059662550731],[93.08718569359759,8.271026445629989],[93.09551817672966,8.33946689148083],[93.13177653885559,8.348520430000379]]],[[[93.64283662139289,8.393535010210288],[93.64115915437084,8.39404061698016],[93.64310320716925,8.393773453281872],[93.64283662139289,8.393535010210288]]],[[[93.65061423520491,8.393871981174344],[93.65345914015214,8.389041901566053],[93.6445557894385,8.394766613904777],[93.65061423520491,8.393871981174344]]],[[[93.63362491963831,8.397442969037998],[93.63548869826344,8.396778074312328],[93.63542093434728,8.3955846054842],[93.63362491963831,8.397442969037998]]],[[[93.05626143718057,8.460862848905538],[93.03804278779894,8.446876008314845],[93.04264714810631,8.47117385579889],[93.05626143718057,8.460862848905538]]],[[[93.61613767771858,8.572823292254165],[93.64239061300502,8.468268479840923],[93.62253890970683,8.423209629847557],[93.62907975458118,8.488751688250636],[93.61613767771858,8.572823292254165]]],[[[93.606946466056,8.581504140410548],[93.60895760057544,8.580159617733441],[93.60835971380317,8.579301754046908],[93.606946466056,8.581504140410548]]],[[[92.77579981095198,9.256857087316757],[92.82014043272824,9.210816766072817],[92.82968724901572,9.137950691180087],[92.73014283650036,9.124545082703078],[92.72335205467463,9.217347853865986],[92.76633268564491,9.21539867244661],[92.77579981095198,9.256857087316757]]],[[[92.52947921207966,10.887408605508583],[92.58709334726356,10.787627391535878],[92.59704647540764,10.68032457617253],[92.53992792169417,10.614654125009203],[92.5682463037128,10.576215297431776],[92.51323135068176,10.511843500840973],[92.43307501382237,10.548385229262948],[92.3862371425588,10.531685013259708],[92.42085644466343,10.615634888549357],[92.38258482563049,10.66786653119429],[92.3770196967615,10.7829720763187],[92.41096275198653,10.786330792699106],[92.49297572696487,10.889432976367582],[92.52947921207966,10.887408605508583]]],[[[92.61873176188772,10.933387112167164],[92.60974701317951,10.93099245951996],[92.60638773084442,10.937596783356527],[92.61873176188772,10.933387112167164]]],[[[92.21561348432594,10.979544403982885],[92.22722959484378,10.976267052950588],[92.21792403385741,10.973499290498053],[92.21561348432594,10.979544403982885]]],[[[92.66916483118972,10.989717172110677],[92.65937447180869,10.985302853819887],[92.66204500403143,10.992713001028534],[92.66916483118972,10.989717172110677]]],[[[92.725818828545,11.143719938077346],[92.72304647422895,11.142928814663412],[92.72401330966066,11.144216519965859],[92.725818828545,11.143719938077346]]],[[[92.73463805385964,11.145654020360956],[92.7277531143357,11.145972136462365],[92.73192461434364,11.149312536512104],[92.73463805385964,11.145654020360956]]],[[[92.67519061179762,11.189805165776482],[92.68103722439469,11.181376437903603],[92.67773339707233,11.177940586325686],[92.67363925277834,11.186233696594304],[92.67519061179762,11.189805165776482]]],[[[92.69293636102083,11.243605379946523],[92.69324807320636,11.280925562118213],[92.70610482066824,11.289601622969633],[92.70585743281758,11.263811365698857],[92.69293636102083,11.243605379946523]]],[[[92.72419228099463,11.33204041389263],[92.71029923711723,11.301893713663857],[92.69845016498792,11.309087480716087],[92.7114283710733,11.30926869413953],[92.72419228099463,11.33204041389263]]],[[[92.55130360037722,11.395922074828292],[92.54616417080969,11.395943521122616],[92.55079347134684,11.397473510666389],[92.55130360037722,11.395922074828292]]],[[[92.56241140838259,11.394174573874023],[92.55758417201116,11.396291678747103],[92.56291162895387,11.397243201434371],[92.56241140838259,11.394174573874023]]],[[[92.61556741004762,11.510266583301021],[92.60932400627782,11.506586243098187],[92.61574011207748,11.511536575806494],[92.61556741004762,11.510266583301021]]],[[[92.6403379631297,11.510619082474369],[92.68571469682725,11.436206618474419],[92.6486429812867,11.407138112412632],[92.69202763910509,11.375339508458046],[92.59822921056673,11.347769342141955],[92.58723983628188,11.400933577463455],[92.62452096809928,11.40856054716082],[92.61149610686854,11.459633422231683],[92.6403379631297,11.510619082474369]]],[[[92.55271315002324,11.53120760224216],[92.56892494697792,11.527706543245767],[92.56640025985092,11.51772332301079],[92.55271315002324,11.53120760224216]]],[[[92.60640522382656,11.533676620971786],[92.60192377099057,11.524168064710505],[92.60270832376588,11.538092816016011],[92.60640522382656,11.533676620971786]]],[[[92.62943263100706,11.544303029957021],[92.62683552224752,11.5447327237819],[92.6286928722577,11.549424747262917],[92.62943263100706,11.544303029957021]]],[[[92.20779902253558,11.585459900365452],[92.27063079294395,11.584166058364307],[92.2615708262191,11.518211570195644],[92.21459656090465,11.529747734564438],[92.20779902253558,11.585459900365452]]],[[[92.60175910988761,11.55432474241531],[92.62040336691615,11.55523693575696],[92.61047269872525,11.531394865785712],[92.60175910988761,11.55432474241531]]],[[[92.56545325803035,11.570196600627982],[92.56624733076107,11.567707471141775],[92.56512051599182,11.567922472716802],[92.56545325803035,11.570196600627982]]],[[[92.57673360883602,11.568291932193343],[92.57275439611179,11.565266022024398],[92.57669261552185,11.570897113425222],[92.57673360883602,11.568291932193343]]],[[[92.59740987293328,11.561866743625222],[92.58364694918659,11.535177072481138],[92.59258640962737,11.577860581421552],[92.59740987293328,11.561866743625222]]],[[[92.57714029503354,11.584847321472411],[92.57961953789945,11.583281086543659],[92.57830096221207,11.582192496705439],[92.57714029503354,11.584847321472411]]],[[[92.59426691747676,11.590110280098997],[92.5932542375585,11.589339955194248],[92.59309726848048,11.590146752407154],[92.59426691747676,11.590110280098997]]],[[[92.60034104186663,11.570553971800807],[92.61921903075178,11.577143915206108],[92.61493005080528,11.562259916040603],[92.60034104186663,11.570553971800807]]],[[[92.53392174934102,11.601672149852645],[92.56563940153904,11.57358724076274],[92.53034679404138,11.554676450585712],[92.53392174934102,11.601672149852645]]],[[[92.69545069261288,11.663580740722953],[92.70123242135989,11.660326934428767],[92.6929076024707,11.661148080901441],[92.69545069261288,11.663580740722953]]],[[[92.76022877455324,11.677762689814104],[92.76397340723915,11.673499529477345],[92.7614310721348,11.670230288751547],[92.76022877455324,11.677762689814104]]],[[[93.08609995249653,11.786274156112029],[93.07775787447316,11.781653499057748],[93.08466621512743,11.79002361026643],[93.08609995249653,11.786274156112029]]],[[[93.01317042199612,11.85002849599078],[93.0602533647914,11.844961026765414],[93.07156956543999,11.83502465045722],[93.05021044018423,11.813213986057667],[93.01528870548779,11.8286014527729],[93.01317042199612,11.85002849599078]]],[[[92.59525123915812,11.915591613660537],[92.59868650230906,11.90627187569606],[92.59562795606644,11.905595097097956],[92.59525123915812,11.915591613660537]]],[[[92.56353818858942,11.949744156112613],[92.56969294389692,11.945532498459263],[92.56730880073745,11.944705160002941],[92.56353818858942,11.949744156112613]]],[[[92.72300956760986,11.952797390392288],[92.73195176970947,11.94463782814399],[92.72599454306541,11.941708468535667],[92.72300956760986,11.952797390392288]]],[[[92.59923302809537,11.927954782299702],[92.58883481855052,11.97268210979549],[92.59307542296406,11.977163153125916],[92.60912686066226,11.942776230292125],[92.59923302809537,11.927954782299702]]],[[[92.74464777107357,11.966983105143271],[92.74175816343535,11.966308175015026],[92.74396647920481,11.967567876788028],[92.74464777107357,11.966983105143271]]],[[[92.58437469843302,11.98211556548745],[92.58163180769427,11.977241045415925],[92.58378484638204,11.982362791235266],[92.58437469843302,11.98211556548745]]],[[[92.73929256762827,11.961751367912889],[92.76618360214121,11.953291881285713],[92.73710970432039,11.951482313218262],[92.73929256762827,11.961751367912889]]],[[[92.77139305715127,12.017372210635473],[92.77522593541266,12.013946462233067],[92.77241989836253,12.013774255591905],[92.77139305715127,12.017372210635473]]],[[[92.98365172662244,12.04181339111364],[93.0464365312714,11.92425029567025],[93.04502108175794,11.884483664108801],[93.00220677480492,11.948618251091803],[92.92537314990837,11.997932397138582],[92.98365172662244,12.04181339111364]]],[[[92.97144121112868,12.064112101528073],[92.96975163813781,12.065036746189294],[92.97135718010561,12.065065602044381],[92.97144121112868,12.064112101528073]]],[[[92.74243858232859,12.111824453859988],[92.73835126638387,12.10709069873917],[92.74315149540784,12.115151813190668],[92.74243858232859,12.111824453859988]]],[[[92.95987851555661,12.107665377452808],[93.00576195551365,12.100380565535907],[92.99448857415713,12.044346902611549],[92.96054631048166,12.078840662495116],[92.95987851555661,12.107665377452808]]],[[[92.95762317038113,12.102187071553972],[92.94965530222824,12.092926307543374],[92.94797260881246,12.11626247445979],[92.95762317038113,12.102187071553972]]],[[[93.00203244926529,12.117896424015354],[93.00217885240414,12.111138033796935],[92.99806504198587,12.11357107545336],[93.00203244926529,12.117896424015354]]],[[[92.84666427607449,12.150937967085534],[92.84385839389337,12.149678148280668],[92.84623822234015,12.151355915298332],[92.84666427607449,12.150937967085534]]],[[[93.09622382592252,12.13662110708816],[93.09939267002306,12.136371835184319],[93.09703124397006,12.133437661008333],[93.09622382592252,12.13662110708816]]],[[[92.96711644780761,12.149507417670058],[92.99215432206353,12.144082852477448],[92.99783103235227,12.114445309686873],[92.96308189254273,12.122877348728052],[92.96711644780761,12.149507417670058]]],[[[93.11005122936211,12.14289338915205],[93.12367442514082,12.14031120244515],[93.11525855674948,12.130173314433707],[93.11005122936211,12.14289338915205]]],[[[92.75648014276413,12.181040943983277],[92.76336778762317,12.176254503249288],[92.75875793496057,12.166618239282757],[92.75936281993262,12.177754689350497],[92.75648014276413,12.181040943983277]]],[[[93.02803014095268,12.142524029354668],[93.05402427423675,12.076364741428804],[93.04529949753531,12.045734615169389],[93.00777809010377,12.075626788753256],[93.00863843437843,12.104098868400909],[93.00023352654432,12.107953420681216],[93.00522299139834,12.115102960166153],[93.00724294584872,12.147063368003433],[93.02766223003704,12.166969518771033],[93.02803014095268,12.142524029354668]]],[[[92.68323505331601,12.223573493567656],[92.6796964185597,12.219451864487294],[92.6822537562589,12.224404749654601],[92.68323505331601,12.223573493567656]]],[[[92.69727539569855,12.240104007884314],[92.70388403352517,12.16429574260413],[92.75790749806735,12.177314164456831],[92.73567930133615,12.104365817286466],[92.73515989310735,12.074122320121814],[92.78346262844379,12.046494447477876],[92.76230897974462,12.021269441480916],[92.73837389723788,12.041605947134904],[92.73625518315134,12.015964186758024],[92.76892588589581,11.999217247784944],[92.74328108549649,11.994792966544866],[92.74879596026496,11.978110127046321],[92.73416100409774,11.97755959809443],[92.73888506036224,11.9974236242566],[92.72842489062926,11.995158678202886],[92.71448987822588,11.933124214008439],[92.72468579346854,11.85090648840137],[92.70717610529948,11.816482224242113],[92.67818355646446,11.820192474060843],[92.68058946897294,11.799352125730934],[92.70994300899045,11.814782514527291],[92.7192521709139,11.826689945307832],[92.74626641168891,11.932204756216017],[92.78387902423964,11.936800186187638],[92.78820820695265,11.919145368006786],[92.75542191121001,11.702170166028571],[92.70176641618204,11.707820047961281],[92.70930298541558,11.670567298856149],[92.6652964461512,11.653478362799326],[92.69571015966814,11.621683043171037],[92.69471724116642,11.653489496362642],[92.73008164848842,11.659348929483201],[92.72236158931469,11.689548281994824],[92.75685402769611,11.664906501304559],[92.71172233566519,11.477636376850237],[92.69972664199179,11.507174802475745],[92.64599117665513,11.523618666745975],[92.64705139125239,11.572468234032655],[92.61761892307632,11.562687375511358],[92.62025782378893,11.574189498004849],[92.6191491903335,11.583497849792915],[92.60717418657283,11.594184834117723],[92.60862322593032,11.620981191477332],[92.63575992351416,11.615771552074008],[92.64454570750065,11.636740457404349],[92.63164028921956,11.65195802987099],[92.63189821307284,11.628766944673862],[92.60794706881667,11.634087736793298],[92.58889490626585,11.724660251589183],[92.56215725847994,11.694015168361629],[92.54668722476158,11.835476551962008],[92.52150649422018,11.826809026993027],[92.51360063676503,11.84869516255506],[92.56250603243174,11.946867069999046],[92.58728183254478,11.88715847403138],[92.60212965565293,11.896825019929427],[92.60039634987412,11.866311992507796],[92.60254016373715,11.86105311098822],[92.60425032121472,11.858894202518128],[92.60629590971347,11.858034439571599],[92.62258414117711,12.096106632552432],[92.66157225457562,12.215752381167007],[92.65479395348586,12.181630749670777],[92.69727539569855,12.240104007884314]]],[[[93.07240279466549,12.210843961907106],[93.09504538975618,12.142433763558916],[93.07407799501146,12.083798832208897],[93.03677754291452,12.133313590549687],[93.07240279466549,12.210843961907106]]],[[[92.7349650758244,12.239689716327359],[92.7328633245852,12.210550911418427],[92.73992075692294,12.236404818875975],[92.74555233764828,12.227124141313352],[92.76259572880652,12.229711250802396],[92.76353924448927,12.18169137707843],[92.72080995222545,12.190580152581228],[92.7349650758244,12.239689716327359]]],[[[92.92528848056268,12.21625513316038],[92.94109910006263,12.217292876444846],[92.93280181966306,12.196088683260173],[92.92528848056268,12.21625513316038]]],[[[92.69964900689786,12.249016106501214],[92.69554923260398,12.247080897544581],[92.69686570723907,12.250598953925072],[92.69964900689786,12.249016106501214]]],[[[92.86992285860043,12.24900010415326],[92.86152732098594,12.243241398668037],[92.86505273401454,12.250990838708816],[92.86992285860043,12.24900010415326]]],[[[92.88183921897867,12.248932626913914],[92.87945561864281,12.249180561314981],[92.88021979877338,12.250521014899368],[92.88183921897867,12.248932626913914]]],[[[92.90081197524472,12.255152248894563],[92.91420453531738,12.232231271087379],[92.91234484138793,12.222183279180344],[92.89130721894958,12.234044061912085],[92.87831884931747,12.209917165022736],[92.87128936865082,12.245737153843118],[92.88372677317427,12.238052335971231],[92.90081197524472,12.255152248894563]]],[[[92.73897023781589,12.273637074506345],[92.73470861634603,12.270070778958523],[92.73841855349104,12.276093856273022],[92.73897023781589,12.273637074506345]]],[[[92.90206851027469,12.260077554833329],[92.89949106774422,12.260932482332834],[92.90085975236241,12.262895846904328],[92.90206851027469,12.260077554833329]]],[[[92.73961406666626,12.282539834703359],[92.74293030674819,12.255485969373137],[92.73448929197876,12.24790065960236],[92.73954847498725,12.271079724458877],[92.73961406666626,12.282539834703359]]],[[[92.73708959426354,12.282765321982458],[92.7352496905478,12.288135751272824],[92.73790864905807,12.292804988910309],[92.73708959426354,12.282765321982458]]],[[[93.10333069380604,12.260770781779158],[93.10624801119747,12.245017836820839],[93.10064926975215,12.204399842204849],[93.06288654840566,12.231039396389233],[93.07253108560212,12.259706675721365],[93.08848937041948,12.237304411540912],[93.10333069380604,12.260770781779158]]],[[[92.75484952216154,12.293340084107825],[92.7529188713698,12.294667806525146],[92.75500971308416,12.294532514051],[92.75484952216154,12.293340084107825]]],[[[92.76802562965011,12.285560993198512],[92.75301699046895,12.278023080667458],[92.76269951847694,12.294287139726418],[92.76802562965011,12.285560993198512]]],[[[92.69992760921858,12.27568956690953],[92.72385391132272,12.291130696556026],[92.71075636065399,12.230149394825013],[92.69992760921858,12.27568956690953]]],[[[92.77190942846133,12.293447512117082],[92.76640209224527,12.289808450045374],[92.77092773838474,12.295326078945077],[92.77190942846133,12.293447512117082]]],[[[92.76608982757278,12.297886350641988],[92.7636514666059,12.298461618379495],[92.76562822433601,12.299602043685944],[92.76608982757278,12.297886350641988]]],[[[93.02984672165375,12.27809248974493],[93.02220233759013,12.275715929082118],[93.02962359101907,12.279890476790635],[93.02984672165375,12.27809248974493]]],[[[92.87772390133844,12.297053182552212],[92.8801641712161,12.295222093797396],[92.87679147701247,12.29408544749033],[92.87772390133844,12.297053182552212]]],[[[92.82876631505769,12.301783999492152],[92.88706603596425,12.286756548878534],[92.88818372056713,12.259120964614059],[92.86543529757311,12.252192070963586],[92.85916769341895,12.245134175176922],[92.88209040126983,12.198083941663263],[92.84578308222414,12.199885443873821],[92.85079255911445,12.157461457367578],[92.82261938554593,12.165721627594328],[92.812716709541,12.10795838167849],[92.76488387904945,12.06371893150823],[92.73946318296836,12.099248145469035],[92.76517437749966,12.175659173062622],[92.77075989849055,12.231218464779081],[92.74336017411899,12.250898883899614],[92.78182736045041,12.285108392496495],[92.77177463811832,12.313325934829303],[92.7961536658645,12.304073607558129],[92.80994832970737,12.313565365707019],[92.82876631505769,12.301783999492152]]],[[[92.93510351122147,12.296436800017435],[92.94230353017112,12.275684475763132],[92.92318776025355,12.230681199675368],[92.90186627278959,12.288740775007257],[92.93510351122147,12.296436800017435]]],[[[93.06729539789761,12.318713484100725],[93.07283720665401,12.315947652202109],[93.06259203065397,12.315899947852035],[93.06729539789761,12.318713484100725]]],[[[92.91300606386707,12.333530390274353],[92.91108174294422,12.333279301545545],[92.91152982712825,12.335485760272908],[92.91300606386707,12.333530390274353]]],[[[92.90588215541983,12.341021548467706],[92.90489853732882,12.33832891871364],[92.90446912421393,12.341012119186587],[92.90588215541983,12.341021548467706]]],[[[92.91814305336436,12.349351865840555],[92.9099128825007,12.350513312167003],[92.91623442840587,12.355382694390505],[92.91814305336436,12.349351865840555]]],[[[93.8490877864713,12.288709621794933],[93.87626466947636,12.27315549240869],[93.85484882175858,12.265746887545022],[93.8490877864713,12.288709621794933]]],[[[92.89738232217853,12.394557820418258],[92.89594955757183,12.392304934946289],[92.89565473588375,12.395288045848377],[92.89738232217853,12.394557820418258]]],[[[92.8881566202804,12.408178694393001],[92.8827543284523,12.374081927480649],[92.84329604192784,12.401530190980594],[92.8881566202804,12.408178694393001]]],[[[92.8991519843401,12.411359668475665],[92.89702100284958,12.41012883251369],[92.89807409962042,12.411951130215412],[92.8991519843401,12.411359668475665]]],[[[92.88984242064221,12.413909468138739],[92.8884430121954,12.413314746514587],[92.88874308067119,12.414416171488087],[92.88984242064221,12.413909468138739]]],[[[92.86983986369849,12.414842393332723],[92.85878743872385,12.41575830655089],[92.86584540230679,12.421104127303044],[92.86983986369849,12.414842393332723]]],[[[92.83625094401246,12.42576141157394],[92.83626645199871,12.415948258809145],[92.82924891887419,12.425487185985071],[92.83625094401246,12.42576141157394]]],[[[92.90382612004495,12.424658952501005],[92.89917413615576,12.421272147261394],[92.89976550527675,12.426084610185963],[92.90382612004495,12.424658952501005]]],[[[92.95539748734578,12.435576661896611],[92.93253301040215,12.359786620276989],[92.9190100547892,12.365266275960298],[92.95539748734578,12.435576661896611]]],[[[92.66868559898386,12.532439522794826],[92.68459543394212,12.539629691938522],[92.67868382535077,12.522374471662562],[92.66868559898386,12.532439522794826]]],[[[92.70339172922431,12.640311803293065],[92.70094251988019,12.639070465948878],[92.70217551522505,12.641283998430639],[92.70339172922431,12.640311803293065]]],[[[92.72292029710671,12.735778209422547],[92.7294972925073,12.73043382233695],[92.72796958890041,12.726915022241183],[92.72292029710671,12.735778209422547]]],[[[92.72676413059139,12.753616543983819],[92.72562165443672,12.752490572156887],[92.72596582631364,12.753819272004872],[92.72676413059139,12.753616543983819]]],[[[92.71786089621453,12.773876392807624],[92.71667206689952,12.774006557992346],[92.71737317138567,12.774591257978564],[92.71786089621453,12.773876392807624]]],[[[92.71742258776733,12.776791930982563],[92.7158041574692,12.775675117982955],[92.71588229954715,12.777053949213224],[92.71742258776733,12.776791930982563]]],[[[92.71676109927004,12.783074162364313],[92.71582790754425,12.783655558907213],[92.71642957620418,12.78384152149778],[92.71676109927004,12.783074162364313]]],[[[92.71682646220475,12.787827228192455],[92.72460152861206,12.766117386135],[92.72489791218896,12.76179581620519],[92.71682646220475,12.787827228192455]]],[[[92.71647396247582,12.79593662367385],[92.71528267284262,12.794594868215002],[92.71578791388798,12.797693117645574],[92.71647396247582,12.79593662367385]]],[[[92.71684670708136,12.801211032509045],[92.71552727261331,12.799952726417107],[92.71620663976645,12.801377152460972],[92.71684670708136,12.801211032509045]]],[[[92.71756504313302,12.804393417777172],[92.71628929396304,12.802632951510045],[92.71645566059215,12.80464229728762],[92.71756504313302,12.804393417777172]]],[[[92.7104394050332,12.829041393858404],[92.71216287357342,12.777253156986434],[92.72543538869864,12.749009262997617],[92.71835533076074,12.719241526386476],[92.69460140341903,12.796047281366016],[92.7104394050332,12.829041393858404]]],[[[92.7278132968187,12.835504538601667],[92.72481207501413,12.834200196839802],[92.72738980551566,12.838544905409782],[92.7278132968187,12.835504538601667]]],[[[92.73151920748742,12.855462783899673],[92.72920236565916,12.856010880283],[92.73173592145088,12.856603666410397],[92.73151920748742,12.855462783899673]]],[[[92.76502961479808,12.854113527516251],[92.76442836129581,12.852677583373708],[92.76413904407671,12.854345818894489],[92.76502961479808,12.854113527516251]]],[[[92.71990087666964,12.86487392368051],[92.71713941981126,12.833405148009092],[92.7095874275478,12.833714547981714],[92.71990087666964,12.86487392368051]]],[[[92.77815486856234,12.866694189915316],[92.77601110685588,12.865532322846974],[92.77627119126369,12.866702490649656],[92.77815486856234,12.866694189915316]]],[[[92.76102920270456,12.86787735279634],[92.76518899758996,12.868959291920604],[92.76612493599069,12.854864155241803],[92.76102920270456,12.86787735279634]]],[[[92.7570574740219,12.878729851156574],[92.76045123739799,12.877446947982824],[92.75694581818934,12.876213494844064],[92.7570574740219,12.878729851156574]]],[[[92.79041037843324,12.884580412115994],[92.78266905898954,12.883356732174738],[92.78258227405613,12.892720790695519],[92.79190985559758,12.891440527845285],[92.79080839594343,12.889544515427945],[92.79041037843324,12.884580412115994]]],[[[92.89388566309094,12.898383594897258],[92.89166961440561,12.898843088656205],[92.89277577024832,12.899931261267627],[92.89388566309094,12.898383594897258]]],[[[92.75416824485673,12.913818520134944],[92.75569931992725,12.891526650727016],[92.75003824275257,12.890794776485652],[92.75416824485673,12.913818520134944]]],[[[92.75776647932706,12.914034948094969],[92.7578027850082,12.9121821069291],[92.75706386354807,12.912366646352776],[92.75776647932706,12.914034948094969]]],[[[92.76784985284287,12.918051622440831],[92.76750444511403,12.916392553782101],[92.76669769873945,12.917836706792468],[92.76784985284287,12.918051622440831]]],[[[92.77407745283423,12.911536008952446],[92.80063343976906,12.897662912681774],[92.79264148860432,12.892046544374866],[92.77407745283423,12.911536008952446]]],[[[92.8647502363873,12.914576410666552],[92.86321535534465,12.913820754901844],[92.86364010304528,12.915077027048948],[92.8647502363873,12.914576410666552]]],[[[92.76758227343409,12.921248307658875],[92.7621435330316,12.921580150011732],[92.76658072005195,12.925435273414575],[92.76758227343409,12.921248307658875]]],[[[92.76962691387537,12.928915746868885],[92.77593142395985,12.925553417627707],[92.7727159894643,12.917682832897496],[92.76962691387537,12.928915746868885]]],[[[92.93668531807467,12.917100148219175],[92.93165054315108,12.91701035196141],[92.93173333650226,12.919019497188252],[92.93668531807467,12.917100148219175]]],[[[92.76609623786396,12.932635150948546],[92.76215724825451,12.926515532636131],[92.76247860073639,12.93524905413837],[92.76609623786396,12.932635150948546]]],[[[92.89789272124254,12.927446314632906],[92.92214512985159,12.91304261993885],[92.90445767384283,12.886248404577865],[92.92815750852873,12.883973553724397],[92.95379789640423,12.807866762177477],[92.93390895467031,12.773662771959788],[92.98009940185838,12.710143066166715],[92.94878704877561,12.628867198929743],[92.96821800338601,12.497003476645329],[92.93031488902528,12.48005919240268],[92.92265950217065,12.465161617446926],[92.95867378198244,12.473110059765428],[92.91511349177316,12.44381742305863],[92.91479295499747,12.406309313779039],[92.9068874121975,12.406785602648128],[92.90992555192844,12.420498043500688],[92.89230518422987,12.436444777027875],[92.85618841734332,12.456778400455462],[92.89930134269333,12.416399356714054],[92.80756699710555,12.437258049282061],[92.89612558767878,12.33650596646041],[92.86783081456993,12.33156115235883],[92.8875240319898,12.331950260251643],[92.89517620107932,12.320204106297663],[92.83211400976711,12.302535557907216],[92.80976744679943,12.314926192406979],[92.79487730083628,12.306052367022383],[92.77141343390866,12.319552294944721],[92.75483722252991,12.296007559717069],[92.71955812285408,12.300385333530011],[92.69890102289867,12.327820183762743],[92.70751830972705,12.595187808275185],[92.68455465419655,12.608880210403644],[92.75212089048846,12.671074742318007],[92.77485338664907,12.669753930977917],[92.78135185528214,12.635279777980761],[92.78908104745969,12.675052717584324],[92.78635482202947,12.698103614494677],[92.76762571621782,12.671526599587507],[92.73277014740891,12.674478028046662],[92.74598892872912,12.72264962688836],[92.72350446939559,12.82685520368501],[92.7383544985744,12.810607816698175],[92.80295446574912,12.897238016303511],[92.84180607810976,12.875561266542329],[92.85875530150959,12.877820124060836],[92.87479247715041,12.882058508805],[92.87259462485851,12.892856100847833],[92.89604904306512,12.898618546221599],[92.89789272124254,12.927446314632906]]],[[[92.88819643676355,12.929259131948125],[92.88684970275803,12.928110410749623],[92.88644561751885,12.928966002395859],[92.88819643676355,12.929259131948125]]],[[[92.8924495050197,12.93266234971883],[92.89098345938748,12.932096511039843],[92.89167694655042,12.932957652088376],[92.8924495050197,12.93266234971883]]],[[[92.85975109678658,12.932752712694404],[92.88617310329057,12.923965893456264],[92.86528134609182,12.916691571481321],[92.85975109678658,12.932752712694404]]],[[[92.89029330380758,12.937999382751805],[92.89313737148261,12.936839794833013],[92.88951415435743,12.935078598891023],[92.89029330380758,12.937999382751805]]],[[[92.90166285415756,12.941833918655467],[92.89965539322684,12.941200754895206],[92.89988934227495,12.94195843664382],[92.90166285415756,12.941833918655467]]],[[[92.6965802556833,12.991128911501802],[92.72031532861314,12.978889611965522],[92.71961608702986,12.874334060333025],[92.67622279583584,12.835914610926261],[92.68928412817125,12.817283967968779],[92.66821654466222,12.782699590377351],[92.64809641094985,12.861755919713504],[92.66954257699955,12.96306274540805],[92.6965802556833,12.991128911501802]]],[[[92.9126689330349,13.00361006382056],[92.91030169209517,13.004209414958398],[92.91089217699343,13.005035746818484],[92.9126689330349,13.00361006382056]]],[[[93.00632819025074,12.997075931066545],[92.98119005650535,12.93292900148833],[92.95208372430356,12.940932632143783],[92.97375601112729,12.946490188219666],[92.95943588473308,12.98890975562653],[92.97245490463254,12.969855413600147],[93.00632819025074,12.997075931066545]]],[[[92.91029124209722,13.007708267754552],[92.9092935428699,13.007230032453352],[92.90944614138405,13.007958176137777],[92.91029124209722,13.007708267754552]]],[[[92.98959908089485,12.999610207862954],[92.98656594225358,12.999799028027862],[92.98938983928598,13.000893185896425],[92.98959908089485,12.999610207862954]]],[[[92.94906133971377,13.024820050272039],[92.9468518736369,13.024334394823583],[92.94514145985295,13.025290706452196],[92.94906133971377,13.024820050272039]]],[[[92.9208622756833,13.000524697583701],[92.93996423641867,13.025108554560433],[92.94191420871745,12.995519054385039],[92.9208622756833,13.000524697583701]]],[[[92.91900381515377,13.042733907251009],[92.91440282086559,13.042471234074418],[92.91669194805134,13.047669785568855],[92.91900381515377,13.042733907251009]]],[[[92.93412489379338,13.052497557127934],[92.93204092716344,13.050659831983058],[92.93197047831046,13.052987895522445],[92.93412489379338,13.052497557127934]]],[[[92.91465085798133,13.06635599365117],[92.91676708147344,13.057928951904819],[92.9137991011407,13.066969559217215],[92.91465085798133,13.06635599365117]]],[[[92.731307060305,13.094471842759818],[92.72851863152437,13.093191498344956],[92.73072524881577,13.095422336171758],[92.731307060305,13.094471842759818]]],[[[92.6960950239954,13.09535680680717],[92.72009675989266,13.0955682953303],[92.7018427729259,13.070959981217436],[92.6960950239954,13.09535680680717]]],[[[92.79711312842292,13.170130658821444],[92.7932479204816,13.169634705439877],[92.79461973800464,13.171188707985017],[92.79711312842292,13.170130658821444]]],[[[93.05887083711237,13.22675453677386],[93.05894457537154,13.222467920127453],[93.0576465662276,13.226449674353558],[93.05887083711237,13.22675453677386]]],[[[93.01659420245687,13.28464211245918],[93.01480579141125,13.284820433875886],[93.01649411083409,13.285081328806768],[93.01659420245687,13.28464211245918]]],[[[93.07727289724839,13.299373243616515],[93.0741078618386,13.303054247402125],[93.07872441304353,13.301466937279413],[93.07727289724839,13.299373243616515]]],[[[93.01622386197205,13.324102058169908],[93.02197623479199,13.322327926796056],[93.021544929579,13.301254577325798],[93.01622386197205,13.324102058169908]]],[[[92.9680083283535,13.335745725116595],[92.96542292693486,13.335989874227323],[92.96995897701242,13.338745641851323],[92.9680083283535,13.335745725116595]]],[[[93.00953836988236,13.336753602681814],[93.00715090989125,13.336398613026201],[93.0093249777291,13.337248547035669],[93.00953836988236,13.336753602681814]]],[[[93.01572369271749,13.339000582957757],[93.01365055663403,13.337421187696894],[93.01408703897492,13.338946943942544],[93.01572369271749,13.339000582957757]]],[[[93.03685419692636,13.34327047100862],[93.0372126320987,13.340552542213915],[93.03668851544708,13.3407426682427],[93.03685419692636,13.34327047100862]]],[[[93.02064899345757,13.345033096075934],[93.01629309934168,13.34101113793494],[93.01885292319147,13.34595225086612],[93.02064899345757,13.345033096075934]]],[[[93.07576741663243,13.366474532606032],[93.07389227037076,13.364688097216714],[93.07375883078923,13.365183150249694],[93.07576741663243,13.366474532606032]]],[[[93.08327181299555,13.368473207395846],[93.08054364810107,13.368445332449301],[93.08184702104636,13.369644981177712],[93.08327181299555,13.368473207395846]]],[[[93.0606251397982,13.385574581957368],[93.06225971874323,13.383004515878534],[93.06130147161869,13.383003800943364],[93.0606251397982,13.385574581957368]]],[[[92.86611328783951,13.413504880433218],[92.86496041696648,13.412021271928458],[92.86464011938754,13.41303468222229],[92.86611328783951,13.413504880433218]]],[[[92.81223270252309,13.419511459097237],[92.81868147704589,13.416213481822265],[92.81449846579653,13.403493096764006],[92.81223270252309,13.419511459097237]]],[[[93.08727944528327,13.415593901856393],[93.09545222842176,13.415677222192537],[93.08920942896911,13.410063161202444],[93.08727944528327,13.415593901856393]]],[[[92.82173835900417,13.435986954712972],[92.84230969809715,13.426230474513304],[92.82212887444113,13.421457196288152],[92.82173835900417,13.435986954712972]]],[[[93.07054645128908,13.423344175281995],[93.06718042865177,13.42224960785609],[93.07249299171134,13.431198379231294],[93.07054645128908,13.423344175281995]]],[[[93.09622127652598,13.434297775959298],[93.1027054227576,13.434625955816697],[93.10356007930098,13.430178833710315],[93.09622127652598,13.434297775959298]]],[[[92.87423194193798,13.506317250247987],[92.8668315381905,13.507241744744027],[92.87018740567359,13.513185750759042],[92.87423194193798,13.506317250247987]]],[[[92.91650139341186,13.515001454313959],[92.91642862835154,13.507202146976583],[92.91394772069492,13.507662423053716],[92.91650139341186,13.515001454313959]]],[[[92.90552959637816,13.535684848121203],[92.91191514220331,13.533566506895836],[92.90567600822273,13.530776469194942],[92.90552959637816,13.535684848121203]]],[[[92.87776207226972,13.538141431261577],[92.87434232437458,13.536629615428515],[92.875192083341,13.540313942183367],[92.87776207226972,13.538141431261577]]],[[[93.00679042204668,13.559155000298432],[93.00491791118705,13.558256260945951],[93.00563256234545,13.56102568113497],[93.00679042204668,13.559155000298432]]],[[[93.05640345454988,13.562820076402707],[93.05195622139975,13.564489432048102],[93.0567652293921,13.566545221033797],[93.05640345454988,13.562820076402707]]],[[[93.03027443624052,13.57038151081943],[93.04315026401571,13.504593007757224],[93.0160027280522,13.464521329778995],[93.03450241521061,13.435784406693346],[93.01624098430779,13.432504047910546],[93.0704021355551,13.40626473092557],[93.02549908477677,13.372984146644946],[93.05551004303516,13.382132723206125],[93.09004732649754,13.336012141213956],[93.06522151447729,13.304277754243522],[93.06060409981026,13.328772832016677],[93.04007399763026,13.322113905286612],[93.04612291128304,13.345975652269507],[93.04170096105094,13.367694445459799],[92.98709451957987,13.32914577360606],[92.97054231405185,13.360422887953943],[92.95012545169192,13.343536453252351],[92.99833730608256,13.314762111545576],[92.9859458642361,13.29893995364705],[92.99189872392085,13.29249858669148],[93.00903388253745,13.320948912121034],[93.01181222141493,13.276837314674426],[93.04633458835816,13.281806059263827],[93.04501533960482,13.258859822735094],[93.06565653166646,13.272278001907253],[93.03181211530212,13.17866485653539],[93.03462953673794,13.082568838201913],[93.0029164973823,13.02863137643021],[92.96535737194417,13.036545269964694],[92.97160092403566,13.013197038962343],[92.9347000249737,13.042716328396978],[92.94413554782115,13.054957401813802],[92.93616647776228,13.087150128040413],[92.92353126128737,13.056576518022199],[92.91333868583422,13.076232922673327],[92.90424172658427,13.079908924936332],[92.88772115128121,13.04493792672159],[92.91614464464926,13.054547458306324],[92.90154588384287,13.02208233252079],[92.90833740997702,13.000094850802704],[92.9385078366361,12.971722120899635],[92.91252845702697,12.94679920868585],[92.90733393781936,12.985912121974893],[92.88125989156049,12.982178207253787],[92.87714593760896,12.944445984656813],[92.85450295595336,12.939769649592318],[92.85836753986243,12.903349837021008],[92.87576736221698,12.908649026232611],[92.86956239056241,12.89011859659578],[92.87346590963325,12.88347255749263],[92.8420346394666,12.876520082518503],[92.79441862146514,12.914033927729166],[92.79485738577897,12.987303740509681],[92.81847118092574,12.986152203997504],[92.82543881806774,13.01347304179376],[92.78785070289096,13.019570130104059],[92.7969279248017,13.089801955381361],[92.80998699241317,13.074179816967868],[92.82231084195017,13.095736147354542],[92.80975000919099,13.126667580766728],[92.84775411065597,13.140550522583489],[92.80966840734747,13.15295492817679],[92.835351915787,13.173583172712158],[92.82773105874409,13.237125462729182],[92.85387072034038,13.236316063846658],[92.82203291706844,13.279143674884786],[92.84182363198482,13.30090687095633],[92.82167918510177,13.310554540312697],[92.83971152880065,13.375441406969317],[92.86676635051127,13.381576590070077],[92.84217414702549,13.399447700466416],[92.86808253115524,13.402549968261797],[92.88389550697325,13.429558706612925],[92.87205008967486,13.472014327545295],[92.9297376433168,13.501861057489824],[92.91494827916362,13.533857387241202],[92.99001999268705,13.527234026790156],[92.98820002628219,13.57333075454772],[93.00967588932579,13.542488902610781],[93.03027443624052,13.57038151081943]]],[[[94.25983992183852,13.435718292024907],[94.2529539609295,13.461582139092089],[94.27576452165289,13.468584553932049],[94.275653797905,13.449722551603058],[94.25983992183852,13.435718292024907]]],[[[92.88847177527823,13.595152266279348],[92.90334391672276,13.596102529906906],[92.8850055118976,13.57461928871452],[92.88847177527823,13.595152266279348]]],[[[93.04310331533341,13.637567811191133],[93.06631805789506,13.649507684650787],[93.04668431757257,13.621147243338392],[93.04310331533341,13.637567811191133]]],[[[93.0158761624863,13.675751580309027],[93.03183511926275,13.63367494035593],[93.0256929988654,13.627179438132359],[92.97691989115363,13.65495529713332],[93.0158761624863,13.675751580309027]]]]}},{"type":"Feature","properties":{"state_name":"Andhra Pradesh"},"geometry":{"type":"Polygon","coordinates":[[[83.35616844486309,19.020243760881037],[83.46329376641138,18.95536276830289],[83.4500853903967,19.009349935426602],[83.48155278888618,19.00955076821893],[83.47374211416762,19.094932285827564],[83.51692726016577,19.056846986237],[83.50106643512865,19.020427628880533],[83.53683711038722,19.00926043185494],[83.54917840154572,19.080285759846138],[83.58446895512864,19.057388650002537],[83.62617060639447,19.16243715752597],[83.70027706969695,19.025215961648854],[83.73009480185321,19.021695768263463],[83.70961522734859,19.002400289035204],[83.75399818171475,18.924891509784967],[83.78803554861875,18.915734717112006],[83.74499303941745,18.98774183688126],[83.7948296812672,19.017740762287875],[83.84614749783806,18.868855071859187],[83.89301588647783,18.815671992678435],[84.03651663707167,18.817265957136858],[84.08932921881107,18.758474557351366],[84.13561211684579,18.762377216402538],[84.16152030853728,18.790165496575018],[84.34249421618824,18.802966717511108],[84.32888005238709,18.818847838138407],[84.36294486825359,18.83989886238568],[84.33069406002969,18.882969685016874],[84.37235427156294,18.862648656505396],[84.35817570312842,18.895393559694966],[84.39023566444945,18.877536563787693],[84.37882489759983,18.903703788961174],[84.41607572910259,18.898396420438488],[84.43608239383452,18.92173689048992],[84.42223950182158,18.948346477609736],[84.45003233649284,18.978513343532047],[84.42986288438274,18.99565091434915],[84.41909111884911,19.022797611692358],[84.47395546939575,18.99022151419915],[84.5143104560937,19.049280384900552],[84.57079275670763,19.074555375393675],[84.59455962132033,19.022071220588263],[84.61624669403771,19.0666952277082],[84.66778365924641,19.075315576375747],[84.65687680184111,19.095231611142555],[84.62343424941669,19.085767782549706],[84.59343969646636,19.133268379315318],[84.66525193171195,19.130756306108474],[84.66883240877301,19.16686749806057],[84.70791605824992,19.16048739259033],[84.70400734501608,19.117277185487907],[84.76566082476631,19.077246144454733],[84.35472852981519,18.554914448592164],[84.17235437947727,18.39550508685541],[84.12611941765047,18.3127588184116],[83.70213025941295,18.10167879821681],[83.57131026520412,18.01060446406546],[83.41757837054789,17.853584605127303],[83.41086958978798,17.80935818824879],[83.21595558475188,17.59121287563625],[82.63446233066578,17.304717963642528],[82.47284789606931,17.19948193053031],[82.32669839435808,17.065400648537572],[82.27788295596525,16.950695706136706],[82.2493447807705,16.93125985162703],[82.27183098201506,16.87754377163887],[82.31422884044721,16.845879807171077],[82.34941762905177,16.85049674705612],[82.35988161488623,16.928208985834505],[82.32472656251447,16.989771563206915],[82.36390658582782,16.951381322146435],[82.33926887339298,16.716120790558083],[82.37229194356912,16.76189325090438],[82.37248788335764,16.74616237959135],[82.30360710087167,16.57172400462349],[81.95773189077383,16.392374455649012],[81.87815096173098,16.382631289252696],[81.72078750350408,16.306860113225795],[81.68184509081607,16.331442258801903],[81.4798392178874,16.352884182701274],[81.30301202865027,16.302095277245247],[81.22429227341578,16.216218117970598],[81.14130080265622,15.974473354916785],[81.00778747148087,15.84058319430545],[81.02082173746173,15.764524637335361],[80.94392685993377,15.72110927305013],[80.82355930561434,15.713326957569658],[80.79223914608433,15.748331092574917],[80.77183517125731,15.799339262854847],[80.80898589912164,15.747602737389204],[80.80035978740334,15.847967702866665],[80.79883159862547,15.831956636947556],[80.74119023659208,15.872826586256842],[80.66309866653611,15.879531669578295],[80.45403775357747,15.816281599810564],[80.28866514949186,15.693390694044188],[80.20891974313703,15.48068519062023],[80.11024914085108,15.345474660411847],[80.04707968575194,15.083432888255858],[80.09754209362441,14.780194183673274],[80.19704630933893,14.581850269752113],[80.12739111178682,14.163904801108659],[80.14667630007149,14.042106761300571],[80.25282149787868,13.777959678522176],[80.23364962407253,13.658447695344153],[80.26864737398047,13.564575221693863],[80.24175704252926,13.470588124388344],[80.13915676423086,13.504217436342794],[80.0781381365661,13.488756278493595],[80.08120463218799,13.549696241105353],[80.00338988498326,13.544388673465622],[80.0465621116265,13.493629705345136],[79.97236359654795,13.46903938285269],[79.97328097923011,13.429620208240225],[79.93451291688847,13.416401897650031],[79.96269591746024,13.39130569444359],[79.93794755984473,13.355471506770655],[79.86270799201692,13.316928386578212],[79.80889017759829,13.317196299347678],[79.79167179331886,13.293476396782061],[79.76076872293288,13.318433324429467],[79.73351746527446,13.288571967951194],[79.79469742296821,13.24195226748703],[79.754927833608,13.206431372841374],[79.73725467912548,13.23648839183276],[79.71634385567803,13.216375819172349],[79.70906256856455,13.250997786130421],[79.68421167306921,13.244383719481252],[79.68234144461752,13.295869473329768],[79.63168399891194,13.269691874566943],[79.59616925711924,13.284871300927161],[79.57920472061974,13.257750584677915],[79.5345685289335,13.275326041368661],[79.53715102974988,13.338596362430156],[79.4354741126311,13.351586785115128],[79.38188574079051,13.30745246006597],[79.44536174246916,13.30121240307759],[79.40835676047983,13.265231211095996],[79.43094308228429,13.229676818740199],[79.45308958596871,13.238312293679979],[79.43836433661548,13.188136046562802],[79.37396928808897,13.189219624169239],[79.38766315463478,13.177491142503815],[79.35605150344786,13.16454223123854],[79.36043991502399,13.123500413578162],[79.34110295104821,13.136799758907262],[79.3070461478067,13.105519928906176],[79.31239890655985,13.126105639172152],[79.28395274690715,13.12273461570376],[79.25739226474906,13.160701611162178],[79.24520862647228,13.138241474333446],[79.234865554816,13.17080939920251],[79.21005947885278,13.148459006482364],[79.23280857694664,13.139336178849453],[79.23436140829948,13.10519482239132],[79.18058632102235,13.084238836695391],[79.1929297575033,13.046662494761403],[79.16305379826824,13.0202381156412],[79.11441498698052,13.039241053694353],[79.08085685389348,13.02570340104646],[78.9949945649688,13.086571533866032],[78.9238759442214,13.080782578775827],[78.90362897705458,13.047620899767127],[78.92913041220793,13.045699023287312],[78.94057657935522,13.036402023665808],[78.93701353549443,13.030435102450527],[78.89157623667377,13.033032695480221],[78.89114713098898,13.097124988820822],[78.75171837076246,13.054922165178246],[78.71445060519405,13.068656911014555],[78.70520435385896,13.015217497590275],[78.65614805589013,13.03114943360435],[78.62087528575026,12.991232613931334],[78.65680583730402,12.932066218740301],[78.63336648402597,12.93172670380881],[78.59244816362985,12.78265741713409],[78.55569708098572,12.75610396187007],[78.55597162513412,12.700368830616997],[78.53495594475318,12.691071969477255],[78.54414909677027,12.710877120245405],[78.49301996847065,12.747019288092687],[78.51990525284064,12.712066844112378],[78.50299302218178,12.716692955768291],[78.49938234243321,12.67590855005667],[78.46796753546685,12.67577197906353],[78.46485293870302,12.62403931943629],[78.37924046290485,12.625024801758626],[78.27207971237382,12.704663883333524],[78.23763172885948,12.685750433274055],[78.19926166767895,12.69535471164111],[78.24093394798977,12.729934859706526],[78.25212472200413,12.860544816639361],[78.31237307236479,12.85851090494308],[78.35402393155763,12.939679101871306],[78.38862323215824,12.906849430935448],[78.44550725373473,12.911786289137806],[78.46469778942563,12.866753600994688],[78.46662409270441,12.905399526536328],[78.41109126575745,12.945258860569817],[78.43523590942056,12.98098716273175],[78.46738632789811,12.97496070704974],[78.46212588045975,13.043203935108728],[78.51418189002985,13.06184428244404],[78.50940132450793,13.091484049935863],[78.53843708703477,13.105718584782837],[78.51697665490886,13.131579124463896],[78.57969742882334,13.167349184411218],[78.54999320690627,13.200169481857227],[78.57863529795469,13.21297972931738],[78.58729860013509,13.28062989002834],[78.56548409884684,13.311991062243685],[78.53168376239638,13.267039049441292],[78.47924689935255,13.301279555084289],[78.48333687992823,13.321160267127832],[78.44415509897821,13.308103062405687],[78.44032017718311,13.328419441919861],[78.40103943120026,13.315460225465985],[78.37708351325351,13.331962112985936],[78.40861915162786,13.342873581834956],[78.365013271303,13.361790299492867],[78.40141625429708,13.587886651168718],[78.25942891915723,13.582488052224669],[78.23598701702977,13.599264021056378],[78.19292904187648,13.564846656394112],[78.20413801543398,13.62841557750693],[78.16816529016889,13.632846387318361],[78.16752014359929,13.655819722928394],[78.08705045056949,13.643062411131993],[78.065658946855,13.676137089553647],[78.06901892317782,13.697804925587244],[78.11316276448817,13.692730908999128],[78.12074293835512,13.71561346435975],[78.09146699790722,13.74227286089595],[78.1265674258188,13.787108727398842],[78.11466326871599,13.862894827451953],[78.08185189352871,13.861237020313556],[78.04881185271154,13.89608893656065],[78.0460305057249,13.862086273749082],[78.00039181304139,13.87287223020396],[77.95284457654657,13.827422246639458],[77.94902527497963,13.886447441602627],[77.98453448834478,13.897399147391456],[77.98747359485778,13.95549587722352],[77.96737885736,13.960154654140084],[77.92663047201806,13.905340078815012],[77.89564213057427,13.941041439625003],[77.82653603253392,13.944725273990262],[77.813439605312,13.9146241221405],[77.83696108019303,13.869744096621067],[77.78221457865656,13.844082087516854],[77.78153341290974,13.818336237712327],[77.71925371731554,13.80027760767668],[77.71735917488213,13.741204045428036],[77.70319718414379,13.76979955540247],[77.67176932892838,13.760475718581326],[77.68002307601301,13.78678113852729],[77.65133561182756,13.78410572827684],[77.61763708747363,13.762680900641437],[77.64182214815621,13.747836554340065],[77.63058236781606,13.735955893656561],[77.59991650043123,13.750764502225286],[77.56087176308782,13.722344557695887],[77.52540675919585,13.75327814504126],[77.52828005902585,13.693017150520348],[77.4849834761941,13.714789593311343],[77.49196928484587,13.689804634323163],[77.45525029695057,13.682260928372541],[77.46453620913896,13.806084190258277],[77.42253262958944,13.799092717325971],[77.43246605805346,13.84322442446846],[77.36229290982405,13.85420514524166],[77.32532744953691,13.833247654490393],[77.31148086343806,13.866563779356456],[77.25664085716825,13.84653349065157],[77.23556928658297,13.90414782156632],[77.20037742898135,13.863049308209321],[77.18139779076795,13.869829708732265],[77.18471530254334,13.92508979861294],[77.1618817045782,13.906637674582377],[77.16852658327977,13.864503297979695],[77.12814558889907,13.856471867921694],[77.16863103103138,13.829632298405096],[77.17299685610962,13.762022524560171],[77.09038790398205,13.767154296179962],[77.08556969837977,13.74260035334085],[77.06455832478227,13.743897433743241],[77.02442118969226,13.77921736841431],[77.01636259371143,13.7384899957728],[76.99844786682851,13.745589480339966],[76.97796737911861,13.82688283494051],[77.02297691526032,13.902610659335478],[77.04711841465064,13.906569745324365],[77.04160518909494,13.933448160757575],[76.99371458603561,13.962579939337601],[76.99944191445272,13.990354566243735],[76.93114023738464,14.030212355139657],[76.93233523080055,14.053941703117596],[76.9775116537686,14.07122572499619],[76.92493321974464,14.137125536096852],[76.88593243026165,14.138208482148237],[76.89448708939628,14.167828830832859],[76.94221774621208,14.173336391260207],[76.9475194616132,14.198191905971859],[77.023281992149,14.176702792612565],[77.02763420844714,14.061761596618737],[77.12735216994848,14.047027686838117],[77.14917204182866,14.001175918696372],[77.32218026983521,14.030004367747493],[77.36098700867552,13.990835428672352],[77.34943627204787,13.958149513752563],[77.37122064169148,13.952750708518863],[77.34780192005434,13.91595445551654],[77.39788294041317,13.906192542955205],[77.39868963593446,13.888134417036433],[77.43498890680951,13.915014391253143],[77.41203390018356,13.94556700885671],[77.43531195290215,13.947522610114587],[77.43782998515205,13.97552935409385],[77.38159184835814,13.976242469713194],[77.39009820679047,14.016647280950371],[77.33225239682375,14.030697815653898],[77.40087181584266,14.118720843857497],[77.3474177145946,14.103644836281886],[77.35166646017323,14.131113551266223],[77.37889534726216,14.135850148199992],[77.39367164091506,14.174253523618635],[77.5034580071552,14.157124240878169],[77.51702448061258,14.184408429471773],[77.49823588911283,14.278854648746776],[77.450234277903,14.280714019482934],[77.44617696751445,14.31747383136635],[77.4064003080145,14.337755335896585],[77.3769799283142,14.307538593660544],[77.4176463975602,14.225850349843606],[77.39254819647341,14.198851484443773],[77.35943959775899,14.234015455136461],[77.36377507141677,14.275836065391413],[77.28349157801787,14.28274683238495],[77.28646481526624,14.340109162487956],[77.23815601394347,14.317371108623405],[77.13885989912126,14.339984317917306],[77.1007582659769,14.217151489438752],[77.05241723788005,14.245517538932742],[76.94001002772956,14.244623967320997],[76.92488143724829,14.273762680402829],[76.95667955802776,14.294362715254195],[76.88471305075552,14.347553173446471],[76.88477497716654,14.395726212733468],[76.91578737505347,14.42070941743071],[76.9427856435908,14.399734661122006],[76.94476411999617,14.45082419523577],[76.97477306528778,14.485346134369587],[76.86792022288296,14.47405610713319],[76.76499456682292,14.602250179393712],[76.80290753403064,14.741902913252494],[76.78265157707168,14.78595707010505],[76.85389656420621,14.80943592066935],[76.84544612081372,14.889311847241897],[76.86958905553446,14.937727371765101],[76.86737875291826,14.969838926285933],[76.8284715049112,14.956475359551163],[76.7665071278378,14.975635995586204],[76.79009948518065,15.020733446752843],[76.77671475552334,15.078380237960124],[76.80017136231474,15.095835236733036],[76.83598621817686,15.079252274138819],[76.8771320885376,15.030224670540468],[76.98519118805403,15.015203897474171],[77.0495317964636,15.033089840736306],[77.04411178125186,15.009845104419428],[77.08237641033448,15.006093289148266],[77.15627535929619,15.122939839806591],[77.13537662823929,15.149760065708374],[77.16904984034106,15.171356901613784],[77.14762943576112,15.223921427460395],[77.1250933818386,15.226951731031575],[77.16690479257335,15.268595786786834],[77.11834950269767,15.29486304196369],[77.11301802763397,15.333689561436564],[77.06372216291781,15.32802167667179],[77.03198597534193,15.435570258466415],[76.9738149578361,15.499541476218846],[77.03001824240387,15.502661793808842],[77.03041335293416,15.634506468594118],[77.08317085767139,15.659158168881865],[77.1213875648162,15.63109935627672],[77.12886081817344,15.665877636590125],[77.04592783484512,15.74036936441654],[77.06518927602919,15.828206945956255],[77.02519117554075,15.837508401761339],[77.07243080031297,15.91027382892304],[77.2488536797336,15.964564895850154],[77.80341072062309,15.874158671004015],[77.88797881194373,15.906083986926074],[78.00886309752161,15.861753782788961],[78.0318895690263,15.907346116733441],[78.08355456173396,15.840922800230295],[78.13395763045085,15.836281426989373],[78.13553611298168,15.85470442033226],[78.17534382328638,15.858075264687312],[78.18442925462222,15.90981721592457],[78.25161714250181,15.935224717832096],[78.26086351078743,16.02581702801886],[78.31226163026463,16.011509622973257],[78.40789199454801,16.074809214483558],[78.55176090093586,16.042801772348547],[78.62723763511507,16.087629805176118],[78.73559370039789,16.008177576890635],[78.78322298659795,16.020330943241614],[78.83777690689764,16.071938274587225],[78.83393233721465,16.144558101529565],[78.87239336653698,16.143730892569874],[78.89559784234977,16.085582052000923],[78.92210510199932,16.105098981684886],[78.9052614194112,16.18339488903028],[79.00940507242586,16.240149693214207],[79.15716197763071,16.20927642045674],[79.2152217673948,16.225835612966332],[79.23429009751176,16.333945492862732],[79.2102015590079,16.35823028853919],[79.21156453551481,16.447387614106486],[79.23334445839028,16.459314148541132],[79.21483001788877,16.487908787852593],[79.25683795722651,16.565818557090786],[79.41859205383524,16.58023903136855],[79.44717344397694,16.619712763969606],[79.72289412188837,16.69027652934762],[79.77399084984444,16.730775237693063],[79.81726220238062,16.691866991036825],[79.87752867988517,16.697298192908892],[79.9101061311677,16.633917552272898],[79.96307004687122,16.643532716434713],[80.05495528204513,16.744646289711895],[80.07060194458336,16.8016922773115],[80.0468438163171,16.853342327506855],[79.99876148261679,16.865214053502026],[80.01738367594875,16.914974788427198],[80.04040474772536,16.918082854255083],[80.05544211652928,16.97142170708624],[80.14023684998918,16.99059227231258],[80.1963800498664,17.043931828889907],[80.21142960701141,17.010273473764496],[80.2935907920893,16.996332370208535],[80.32167966924462,16.879794820362278],[80.374065606315,16.85239445350797],[80.38053168501284,16.81737617208109],[80.40779586881489,16.84822878683508],[80.378494390322,16.851885812576413],[80.38315424018411,16.865314767410016],[80.46424021809844,16.819977757731586],[80.4644549276407,16.795448656800648],[80.5702408012675,16.76800901778883],[80.61292554264634,16.793601301756745],[80.56287699432251,16.832896080208616],[80.60194160744095,16.91858970521311],[80.534601046428,16.96135599647612],[80.49922903021863,16.9563346174118],[80.49345056777615,16.927447524789475],[80.36341308315244,16.97606430291976],[80.40703486304425,17.01579603691092],[80.38573322821775,17.067926908754444],[80.40929832615825,17.09169371259451],[80.46485931121877,17.030023781449767],[80.50543716103716,17.068567011933332],[80.51387536071792,17.121756753439463],[80.57994159316348,17.152988290677154],[80.67052137489098,17.101084655385726],[80.65381076213127,17.06861151301427],[80.73897296218944,17.079557157582776],[80.84530945288299,17.03996715519519],[80.87712320974339,17.07029798860464],[80.87943805395267,17.160830095172194],[80.92396861288702,17.15781237672499],[80.91887727419095,17.219737291634768],[81.03120995210787,17.190332338786813],[81.05460934366394,17.22487420255959],[81.17397725941417,17.230336982544735],[81.19041049621993,17.32481410816807],[81.2740288423568,17.317192698807396],[81.32263567368776,17.374565096162666],[81.31238226313168,17.408723801789268],[81.14825367617863,17.46365328549561],[81.15964293008089,17.484336284768972],[81.12727966462997,17.52642293921611],[81.09756318612193,17.504255901800263],[81.01989579710803,17.520034334817623],[80.97388618026669,17.591662138067935],[80.92166999932027,17.575220000131313],[80.86436999952927,17.598970000058873],[80.85343000018072,17.628080001440445],[80.90159927537252,17.63997231519248],[80.87667391044702,17.65501976115098],[80.88554632335851,17.735677954596937],[80.97342181697762,17.78012216033138],[80.99131796903654,17.749917130017604],[81.05816501269297,17.733085766705628],[81.10420590997636,17.77197292542335],[81.09396460943961,17.809275437206722],[81.16605727867645,17.857551181364414],[81.26535766398142,17.81108276562603],[81.39324003640145,17.79461814167753],[81.39758603788714,17.820991663427105],[81.47614675509182,17.83838470642302],[81.4923541843145,17.812673701761863],[81.57441144974914,17.838707260309103],[81.6171600750431,17.823080899972684],[81.67156912623325,17.8880120406446],[81.70089964975985,17.9027875218981],[81.7258013350629,17.878998452259975],[81.80832049218249,17.956457888299628],[81.96231774564173,18.001003721945754],[82.03090782517846,18.070027786242584],[82.16685933358683,18.052678003490215],[82.18577703885272,18.015885310049136],[82.26450459389791,17.995572083575226],[82.25995089677707,18.042428516967885],[82.28967668477873,18.069511482657436],[82.30652033357273,18.045587557500138],[82.33926170762632,18.055662559477735],[82.33812596893077,18.15051034286524],[82.37062198086005,18.148876640045007],[82.30921230383021,18.20477056760767],[82.335280701902,18.22494284640252],[82.34295492581643,18.28113810696938],[82.39063755882135,18.298718064612427],[82.38722841654335,18.329182686123765],[82.33654915979635,18.327361227027144],[82.38376128109459,18.368045919099806],[82.36262582010032,18.422137469976345],[82.48125604753753,18.54941294547549],[82.53213126538142,18.51094545872832],[82.5194685209004,18.46554852031401],[82.56137769812518,18.448451133341724],[82.53553762575405,18.4061485959071],[82.62119017749737,18.35967617354578],[82.57963406398557,18.316012724533422],[82.59693598964023,18.304858347986947],[82.58611570457094,18.276754299057174],[82.63606437749783,18.237320648138606],[82.6409272405012,18.302670428395036],[82.7723276226405,18.340951496006763],[82.79776801314547,18.40738477224397],[82.78050256232743,18.431406397597897],[82.80171589083301,18.450002980374325],[82.89494111666261,18.424024011881684],[82.89424584686432,18.381474038156668],[82.93818087329015,18.36148679391751],[83.01965797915825,18.392263237868203],[83.05293243596815,18.380789486782586],[83.07536258259405,18.40396663031904],[83.06545990429966,18.430977085562837],[83.0407835081652,18.425176712900903],[83.01910838149738,18.45713177367288],[83.09317936533216,18.547551629086446],[83.0433642491463,18.545162987523078],[83.02801876250435,18.574402498494656],[83.05096912514261,18.600125192080988],[82.9990393226345,18.60855290018304],[83.01129148196779,18.64684082260827],[83.05614836292634,18.66622225203562],[83.13717756413992,18.786239942715497],[83.21058144433663,18.731476386845635],[83.22274916396455,18.77595986703643],[83.26939808444881,18.765375990299155],[83.28268696582906,18.79870058978443],[83.40409547453498,18.843383776744396],[83.41284931966582,18.874422164061155],[83.3524793599433,18.943430534439845],[83.38740487811356,18.932852712820104],[83.35158659149175,18.967073252429326],[83.33424550723996,18.925322134777893],[83.31032992225981,18.995645831960047],[83.35616844486309,19.020243760881037]],[[82.22961278015582,16.76236078635242],[82.18691336275897,16.72832632515987],[82.26128287870547,16.701915058431783],[82.31061608075255,16.735037266814977],[82.30150038869915,16.755181106334316],[82.28850566851956,16.734907333381745],[82.2282382265479,16.730397476815757],[82.22961278015582,16.76236078635242]],[[84.33952177819559,18.778442387424935],[84.33903706833664,18.789691983110973],[84.32943284377865,18.78694961374811],[84.33952177819559,18.778442387424935]],[[84.35343552461316,18.789643799675613],[84.35027185718994,18.787323181234704],[84.35187393172889,18.785521793538415],[84.35343552461316,18.789643799675613]]]}},{"type":"Feature","properties":{"state_name":"Arunanchal Pradesh"},"geometry":{"type":"Polygon","coordinates":[[[96.06731613745679,29.465947313624124],[96.2354846017977,29.241891998927905],[96.2895672223587,29.244634181013797],[96.35430451842096,29.29205331541628],[96.38083135029956,29.254607533197852],[96.34201237375703,29.178382369829084],[96.24495311652744,29.16576349694474],[96.17359182091381,29.099217507483882],[96.10205941662515,29.078994947285487],[96.14093220428927,29.058280070844475],[96.17147461988688,28.999191279402325],[96.13489786523445,28.935233043025537],[96.16087188514125,28.89783415664326],[96.32690615634272,29.02801835780907],[96.51358479660426,29.07395831154659],[96.4646736029373,28.983135330558063],[96.48122222832788,28.958515723896127],[96.50938421199275,28.966365329755387],[96.52608511684804,28.882460508120726],[96.60898542516442,28.779832305923968],[96.57930701251873,28.711589837120975],[96.46690125980773,28.675184357064584],[96.48735636062592,28.638908706592296],[96.47447068580438,28.62178208961127],[96.40202919543003,28.58094550928682],[96.40001364954256,28.559277184334793],[96.34475466383611,28.55400760815902],[96.31857799419198,28.52596151907331],[96.36208100728552,28.480343878850988],[96.25338940594139,28.4070403722847],[96.31667737450546,28.377567696063753],[96.36258106500603,28.386356722627593],[96.39547785071898,28.335916705482777],[96.4571277574078,28.413815671579734],[96.6411360468765,28.457785324973635],[96.74084618076095,28.413813015833764],[96.77028998713963,28.36702864769282],[96.88967062763321,28.378485620875647],[96.98761189150304,28.303325287645958],[97.1056941411569,28.346958371392578],[97.17110345308292,28.28566898654548],[97.29526129607018,28.26187763160218],[97.40104241179608,28.192250112504855],[97.36384640633672,28.189089454815047],[97.32790054422307,28.150209832091672],[97.34724292982695,28.110487091494946],[97.3104320799901,28.074516574326545],[97.32577652236095,28.05269839544116],[97.38094594655287,28.059273310342828],[97.3756826008278,28.040156116999118],[97.4128965141613,28.014836541441362],[97.3729795527131,27.968028881473924],[97.37359001678064,27.880177072665163],[97.30899593868381,27.914991128683],[97.24902118860811,27.899297119007702],[97.09384709049006,27.740088464786886],[97.03616235513017,27.74238705052936],[96.98305687300869,27.664282153408518],[96.94172480803701,27.660740695915056],[96.89674609319836,27.609260982563846],[96.92982282294602,27.52418227458644],[96.90346562035013,27.45227990052603],[97.16385422358519,27.142239811842405],[97.13851800920868,27.09104666993111],[97.10034507414808,27.10835863282339],[97.06343882175803,27.091454845441657],[96.9848323459285,27.15429846165687],[96.87441286232425,27.180682462592046],[96.85476671617234,27.21024353354907],[96.88523367308096,27.226467600815802],[96.88491003998963,27.259444551592516],[96.84704711690145,27.271098077569313],[96.79646809041952,27.345742933961226],[96.70488533957455,27.37204041072819],[96.60530908215597,27.36554896653439],[96.59571910145331,27.33386687791847],[96.52385143465932,27.286545891877466],[96.4406450150782,27.30633123203552],[96.22782062442174,27.278623872614364],[96.02296144004333,27.180081741694025],[95.9459561649169,27.051647811997835],[95.87007918705211,27.012702855500603],[95.80203048889551,27.014500651382615],[95.72414101570794,26.882204794163833],[95.6669978186026,26.902862264935706],[95.60848871650822,26.812858825800678],[95.54312732863461,26.835375976223123],[95.50740093188092,26.80879979251881],[95.48275926492451,26.747053401470474],[95.43138003329945,26.700698098321805],[95.30395971716915,26.651008932709747],[95.25866393189033,26.65575283545719],[95.21252421274129,26.729432932263865],[95.2413503977688,26.781451254850644],[95.2116203634225,26.79259038037366],[95.20518805033946,26.84501832118021],[95.1811430333405,26.859202886008045],[95.23048054736702,26.885154034962078],[95.19204327883774,26.98453418989937],[95.19297658998867,27.0358537386005],[95.23222939331197,27.04275341626656],[95.24651823649107,27.02386694042426],[95.35476490914964,27.103909887439904],[95.37468600159742,27.092686033516085],[95.45327315870281,27.12943423167743],[95.45757852588032,27.20878319002229],[95.50917374516501,27.26203748582375],[95.58747206700015,27.22297705316226],[95.80089564002542,27.284258636426948],[95.85939245058346,27.287121620048726],[95.89243147620758,27.25528408326468],[95.8972134526958,27.28216372263162],[96.01775393222086,27.36491912054334],[95.94130967821864,27.43729247406396],[95.90797596324981,27.434348952460706],[95.88577183332755,27.39816624373489],[95.88321609917872,27.43531830137307],[95.86014344493069,27.408014047766066],[95.84450664595653,27.421584483863803],[95.88685417268852,27.49717659960989],[95.87664896466875,27.54428313414541],[95.79064353111211,27.599648055545575],[95.79574965114136,27.64172207492998],[95.77043303390712,27.657702790303606],[95.79046270479039,27.680033364840313],[95.75226271422733,27.720918081146106],[95.83778059215248,27.823991110011715],[95.92508817185002,27.88167801025978],[95.9712872740798,27.9627196230594],[95.60536678711688,27.954628774541625],[95.5201323277829,27.881238053274597],[95.3795771213759,27.839178931514084],[95.30876058244839,27.868010780654306],[94.92232546314818,27.74992261455278],[94.75430705013932,27.660548343715835],[94.68796158881344,27.665155618831786],[94.68267757093619,27.64589377226696],[94.46173180475422,27.555242436865615],[94.43168210649844,27.600332898568027],[94.3640118977066,27.574350134294168],[94.29826006331587,27.60193233575602],[94.2775198607678,27.589383726565252],[94.26173923430616,27.635826649313202],[94.23756447091382,27.632679887803807],[94.20950730298618,27.60508327753056],[94.26814863782407,27.520928423921816],[94.15666608743032,27.474857510405386],[94.05981417367256,27.361537147442398],[93.99125470834797,27.328346488621126],[93.80599503410762,27.148760241219588],[93.8292265553049,27.06681381917172],[93.77087090477889,27.06203581872903],[93.66505698339272,26.968506155373426],[93.48910216621846,26.936176835537566],[93.32410188659641,26.96007920760497],[93.02176550033694,26.913436783984757],[92.88660891649268,26.999745395531733],[92.6724775248364,27.031649104137838],[92.64479910148953,26.986663263201198],[92.58334239853585,26.95954060103804],[92.44746824452803,26.9588118222888],[92.39832962618392,26.924690656262136],[92.12001854651804,26.888983723869202],[92.11811391655009,26.974372924966318],[92.08174568558782,27.04081557008289],[92.04412406982041,27.051362379125752],[92.02316606020607,27.109653239901974],[92.0267218710831,27.16827896036774],[92.07257127005919,27.23310597827975],[92.03800245197729,27.25842199490567],[92.12497536642576,27.282018260477084],[92.0645838214853,27.326979371168694],[92.01937101157671,27.478050530272174],[91.94364438200671,27.459736307286178],[91.84860474632534,27.486456291359787],[91.76697175945046,27.464755439700994],[91.71462317907888,27.474539348180155],[91.69505915627695,27.50532766633093],[91.65245214439123,27.483041274191198],[91.56631485638756,27.583060350594426],[91.58437425227255,27.608222539299092],[91.56406937858324,27.641402871645468],[91.6285476848965,27.699426998058968],[91.64540461176244,27.76337673556211],[91.61464458591755,27.821850010777972],[91.56597693948967,27.818614697017576],[91.55359236846628,27.851360369492085],[91.57553729824981,27.864293343169066],[91.66317784122566,27.852953237333235],[91.70983112197057,27.807973329135145],[91.8206756650306,27.815961004012298],[91.86218545597126,27.739689767509798],[91.92770463859442,27.722594229883725],[91.99352554453387,27.771182326010674],[92.0514279222128,27.763932939257348],[92.21866064266516,27.869514902180526],[92.2775401505978,27.869092548803987],[92.3127733201992,27.788488549944887],[92.38510007013122,27.800629717692598],[92.4162955776448,27.830554671020295],[92.45626967220069,27.81411983763745],[92.50335717738477,27.853950617883932],[92.55621080912658,27.824364230467058],[92.74243231916336,27.992586965943374],[92.66653978398159,28.063753085723654],[92.68794854502713,28.127397964866695],[92.81476538358861,28.211043155087427],[92.83609885306814,28.179097132696043],[92.96270561438963,28.258557301891873],[92.99729842284795,28.229427663846106],[93.02826955123827,28.268694272629762],[93.02234264665864,28.3103858179827],[93.21795753068719,28.326081333096017],[93.22422235194387,28.405498876098083],[93.18045103974896,28.434875105145526],[93.27773551173414,28.501309105528517],[93.33336333527947,28.639083855124323],[93.4459733319803,28.674722214756006],[93.47049553471705,28.652653497435992],[93.49614673862891,28.685966642027473],[93.52241007422181,28.659071286094044],[93.61944740951303,28.6533879684201],[93.73987674713194,28.684553166870288],[93.78414477749426,28.663364770129192],[93.85060106531704,28.70703601525886],[93.93562864697084,28.666105799366765],[94.01030081366318,28.772785817109376],[93.98670429295171,28.803755463250965],[94.00724331341816,28.840699639823264],[94.16445814599392,28.9574567264561],[94.22410190331985,29.087829588842283],[94.29365496048182,29.145352744776513],[94.36249076876211,29.152604682311875],[94.37487728636101,29.184952787222834],[94.43812228937317,29.223193496633918],[94.55071098264587,29.220750760578174],[94.63097645624346,29.341236414918015],[94.74130213240188,29.274736899537697],[94.79300858584507,29.21529829223392],[94.80412874574435,29.162405322291512],[94.87866855779271,29.175025221064963],[95.02244648065867,29.133942680055743],[94.97528041231648,29.156543245118517],[94.99276775368502,29.17076401683041],[95.10637501326386,29.11890537578769],[95.24172055611943,29.110615034709326],[95.2600704108343,29.05407535251812],[95.41065362369932,29.03051613704423],[95.46645443091927,29.06645589921111],[95.48098983356367,29.14307413171744],[95.53071713688917,29.130485188259534],[95.52693259968316,29.2156565288791],[95.57220226980749,29.22280630160271],[95.58302965171444,29.260614485916555],[95.61926347813414,29.249698548286588],[95.65983389629993,29.271568345627536],[95.77688063123202,29.361652365769295],[95.78212686321997,29.341388009919754],[95.861746176339,29.395118328927023],[95.94180875017553,29.387651264593675],[96.06731613745679,29.465947313624124]]]}},{"type":"Feature","properties":{"state_name":"Assam"},"geometry":{"type":"Polygon","coordinates":[[[95.96985663908666,27.959648003173175],[95.92508817185002,27.88167801025978],[95.83778059215248,27.823991110011715],[95.75226271422733,27.720918081146106],[95.79046270479039,27.680033364840313],[95.77043303390712,27.657702790303606],[95.79574965114136,27.64172207492998],[95.79064353111211,27.599648055545575],[95.87664896466875,27.54428313414541],[95.88685417268852,27.49717659960989],[95.84450664595653,27.421584483863803],[95.86014344493069,27.408014047766066],[95.88321609917872,27.43531830137307],[95.88577183332755,27.39816624373489],[95.90797596324981,27.434348952460706],[95.94130967821864,27.43729247406396],[96.01775393222086,27.36491912054334],[95.8972134526958,27.28216372263162],[95.89243147620758,27.25528408326468],[95.85939245058346,27.287121620048726],[95.80089564002542,27.284258636426948],[95.58747206700015,27.22297705316226],[95.50917374516501,27.26203748582375],[95.45757852588032,27.20878319002229],[95.45327315870281,27.12943423167743],[95.37468600159742,27.092686033516085],[95.35476490914964,27.103909887439904],[95.24651823649107,27.02386694042426],[95.23222939331197,27.04275341626656],[95.19297658998867,27.0358537386005],[95.01676405128143,26.921062927042662],[94.98261821828497,26.91299824704729],[94.92349123319461,26.94636575616843],[94.87358731292512,26.917516236907264],[94.75832868521617,26.766005747282065],[94.74018464134498,26.77598326234383],[94.6923452258011,26.731930631466522],[94.6203017491264,26.712122406466072],[94.5970714640595,26.734552654337826],[94.59385906396317,26.697232710102313],[94.56649402623962,26.683558141145497],[94.53926424074051,26.706184924901276],[94.46028390126199,26.66163013032753],[94.46549491928772,26.633060969997217],[94.40292176914649,26.61056803782331],[94.40087598205083,26.534152577725983],[94.31662227032898,26.45832370676199],[94.28983794111136,26.479626978746495],[94.28474462504474,26.561090126253976],[94.25633679101344,26.541223416042108],[94.17173381299183,26.429784953574963],[94.17452761144799,26.34047131470703],[94.10503202352224,26.319909494387794],[94.00107849560447,26.172267427886112],[93.98738784047194,26.06678636123448],[93.95300075594677,26.0029659395127],[93.97869537504894,25.91672929635365],[93.881801753743,25.843349384488615],[93.83970250981913,25.856609990042113],[93.79547429140503,25.80892780169392],[93.77753575821392,25.849811861797342],[93.79567399093658,25.906509400827904],[93.77718934930924,25.968239160639385],[93.76544974900307,25.969751732680283],[93.7513132606701,25.932808774951344],[93.6815292394598,25.904386427421134],[93.7143218564672,25.844513276633716],[93.64599244199694,25.822216212610996],[93.61742089198184,25.77598830335048],[93.54245085607903,25.730939824212964],[93.54116770128074,25.698844518969132],[93.49655264658043,25.65453356636452],[93.42653190057094,25.631948041769167],[93.32668669997216,25.545923303155817],[93.39027379506834,25.46054392966972],[93.45819314436562,25.430984137792162],[93.47368266814934,25.379974895087514],[93.44851342416914,25.340252133209745],[93.47040521400943,25.305041165367058],[93.38114006862408,25.239616578945284],[93.33216256219809,25.093238880187062],[93.29995724734495,25.046039354516807],[93.2642049481038,25.04936186579822],[93.2438827935604,25.01828608119067],[93.26300557621,24.96133579695534],[93.22646475606712,24.87294727750785],[93.19482668471498,24.853849301295245],[93.19680546173646,24.811142289423653],[93.14946257396504,24.787373868101724],[93.10942868109643,24.81147501187008],[93.10776046512818,24.741441483945493],[93.0735468392282,24.707805708261326],[93.10415430015205,24.674156677704797],[93.07115128101157,24.600642291408125],[93.10436159641228,24.582382014933916],[93.05823242211454,24.573947849059838],[93.07080901380563,24.558047522770707],[93.03255519642285,24.495297437088954],[93.04164133194155,24.413010105759383],[92.95928118024747,24.39189858018905],[92.90942667549835,24.412852655801462],[92.90287968802632,24.39106592442129],[92.86094137738593,24.398498890585284],[92.82959502005575,24.373592716086733],[92.76280481648867,24.521023291078475],[92.68502089308386,24.346921512543524],[92.62477012170942,24.33407530078444],[92.61230321593945,24.253467629405606],[92.55089605814283,24.24722231580456],[92.53406685466513,24.17999079598663],[92.46547643158624,24.1362658516822],[92.4191669354366,24.191938784885153],[92.42250218222037,24.254855068255203],[92.21287240337303,24.249926838079908],[92.27408991745533,24.38831741189963],[92.2129364920615,24.50401181061892],[92.25443301162568,24.67803331245687],[92.29599230141663,24.736452617932976],[92.23287316797354,24.900146090574225],[92.29942532332399,24.915720938855774],[92.40009590847804,24.84865066964723],[92.48791441633705,24.871303988340685],[92.48749603333087,24.94694886868938],[92.44902200920951,24.93895258460232],[92.46817897591842,24.963024128464994],[92.42033351068547,24.9659461648014],[92.41635053452872,24.989983722031944],[92.43827786694438,25.043869417628574],[92.46429518389488,25.03752565653682],[92.48062940647002,25.10830872057733],[92.5392802335177,25.098964005215237],[92.52244996786122,25.139219109850714],[92.6214327559562,25.115026384447713],[92.66347524355515,25.17666786990389],[92.8029146654295,25.216172576652067],[92.7618879490558,25.246528441970675],[92.7923019258886,25.28206795206913],[92.78693209704907,25.314373403886464],[92.73789997309221,25.379398488401094],[92.66164420380056,25.40635460984979],[92.65362009290405,25.433523478508935],[92.60663102330976,25.41323246583935],[92.59861312492512,25.468138397410716],[92.56466551434283,25.465483571614797],[92.64278723959676,25.534799998345914],[92.65299126645512,25.590928115883464],[92.57249149801534,25.5573506122365],[92.55409764284387,25.61484872633995],[92.50558981661489,25.61635868533083],[92.44064833713692,25.691601331804222],[92.44421391282621,25.71976753495668],[92.3843180360589,25.754462803707508],[92.3335103554764,25.72411585748678],[92.22503433690324,25.71608960400532],[92.1560676682698,25.672262483810037],[92.15109996939258,25.81663880703818],[92.22556189741923,25.909168655069838],[92.1547391661949,25.910992477627666],[92.15243649562518,25.94431864043576],[92.26346548662879,26.033129721419304],[92.27478320909928,26.06569497484343],[92.1692747396265,26.077595348045715],[92.13260423452964,26.04425071635975],[91.98917608848103,26.038520637577214],[91.91898439626817,25.997832473707735],[91.86743848063104,26.04170191299479],[91.87906903577952,26.09803933139467],[91.82540416972991,26.1194029735677],[91.73106116185039,26.058926738413376],[91.72006522678532,25.95357625792945],[91.67056854002587,25.90417559319085],[91.60952735124874,25.93747091519236],[91.64067552075025,25.963606810659652],[91.63089560598021,26.022183716756984],[91.57984128750842,26.033247804481526],[91.50332832258634,25.9136722260548],[91.53695468997779,25.93121191725727],[91.47480885303598,25.874021113409146],[91.51313774966754,25.865712995725765],[91.52658590812825,25.891073658662517],[91.53043365001263,25.871253983638397],[91.4451857881604,25.83977381416028],[91.33535490277882,25.840544227456558],[91.2745382199324,25.750447490996198],[91.22245406761304,25.72256326176803],[91.17826214290014,25.777351633142384],[91.19574724601019,25.861108931967244],[91.06213022241049,25.820781582422246],[91.04888433939158,25.82927284645144],[91.07843289726256,25.85280406038193],[91.04821959520358,25.849203242459993],[91.006014599657,25.820383328344487],[91.03043894157247,25.885889271976264],[90.96885495900928,25.88521925782019],[90.94743452704591,25.948091944960982],[90.91733641640936,25.944407682307517],[90.91683638930013,25.91405637379085],[90.88445377258597,25.95031714002543],[90.83595707794187,25.93663718128643],[90.80905408156042,25.95243731973276],[90.76637681021587,25.907640587879147],[90.73897655517902,25.9161583505317],[90.74797734514071,25.956732784870574],[90.7175875148345,25.95494102631695],[90.62186617332338,25.89783641032937],[90.60626618728203,25.91661703067279],[90.62412418196735,25.939175481501177],[90.58787140798252,25.958070862858282],[90.51498002717764,25.89610130871105],[90.53500440391444,25.949588216079892],[90.47611015402714,26.009575256243572],[90.42518767841773,25.988838895228685],[90.37217678172819,26.01126551900071],[90.32477624916945,25.973395660158218],[90.18690913004285,25.944104793543477],[90.15097363955489,25.966649423884927],[90.04244200853351,25.887651944911894],[90.01934262521718,25.8920365146017],[90.00358571350729,25.839235478851162],[89.94826495433024,25.825449786677176],[89.95935140637712,25.779930206688697],[89.93757747738049,25.745425770270085],[89.89473928370633,25.744968624313646],[89.95045252216256,25.65560359638834],[90.02025032957326,25.607487025049707],[89.87836220699572,25.550334111353877],[89.88587846855359,25.507812336884545],[89.85163549724821,25.46753668578976],[89.88179110638792,25.62585789255036],[89.82849810518458,25.727890824574278],[89.84027136218077,25.767102611055428],[89.81659057858501,25.814719281989536],[89.88707699645403,25.945201554859064],[89.82550810980477,25.945514824680274],[89.87099834089801,25.980794160145983],[89.83584123517439,26.012596727618437],[89.8359414624926,25.982424195113197],[89.8202720841524,25.987641280853907],[89.80691999784895,26.04419941061728],[89.79772108923984,26.024515885160334],[89.79148385704822,26.01810141000456],[89.78803836656459,26.019206600279595],[89.80185322472103,26.04032773604102],[89.77365402339254,26.037637089684495],[89.79491934621585,26.08732770554556],[89.7560643512742,26.109583401730568],[89.74765904334613,26.157371049199877],[89.7204875555533,26.156296252298503],[89.73311775372188,26.176721641546365],[89.70987394694481,26.171767415504302],[89.69865778761407,26.19067145220584],[89.73407535105765,26.20986041809319],[89.72568982021043,26.217478695080978],[89.70941555145012,26.211393164899487],[89.70054694301851,26.217859870511347],[89.73216092712973,26.236608161069377],[89.70232791486362,26.259262392681187],[89.7383991084161,26.26972468409246],[89.7177461285692,26.295472505182182],[89.72052845567823,26.307842715209535],[89.75720760036249,26.288690648895148],[89.7505982616102,26.321317628150393],[89.78266411394691,26.332619923339227],[89.78106033191739,26.352740797328835],[89.82046166046621,26.372910854258944],[89.81118661754698,26.360328350416776],[89.82038500990105,26.352641715530154],[89.82494124621982,26.38151209666932],[89.85632258124923,26.384106755563092],[89.84630144595879,26.404663029934245],[89.8280737107689,26.394512651539927],[89.86908930738215,26.45358541437138],[89.84983349178448,26.490763146203943],[89.874251245356,26.583919083062693],[89.849606615214,26.625611271062173],[89.86291655853496,26.7370668785847],[89.96703387392118,26.72347131294967],[90.13987973635473,26.753618523579373],[90.19452293627283,26.77327133836021],[90.18770901313671,26.806898772229506],[90.23050001214553,26.858906722966353],[90.30029840192694,26.84822035812122],[90.35656265518796,26.90065505049016],[90.41705265018763,26.90450214921574],[90.54654893750792,26.81668316023154],[90.71727757318617,26.768268450607586],[91.0540604458078,26.780985435391337],[91.09761137352984,26.821981581977838],[91.3372479275425,26.780860907117816],[91.4077225280892,26.839546842287998],[91.49510696878285,26.79120586562103],[91.62563571354819,26.820840877530962],[91.68979670175695,26.80645149390959],[91.82416220763727,26.863919957468273],[91.85911185419225,26.91333883007712],[91.89173635336817,26.919062682991033],[91.98350144972967,26.85819160498989],[92.05672471981546,26.84738503745626],[92.11437768603103,26.893577928832418],[92.39832962618392,26.924690656262136],[92.44746824452803,26.9588118222888],[92.58334239853585,26.95954060103804],[92.64479910148953,26.986663263201198],[92.6724775248364,27.031649104137838],[92.88660891649268,26.999745395531733],[93.02176550033694,26.913436783984757],[93.32271557143326,26.96000978517979],[93.4706477775675,26.936597234718338],[93.58666946534463,26.9504701288797],[93.67076930679839,26.97148719329309],[93.77087090477889,27.06203581872903],[93.8292265553049,27.06681381917172],[93.80599503410762,27.148760241219588],[93.99125470834797,27.328346488621126],[94.05981417367256,27.361537147442398],[94.15666608743032,27.474857510405386],[94.26814863782407,27.520928423921816],[94.20950730298618,27.60508327753056],[94.23756447091382,27.632679887803807],[94.26173923430616,27.635826649313202],[94.2775198607678,27.589383726565252],[94.29826006331587,27.60193233575602],[94.3640118977066,27.574350134294168],[94.43168210649844,27.600332898568027],[94.46173180475422,27.555242436865615],[94.68267757093619,27.64589377226696],[94.68796158881344,27.665155618831786],[94.75430705013932,27.660548343715835],[94.92232546314818,27.74992261455278],[95.30876058244839,27.868010780654306],[95.3795771213759,27.839178931514084],[95.5201323277829,27.881238053274597],[95.60536678711688,27.954628774541625],[95.96985663908666,27.959648003173175]],[[89.78981941831206,26.341736782032896],[89.81480448875892,26.32154848516102],[89.82322125191939,26.327841763407797],[89.8068411265294,26.34900766038018],[89.78981941831206,26.341736782032896]]]}},{"type":"Feature","properties":{"state_name":"Bihar"},"geometry":{"type":"MultiPolygon","coordinates":[[[[84.5222801848047,24.267079769391888],[84.50306848279541,24.26200672375757],[84.50914837945942,24.283167111957116],[84.5222801848047,24.267079769391888]]],[[[84.10870893689291,27.52177747445656],[84.15137255233236,27.516672949971944],[84.14912963115783,27.48590832922995],[84.2054249700629,27.470427082252222],[84.20892742611571,27.44260014756582],[84.25426095582506,27.454049754376975],[84.2923824738987,27.38481155215116],[84.62189321951236,27.336927334144384],[84.69114438091806,27.214821970974636],[84.67449035250662,27.095905735550243],[84.64339421088978,27.046144470311333],[84.79356053270104,26.99583822306748],[84.82540156333704,27.020913247883502],[84.89157572599252,26.969675147807738],[84.96257975963992,26.96052650286325],[84.9681522192009,26.91607997935944],[85.06109326943711,26.886626316908494],[85.0239702044283,26.854377254234947],[85.19084225587517,26.869824438451865],[85.17673673042196,26.809636826104725],[85.21103156805059,26.758427874136874],[85.3344671533232,26.741684813907966],[85.40773796467649,26.791345865181334],[85.45456231212194,26.781784151196472],[85.57555745785267,26.860992545620107],[85.58575826409518,26.847410622847143],[85.63455417881345,26.872211662025077],[85.73447904884674,26.79587249746686],[85.73417979758943,26.65076045356147],[85.81773942256105,26.602799665620537],[85.8512598992303,26.608677336753704],[85.85141928289275,26.568490011332724],[85.94805147805916,26.613926737367546],[85.96012208795565,26.651010832740017],[86.0275803415955,26.666787179937355],[86.2177927464362,26.588525294750966],[86.2526875777778,26.617108083894554],[86.33289028552335,26.619137374797965],[86.54154944314584,26.5387226300121],[86.57029860440007,26.496548430179043],[86.7313979900781,26.422616312829756],[86.76649648803779,26.45944082274814],[86.83368666266233,26.439117317032885],[86.89423019328241,26.46192695955416],[86.89175254088786,26.486236192227334],[86.92999453114147,26.48968406700482],[86.93215913048272,26.516954037609484],[87.01535972721416,26.532043806399088],[87.04467403944942,26.587234077005874],[87.07182249344507,26.585813894033482],[87.09175268613394,26.45022123919059],[87.16256152265728,26.403895256958034],[87.26105184706154,26.409269915802593],[87.26601523508134,26.373875005697464],[87.34109251326646,26.347519155666493],[87.36888949104642,26.407932661946948],[87.46654623972964,26.440209598001385],[87.61234129855286,26.381001629303288],[87.65187737462198,26.39342487750869],[87.67755794582105,26.4354560956758],[87.76475987993442,26.40988214321748],[87.78951461031652,26.46943127509227],[87.84882840670498,26.43646348633741],[87.88835791500955,26.4867087690106],[87.92689942366727,26.417912991363508],[88.03050431014991,26.364922205949014],[88.09605832941666,26.440236157727252],[88.09802285424216,26.53786854194],[88.1460028415258,26.52215156498393],[88.1685914975241,26.553396304207773],[88.23098602654065,26.572396233109075],[88.2354542768594,26.544717782713096],[88.18262600684234,26.504147940770988],[88.22762155617053,26.49186921569732],[88.21525968142794,26.477112288579306],[88.27340880895733,26.418954518688903],[88.23836597257038,26.380813381755186],[88.28342830341667,26.377783814247778],[88.2997860042671,26.348697446863223],[88.27826515115123,26.32547744267174],[88.25329070534906,26.334328252198866],[88.22772411394605,26.28478506968327],[88.14600619548986,26.250130941705237],[88.07329352661735,26.175088057475033],[88.03484002824446,26.17905900924514],[88.01049952466924,26.14533326069447],[87.97519239932286,26.143015518678293],[87.98880820324,26.105121344712344],[87.96424683535334,26.094943142602144],[87.98235526080342,26.07264582282663],[87.94885808492926,26.06004852835885],[87.92669040773242,26.08386478065867],[87.85561305786933,26.03506957150062],[87.83966978682933,25.933839493946177],[87.81084211484281,25.927881707743907],[87.82964308987023,25.87156612097294],[87.91574838327001,25.853316332065358],[87.88920464183549,25.829699022374957],[87.91772013519143,25.816095439684972],[87.90443395147017,25.772445503804114],[87.94203490602469,25.774246090379336],[87.96794413498456,25.72597389846055],[88.04974311669588,25.702167124151263],[88.03605298833284,25.648759603751223],[88.05525069265364,25.6446845826598],[88.02090820241082,25.570438599253738],[88.04021653709746,25.57362833120708],[88.03147699438158,25.554173537214655],[88.06940164291308,25.525935667729943],[88.07326261432081,25.483669701008257],[87.92713820084182,25.538958372558326],[87.90279195831792,25.504710644136445],[87.883964470537,25.520405519755364],[87.8684384154237,25.468062076977365],[87.83062146949992,25.461838097483163],[87.82409425083287,25.43643661226643],[87.78709521510659,25.449202495367345],[87.76489347538023,25.3838721182184],[87.7895639285455,25.376789523610743],[87.79282680674689,25.329526233429302],[87.85347010894566,25.289949510227896],[87.81854190540751,25.241878140593613],[87.82908866670356,25.214479492682155],[87.74867635363692,25.232604451846694],[87.71121986274028,25.257569059376586],[87.69205435249287,25.311594393717307],[87.610489859941,25.313191425146645],[87.58407247311965,25.349372083600393],[87.5518518421238,25.33257681307264],[87.54302066786181,25.280980562939096],[87.48737408114704,25.29713591754393],[87.5006150902251,25.259797335973794],[87.47330719691341,25.238203789731948],[87.47815338328284,25.19432763677251],[87.40136971042556,25.22712142227014],[87.3719293080324,25.20619572422798],[87.3275694027987,25.223563692942083],[87.29555165946347,25.088484436869514],[87.2503701734137,25.10568617284413],[87.2126975417938,25.09108674284498],[87.14597682806536,25.019506457792975],[87.15676207261342,24.88093607681602],[87.07452122163906,24.81766676217938],[87.09567976393147,24.802620710628815],[87.05112014952083,24.608481804895018],[86.93984869509832,24.6524791365325],[86.90878303666682,24.595576193778196],[86.91645648614308,24.54510736766444],[86.88131881342952,24.57409229006817],[86.85677861249816,24.55464132344554],[86.84359757408882,24.574826279205368],[86.80212336694409,24.57023844045782],[86.81090219566249,24.59914769616082],[86.78706116576797,24.61637757132834],[86.6694276951775,24.56611103862754],[86.60342904334237,24.60812084291854],[86.55247112732637,24.53604808642427],[86.52773335839302,24.544167471430054],[86.4997562677465,24.509811608718646],[86.491254562135,24.427986034149676],[86.46765738826704,24.424898547054877],[86.47207704991058,24.393470522864995],[86.44532487046808,24.367776977192314],[86.3773807553203,24.4306969971453],[86.27616114395582,24.465860821468134],[86.32287571758906,24.586766806260957],[86.25928607163924,24.57813756648512],[86.21501589035746,24.613783761809387],[86.21367031069201,24.594274160392214],[86.16691463914059,24.583679867589026],[86.1246269852298,24.611231505206288],[86.12853123745163,24.698720097460974],[86.09424277309233,24.74488126284378],[86.03691716109492,24.740628752766057],[86.05531182912958,24.779685425639123],[85.94538830346941,24.732891008448032],[85.86729210110646,24.804613707802346],[85.77814445987168,24.796476654410586],[85.73672567198224,24.82071429056759],[85.70750342934305,24.77955114121116],[85.70725576300765,24.724551317264158],[85.64907043355414,24.68448145297882],[85.66804076212527,24.578969735678502],[85.5806673687669,24.600690249449364],[85.57172477409898,24.561565250895168],[85.54096630948041,24.56230391659543],[85.52385994144687,24.52089976990703],[85.49846861585982,24.546389694268473],[85.43452607094227,24.527969634435394],[85.38453982256405,24.55539561925677],[85.37096728135658,24.555201065017908],[85.39174590217337,24.52987198201226],[85.28824199185347,24.523005038269254],[85.28449919361965,24.493409278248006],[85.22615236194741,24.463193957166066],[85.15266752937569,24.45512612700592],[85.17397960638652,24.42052336903973],[85.08891678365835,24.37226620061528],[85.07956171430224,24.43341928621812],[84.97469309841226,24.37461802582078],[84.90408679582869,24.372171314962806],[84.88734929880111,24.463166469187275],[84.83987206720529,24.452324214467925],[84.83881257900717,24.512667368066868],[84.80213715555067,24.53051427350283],[84.68644676413972,24.456675650233713],[84.6650203783332,24.390850741554086],[84.56758006773451,24.40915131423866],[84.57225674820661,24.382701778028913],[84.52782004279969,24.37643501683903],[84.53171696813295,24.33861818620612],[84.49624931879018,24.286269471951737],[84.50506243847377,24.331354564800236],[84.4837131737396,24.312875108378886],[84.4600462499191,24.337342229749506],[84.42449733896825,24.329787880751823],[84.43054219093645,24.35653179550794],[84.34199971886106,24.3932029571637],[84.32057584387024,24.42098696142561],[84.33558334807636,24.431286010995567],[84.29740348198936,24.449119953981203],[84.3275117551859,24.50036829391021],[84.29725209472352,24.560422307847407],[84.27052986042608,24.560072959935198],[84.25690265533885,24.526869789997875],[84.18834210490742,24.553254185963397],[84.17858477060928,24.50510340171981],[84.14566880280061,24.537479325821362],[84.14074443084903,24.500455636090308],[84.1083695011216,24.47744070711751],[84.05213083601603,24.610347057677906],[84.00838127789496,24.64274724599258],[83.93681497479352,24.54961893255023],[83.87271589074646,24.53214892156378],[83.7186596604164,24.503300134934026],[83.50335495126707,24.525468614173217],[83.54793668726975,24.623365982431984],[83.50051455046977,24.651239235513646],[83.52042315043,24.67725393140657],[83.48507262640621,24.70158564861202],[83.4893570836853,24.736428183898983],[83.45828172270835,24.73152554835365],[83.39314724850394,24.782926171289752],[83.39690001764254,24.832402547207337],[83.35763570089478,24.870539198622705],[83.35054267317173,25.008790675999197],[83.32026160720436,25.017246818227882],[83.36742261979792,25.12521763994842],[83.35729785063907,25.199651996554927],[83.40208830384726,25.209056908917383],[83.4156665939232,25.24997891837522],[83.46425899218912,25.250697235559823],[83.49042324677075,25.28945296677491],[83.55414126200604,25.30846385189591],[83.53976469735902,25.315723654620857],[83.57377072769482,25.306097756542744],[83.64884874497568,25.339243236445814],[83.70173577915186,25.39613417016491],[83.74064236022295,25.410603754979068],[83.76902170142671,25.386327004463244],[83.80788391442638,25.40907087124226],[83.80160977698489,25.429803004816446],[83.84640213488572,25.434322892187467],[83.81660476479063,25.46273124947765],[83.8567956858323,25.468541489795857],[83.87626192732556,25.518033844269596],[83.92463968854561,25.554286365992205],[84.08133256934599,25.636414656402447],[84.07501447854993,25.695287987113076],[84.10448344533803,25.720958285484823],[84.15467630025773,25.729260831098987],[84.19893120429441,25.70217460123642],[84.20584047991689,25.66975888360119],[84.27648006567682,25.659294525830937],[84.32398911839859,25.670307164217277],[84.33666577568707,25.743521338604083],[84.3910633561979,25.744899839306285],[84.40665139941257,25.69784404478154],[84.45350577303572,25.71391527768995],[84.49924542389341,25.674818725426015],[84.52916254946204,25.682656933549627],[84.53976693072755,25.726735513519827],[84.53547530004566,25.690484529407662],[84.55747699223237,25.679509431071082],[84.56034582871435,25.73688469974931],[84.63471514900608,25.727905784536595],[84.60311347069761,25.7618695655608],[84.62486502839646,25.7918791730545],[84.55081037260784,25.84059224894557],[84.53054932855053,25.831602675267284],[84.5340469710407,25.87621795186061],[84.42761365463271,25.89122083559905],[84.41192397646108,25.930729971932784],[84.35401059776459,25.95876939371711],[84.29696657800423,25.945156124283827],[84.20713393048165,25.999819163274942],[84.17008253250458,25.987663571236965],[84.1725519527535,26.024571321002863],[84.11782381701086,26.080032167723573],[84.05595152354485,26.1001478237272],[84.00947325761298,26.17541347053682],[84.03123709843076,26.21710264585545],[84.01228721620507,26.23227319820658],[84.0865342623435,26.218639734363702],[84.12190295198002,26.25884845134448],[84.16631008301835,26.24103449323113],[84.17696541289229,26.370634234272522],[84.07928660514555,26.382650094226445],[84.01736100511464,26.44758055246686],[83.9914801191425,26.432305873761702],[83.90807573370937,26.44706354493168],[83.90814186086085,26.519051931943427],[83.97124880258767,26.507488232662375],[83.97662831394861,26.5333559606087],[84.04781338453404,26.536209244946264],[84.08914448714503,26.60299703534066],[84.08658309672646,26.63907094212834],[84.28150591690016,26.599503385244756],[84.41993592416232,26.6263729235232],[84.41064069357525,26.67013134293803],[84.3303542822199,26.683919938907334],[84.30613976301585,26.749507396366486],[84.24072772722927,26.73869713683641],[84.25411820989738,26.856529951239327],[84.21943889433611,26.871555625920855],[84.16615624900142,26.833769998266874],[84.14066580573946,26.852656072001412],[84.1464679268717,26.885398850830597],[84.06037027646568,26.888048588821775],[84.03217990616825,26.941200237033826],[84.05488112955167,26.960080346894063],[84.04952726118412,27.043337176625496],[84.00010041360962,27.06856753075624],[84.03039833839283,27.097606163216874],[83.94653206999065,27.090798137279094],[83.9942339029877,27.175194485303383],[83.97024559072776,27.223968438523016],[83.90527447967872,27.257352350544092],[83.93308037362709,27.311042198744452],[83.83677586506133,27.322220856626615],[83.88324877212912,27.37427772524377],[83.83311248201741,27.42508251478849],[83.84725916741202,27.44563630869085],[84.02692714479699,27.43354075561624],[84.10870893689291,27.52177747445656]]]]}},{"type":"Feature","properties":{"state_name":"Chhattisgarh"},"geometry":{"type":"Polygon","coordinates":[[[83.32706826498605,24.1023208564723],[83.43166344516348,24.085937782568998],[83.4514921488259,24.042730892932877],[83.5157197465535,24.02716628768468],[83.5534440624341,23.898068172475035],[83.58574782681818,23.886420713669388],[83.57118997491706,23.862135439883964],[83.70534695125448,23.820757310251764],[83.74606788192088,23.719494893362516],[83.72285956510206,23.685864698195743],[83.77532002395577,23.60895421190835],[83.93769368925078,23.568992071125262],[83.93190604218978,23.620413475392812],[84.01657314462263,23.634355265142172],[84.02799731807504,23.545511566690006],[83.97100607961679,23.46692248819053],[83.98166392455997,23.42224706398039],[83.96234487155976,23.385346325750834],[84.00571113904024,23.353870693807476],[84.0509622347124,23.374509472939746],[84.0746455367508,23.333408339794136],[84.03746899884067,23.139878617190863],[84.13337460463838,23.08317745631558],[84.14949000638234,22.965415298924928],[84.17831396293055,22.979795712135584],[84.18580179341998,23.02709172305635],[84.21921554269043,22.978760690076502],[84.27733765718173,22.992911302860332],[84.2841582378614,22.963390549914237],[84.3752272262966,22.978404634499384],[84.39605484683403,22.93831016562358],[84.3806032545642,22.87718397125309],[84.32421926154521,22.85094230228684],[84.28936645068805,22.766227425532307],[84.2318630492643,22.7418325837954],[84.22039826969086,22.66730123293864],[84.1524675599726,22.636800619919434],[84.08401616704077,22.63811640832196],[84.0095054176624,22.573048521133146],[84.01186092555785,22.527368029622032],[83.97465588980059,22.511956027800093],[84.04740801938938,22.46913362796156],[84.01047000730213,22.371605720743243],[83.86424854717656,22.343240972567493],[83.75791778794634,22.240230689493657],[83.69163750011046,22.244015800034916],[83.6274164355026,22.203673243671652],[83.56195591899663,22.098686879826246],[83.60656800045444,22.066662887956525],[83.53691310831415,22.04348997904141],[83.55557469460688,22.00694019721025],[83.53916024087343,21.965887251561163],[83.60577123768624,21.91403371706978],[83.57617328322334,21.8828445285018],[83.59098981214622,21.850880402282282],[83.53327730439268,21.83003980553651],[83.54245384560441,21.79838168677546],[83.49418905348175,21.81737663416697],[83.47099564384311,21.786799357234987],[83.49070306728996,21.744440235624104],[83.4182535012393,21.679715809357624],[83.48976355943915,21.631333742747966],[83.45628644377419,21.60985944117008],[83.4429066100317,21.655275561093376],[83.382832132986,21.619999225710792],[83.33806043059084,21.502011446088297],[83.39907326605258,21.405203443336898],[83.40695955745986,21.35138380945773],[83.26916417731364,21.378347253418813],[83.25748409698379,21.320357916179656],[83.27874346105651,21.289238887121915],[83.22309242140636,21.265625643062155],[83.1926849812075,21.13936638166703],[83.1315007225873,21.10568304250388],[83.07792745078217,21.111919364828427],[82.9904539560517,21.139731513756985],[83.00366024867176,21.16713612672818],[82.96499463657068,21.193126687811958],[82.94781009783924,21.16163275323814],[82.88230053071048,21.148284721346528],[82.85112775123258,21.16845245666958],[82.7938163734933,21.14264458564801],[82.75584102540527,21.166864025807552],[82.64049219483067,21.15470755043526],[82.65002040797427,21.10632193506684],[82.61182877423197,21.07364103673931],[82.62930421154218,21.03830787934415],[82.56015874753064,20.946679758009413],[82.48810001439007,20.908623894902888],[82.46541576176246,20.827724217017405],[82.4209095851651,20.830259320401872],[82.40639287231927,20.86890045830856],[82.35083817475243,20.889474832770475],[82.34566090468483,20.731558276370382],[82.37654535509955,20.632393448519352],[82.33214215922082,20.562005409392192],[82.38952903535971,20.51693550564249],[82.39707811175874,20.45820321688542],[82.41854388654556,20.48026479767029],[82.43802939738566,20.434165218392216],[82.40031110246024,20.34081708607295],[82.43788642460672,20.293303341852223],[82.4113920657318,20.264341271456384],[82.42166821993706,20.203858771302023],[82.38673295249065,20.144808804082306],[82.39930228360336,20.05649365177897],[82.5967437193269,19.98993140179892],[82.71551192311114,19.994675613624462],[82.71979187935995,19.856819040538053],[82.70392538677942,19.83198424008032],[82.6521611567812,19.832137141177693],[82.59181442617484,19.77583440937409],[82.57578998337728,19.83336632305589],[82.59712939899477,19.8726645384256],[82.44599362429842,19.910164260384413],[82.34404678316074,19.835053113821473],[82.23737333558626,20.003373806756866],[82.18423413043062,19.984090421472178],[82.07046937626068,20.05693323702769],[82.03261750660576,20.015760474167116],[81.94638582389948,20.10510876778369],[81.87597982704628,20.052038255002604],[81.85315574869882,19.918464583010767],[81.96813674990663,19.859885766349542],[81.9859767336928,19.801107715865857],[82.06552575507327,19.79063682127098],[82.044752024333,19.708852213726313],[82.05060106884662,19.548754425363185],[82.02902423455365,19.50763773445178],[82.1002330035109,19.516571873328633],[82.12611743554092,19.429204702304844],[82.18942046429828,19.427412402780185],[82.17883390906744,19.379025274150447],[82.14710927009422,19.365306385607372],[82.19407824424835,19.326184527992602],[82.15843910178255,19.26523112042783],[82.18613713896103,19.166322043747687],[82.16608054484826,19.132743377611032],[82.20580547619771,19.12413010686626],[82.21845034922433,19.097134621813726],[82.20225107152986,19.066613401008308],[82.23012442710667,19.026760319718843],[82.24599630995723,18.919032186001076],[82.17621721137557,18.90267858112524],[82.1655766568781,18.798927965221665],[82.13333604955311,18.765414302640075],[82.09121489257522,18.76528253065285],[82.08519979752735,18.71875832070033],[81.97064921852758,18.698429979956263],[81.94893769619966,18.643686072595603],[81.89376381698784,18.657435718749795],[81.89475026617191,18.62913105007032],[81.96351851080534,18.589996762108086],[81.91068449915352,18.570611313654315],[81.90892977455651,18.537919727083253],[81.86824124943085,18.524897817292477],[81.76953591096697,18.41889202918021],[81.75027651984958,18.35357238083191],[81.65922187660168,18.34654424608351],[81.66222118222883,18.32120428253426],[81.5975889214195,18.308886956359792],[81.52546605075055,18.258077155151735],[81.50699342488775,18.18617687692079],[81.52580674847533,18.153380937588178],[81.48080969150892,18.051307642896628],[81.48294001765069,17.976794562812],[81.44462148942256,17.88573337082092],[81.39925761666329,17.891896813234577],[81.39324003640145,17.79461814167753],[81.26535766398142,17.81108276562603],[81.16605727867645,17.857551181364414],[81.07326221674566,17.78645702648345],[81.01901117426321,17.790844455308758],[80.94925831136969,18.086197351133652],[80.97902776952566,18.178746874590306],[80.86726437670177,18.14008743068308],[80.85287351762709,18.204754089888915],[80.8726075187594,18.213912148225276],[80.83672354766927,18.24225545374918],[80.79911156086847,18.17150541123101],[80.74493704692631,18.170294697442095],[80.73718509508684,18.222074794884723],[80.79413747549015,18.259295939137434],[80.74898075374557,18.308254061658758],[80.71958980625796,18.391087107241102],[80.7348352479615,18.412821360420615],[80.69895314395617,18.421394731445304],[80.6376400619568,18.522518131996442],[80.51472747759075,18.619341790432124],[80.45459365786239,18.630233634859323],[80.34582649161416,18.595440618184394],[80.24430680570146,18.756226494593818],[80.35286393361588,18.81920479222744],[80.26913357172322,18.948776616582307],[80.29652941592225,19.047527191594977],[80.3396697370402,19.099918121863837],[80.32754043941036,19.135313192044087],[80.38412305755197,19.18077116116577],[80.38513968476386,19.23574528305603],[80.44613564378432,19.263976688002515],[80.48251223059705,19.337936361806044],[80.57320743149056,19.402279266609384],[80.6126176045371,19.30942392356606],[80.68001739119538,19.33014730745936],[80.6897792148544,19.286784942449408],[80.7570470158781,19.289553985165984],[80.85312408403259,19.364210764503913],[80.81343478491542,19.433545911683826],[80.8747288558649,19.4452428422426],[80.89834503074631,19.481917631576835],[80.89536460341401,19.519740045850995],[80.85662075860829,19.52306001162003],[80.83603342698568,19.566310009569452],[80.77580288238555,19.562398057856157],[80.74079136308734,19.606077515547717],[80.6655105249976,19.611621098700454],[80.67653472246793,19.699159595251313],[80.55259506896131,19.765432833049566],[80.54636931910262,19.81822175851529],[80.48058131407147,19.82750577222712],[80.48904998382385,19.770243272123352],[80.46425832500431,19.7957750966196],[80.40173001255177,19.796118813852832],[80.40209744754195,19.816627070138452],[80.44068080258984,19.8101616310772],[80.50586204831302,19.870588336750338],[80.49142658799734,19.902013314519586],[80.41388962535564,19.9072919990191],[80.41123562531662,19.938255813262966],[80.45217141776192,19.95744576513482],[80.48876675040658,19.930455236726495],[80.52991948293972,19.93930893886844],[80.55682131772393,20.071973247207296],[80.55210143850684,20.11787919647878],[80.5055945016231,20.14443919265401],[80.40188702109351,20.147187519264318],[80.38853830315149,20.165046019753916],[80.42219110800878,20.205826392875423],[80.39527394884587,20.24484924840912],[80.48079698507752,20.27493030081548],[80.51888516734326,20.266078261073506],[80.549594870713,20.30881196357226],[80.62635203755123,20.332575795855288],[80.5914928274279,20.392950508197686],[80.63184375613069,20.59831765543498],[80.58066913894496,20.60834499314034],[80.5208322202087,20.580498404128974],[80.48102478730489,20.618362378124953],[80.58765446927622,20.684585404544528],[80.55169764084728,20.763905425002132],[80.54612138890977,20.934793069414315],[80.46368280492956,20.929100657160525],[80.42427933067465,21.00838307354508],[80.45266201461723,21.038712362662213],[80.44476447321927,21.121903490405842],[80.46427950589482,21.17491466761095],[80.61380653894562,21.226455303278478],[80.67954226656433,21.298897443013484],[80.6600576843016,21.334038479996654],[80.73775303656262,21.473091865909343],[80.7407733819843,21.539236111117926],[80.71535574604306,21.58504994609831],[80.72614262836841,21.7136657112193],[80.75610632068118,21.76215692475127],[80.81972015601065,21.748022284615324],[80.8524575988219,21.85434709221179],[80.83174166649735,21.890930827594843],[80.8457247779613,21.942632458397036],[80.82561348964394,21.958311240677975],[80.85674899648542,21.96484546699946],[80.9080093716813,22.10961144040742],[80.94785345519101,22.118119447309656],[80.96940290987756,22.057991228410355],[81.00625213610832,22.06330936419641],[81.01115299089096,22.095732994556368],[80.97803246405368,22.122617277705146],[81.02185177960143,22.132811075210647],[81.01941146003641,22.22101289179437],[81.07963716846209,22.239453106542978],[81.11871814021048,22.29126047198532],[81.11116416349539,22.437574509088837],[81.17269228555438,22.487908508006374],[81.23217330089028,22.45215841420566],[81.28126926312164,22.502954161033273],[81.31372798728752,22.48292118246045],[81.32652672448228,22.526144156083486],[81.38208509043791,22.50970761202628],[81.40670444758611,22.440951003779947],[81.42783860188837,22.4798127928144],[81.44736783880427,22.46587556694493],[81.45883503553922,22.46922708648655],[81.44260624180039,22.494350908757557],[81.48492998055204,22.48800379114261],[81.5222240435549,22.538902339295426],[81.62213288333265,22.53818886515672],[81.65994323452662,22.569536153367565],[81.64723525834431,22.613187449834026],[81.68352591833683,22.64705054771009],[81.71344320954532,22.64829921465234],[81.72881064559267,22.676351547121396],[81.74705496234957,22.648167562879163],[81.76864223012194,22.664483393112544],[81.75230493600843,22.72675904834228],[81.79439110266136,22.766460999649777],[81.76134523076145,22.83028725205731],[81.77568306094584,22.87443672371588],[81.86162662730621,22.889261037017285],[81.86611403538267,22.91581055217245],[81.94630761702274,22.956778639350823],[81.92150176277993,23.040814014691602],[81.94225115712649,23.078964986360543],[82.0347232493113,23.08038903154185],[82.07023526145848,23.118184107750608],[82.12547417527266,23.10384963076277],[82.16126851590337,23.143023294171964],[82.14483653270307,23.227369815752258],[82.19327119804987,23.27775109549264],[82.19390343246292,23.323935839416176],[82.14562141359112,23.361221574196083],[82.1171603817518,23.355446359224533],[82.10346501077181,23.39820911945566],[82.05600388583531,23.376784293931824],[82.02189804224582,23.387322003637834],[82.0253841404266,23.424899680360248],[81.98533431417619,23.414495037445334],[81.95754076270559,23.50033534265526],[81.92328616248028,23.53265940220007],[81.83638538627005,23.51092067399605],[81.80912425390852,23.549301583200133],[81.75818813520802,23.549908658553964],[81.74656852877385,23.569776816032018],[81.69990433036735,23.522143097092187],[81.65891137735555,23.528997079179945],[81.62705293984796,23.482026857957145],[81.61031651061016,23.555083061595735],[81.58402133429654,23.55357595836536],[81.57668451207267,23.585344491025182],[81.61196870393442,23.595252959273303],[81.61468446993779,23.66283147827223],[81.65517221122245,23.663136208181488],[81.69589106464974,23.72132239930275],[81.64466170286452,23.770126116487585],[81.6358359300982,23.83451303491843],[81.6031818045325,23.853710072465088],[81.62220705960144,23.87035301271198],[81.6090175323445,23.90320461637325],[81.6685822679918,23.924962295705146],[81.72547380860551,23.83982400506874],[81.79111850247145,23.809346794537106],[81.88815750936972,23.835548189039503],[81.92893102345592,23.87072043646631],[81.9577993283193,23.852284049959056],[82.00757077501109,23.861704156637714],[82.0527266789731,23.819423802999363],[82.17150050062088,23.818271996040288],[82.20953009201322,23.852709065172075],[82.23181321309445,23.805314213973624],[82.26061066349392,23.82124052714261],[82.39358331732478,23.799915626959734],[82.46605715157393,23.811959111082718],[82.52446216251992,23.783741324267947],[82.55147456850105,23.79064102277895],[82.53307437492627,23.822146944388773],[82.66046586060887,23.85514355031377],[82.6615901623347,23.907641819970426],[82.7523837846465,23.919789760703114],[82.80170914222991,23.961650545731793],[82.94791262456631,23.871394692824847],[83.14151669474641,23.884890191903207],[83.20795280147551,23.92136475270782],[83.22364548619589,23.986617731926252],[83.2791466403009,24.01824454310643],[83.32706826498605,24.1023208564723]]]}},{"type":"Feature","properties":{"state_name":"Chandigarh"},"geometry":{"type":"Polygon","coordinates":[[[76.77180278537995,30.79497708099711],[76.79129517791797,30.767515632808276],[76.81831065530629,30.778154650132162],[76.80509570276779,30.76523947217722],[76.84826776102292,30.730382652622925],[76.80865968064002,30.667427481349424],[76.73930201202295,30.692966356122525],[76.70516329940772,30.742974478868092],[76.77180278537995,30.79497708099711]]]}},{"type":"Feature","properties":{"state_name":"Dadra & Nagar Havelli and Daman & Diu"},"geometry":{"type":"MultiPolygon","coordinates":[[[[72.95273970486612,20.31538384273499],[72.98304683260194,20.319011940513338],[72.97029711747099,20.29725235440129],[72.95273970486612,20.31538384273499]]],[[[73.09713041095875,20.360150385885973],[73.10136330824369,20.30287961268562],[73.15134739193907,20.317277121845322],[73.16541730578727,20.285888804729304],[73.1443649362823,20.28791608252882],[73.09793304172725,20.229327469868803],[73.06362465534195,20.227643395758875],[73.06043165730848,20.161901849110784],[73.11585181593901,20.15218041959303],[73.14206249364852,20.17737012622448],[73.13759769605154,20.20752306903475],[73.21784322707099,20.18597208255769],[73.18557203576732,20.155843431108174],[73.187180230531,20.12945665958608],[73.21501368019177,20.119238932709127],[73.19214412246481,20.04956383529964],[73.06396237406521,20.098437050726087],[73.03955310177263,20.067175203384384],[72.9980094897462,20.14266919713733],[72.97212323132788,20.114915509753615],[72.96603119302928,20.223918430126854],[72.911913337989,20.269643855686915],[72.93252315627565,20.29537635514082],[72.97329392655442,20.270420146810313],[73.01005526185628,20.291190264265587],[73.00760362612647,20.312476370290995],[73.03462615495894,20.291448499236758],[73.04251629620698,20.325108680577365],[73.07748786835997,20.323013349452776],[73.09713041095875,20.360150385885973]],[[72.97481719306832,20.225731909242434],[73.00848496319078,20.22893086870547],[72.98960895779317,20.238758239999225],[72.97481719306832,20.225731909242434]]],[[[72.86796241776962,20.463352200092196],[72.89532909945649,20.444300916314024],[72.85725939742392,20.41891705907015],[72.90404738233835,20.41489796062076],[72.88280830839342,20.39789045155443],[72.89616017270183,20.379060558877505],[72.82062156644214,20.368339479590645],[72.83203630009685,20.447704685188416],[72.86796241776962,20.463352200092196]]],[[[70.87928540218887,20.72942840625177],[70.9811413259405,20.722686205185596],[70.99961117518457,20.74198567312139],[71.01344737292996,20.737886248138228],[70.97713501912428,20.7019024377332],[70.87170740534917,20.70678398269543],[70.87928540218887,20.72942840625177]]],[[[71.14991377856943,20.759425603144795],[71.15507395166657,20.76115957365184],[71.15524440140847,20.759908616923244],[71.14991377856943,20.759425603144795]]],[[[71.14637308350677,20.76344279415601],[71.14960707252072,20.761833127496473],[71.14603325479538,20.757957292931493],[71.14637308350677,20.76344279415601]]]]}},{"type":"Feature","properties":{"state_name":"Delhi"},"geometry":{"type":"Polygon","coordinates":[[[77.082659655767,28.88357268072877],[77.14037296631446,28.86201072951612],[77.14563781890863,28.83799620908489],[77.21359320304805,28.85598166086144],[77.22438476118964,28.825361453525115],[77.20261667348161,28.79250143363579],[77.2341391073429,28.7837577570128],[77.29150851825523,28.70619201459356],[77.33112023628715,28.71305539656559],[77.31628402679321,28.6412651619586],[77.34240851333584,28.608923034944162],[77.29708643455477,28.56600736550858],[77.34740047812956,28.518423119921483],[77.31409957104687,28.483632938313583],[77.24341192269833,28.47888264850093],[77.25016698746269,28.42611544003347],[77.21671740165037,28.4098269772258],[77.17449549236616,28.4046263595724],[77.12850045151151,28.440962472128145],[77.12064243687212,28.495956544904242],[77.09468479058816,28.513826924082768],[77.00663865747532,28.54135979140106],[77.01012827371602,28.5147131771988],[76.88392966580878,28.500892808488548],[76.84248198869653,28.556190153677534],[76.83966406999572,28.58254496686508],[76.86414208444825,28.585731481850033],[76.88778091876192,28.631639068975467],[76.94375190143514,28.628343566589955],[76.92506528991512,28.650018126722873],[76.96785657885891,28.699489430126974],[76.94823861572996,28.712811544537168],[76.94840844148044,28.815475565383608],[76.99485404451315,28.839547425126497],[77.04003588702494,28.831873627195634],[77.082659655767,28.88357268072877]]]}},{"type":"Feature","properties":{"state_name":"Goa"},"geometry":{"type":"MultiPolygon","coordinates":[[[[74.11134500576487,14.761623502757361],[74.10967370986408,14.753934279480227],[74.10806655628576,14.759632503263358],[74.11134500576487,14.761623502757361]]],[[[73.67507674476592,15.726806879483233],[73.69253491903915,15.727763904437257],[73.69638423252833,15.72224099110172],[73.67507674476592,15.726806879483233]]],[[[73.85557348647862,15.80062470878394],[73.87631103055581,15.750048290733549],[73.93861140972061,15.74271241065187],[73.96132408099201,15.641497354022176],[73.99068510763729,15.611638625023863],[74.16440146111047,15.653568545525268],[74.18095398000101,15.68221496764347],[74.20511288254487,15.651101431898269],[74.22376257988536,15.669047838745366],[74.25195954959798,15.654376110775775],[74.24414207450035,15.626173227007751],[74.26426931001859,15.615532978991665],[74.24527743994004,15.56668027382581],[74.28263315947432,15.531481895559311],[74.25088988670906,15.491764157197313],[74.27585195386636,15.391655030082267],[74.32317950523871,15.367743235570622],[74.33641578474449,15.295009757852736],[74.25109195265719,15.258918782589005],[74.31693736158314,15.186328567129246],[74.27261728881719,15.097562286459516],[74.29646606789363,15.041272049796616],[74.25357542293519,14.998210651988524],[74.2525621715011,14.959161018457419],[74.23666950056501,14.966910575340192],[74.20151367777154,14.925789826626419],[74.16357787181659,14.958547734040991],[74.16208716460166,14.91220688780761],[74.04454478954013,14.916066904551496],[74.02604707677337,15.006382297312701],[73.9895520314151,15.018842801076135],[73.96715175583128,15.064834576778729],[73.91209944665987,15.082924398844735],[73.95650016643651,15.135496218451063],[73.88415453733796,15.3532623665415],[73.81039103126676,15.375061470634702],[73.78317970204878,15.409528572778516],[73.807087960365,15.48902732837878],[73.76484570562259,15.495141204499463],[73.7322165607751,15.58859118536246],[73.74466965451386,15.605690492751917],[73.68955765076389,15.719372201600788],[73.7853849586985,15.725495589537482],[73.82461524265176,15.740963183505752],[73.85557348647862,15.80062470878394]]]]}},{"type":"Feature","properties":{"state_name":"Gujarat"},"geometry":{"type":"MultiPolygon","coordinates":[[[[73.0056761964989,20.231975063268475],[72.97924768149213,20.21558609449555],[72.97942555649934,20.234041137483015],[73.0056761964989,20.231975063268475]]],[[[71.51627650447202,20.91379328829668],[71.53084359040754,20.904227823176093],[71.50659859698919,20.903683111626073],[71.51627650447202,20.91379328829668]]],[[[72.59988715787964,21.326806141790932],[72.59741497169232,21.32781597758336],[72.5995665958641,21.328720775561248],[72.59988715787964,21.326806141790932]]],[[[72.58959173326849,21.330492363401454],[72.57355113653401,21.32011467767978],[72.58855498623733,21.335034336703373],[72.58959173326849,21.330492363401454]]],[[[72.60290936326803,21.34765722510672],[72.59948860937801,21.333909124843963],[72.59365627455617,21.328962057117625],[72.60290936326803,21.34765722510672]]],[[[72.60866878605631,21.35646125828693],[72.61360286625676,21.35464028885903],[72.60789267844406,21.353826951679387],[72.60866878605631,21.35646125828693]]],[[[72.5844442213272,21.360127197944333],[72.58087871570068,21.35782101975207],[72.58415329066206,21.360245978777467],[72.5844442213272,21.360127197944333]]],[[[72.6041660713082,21.384797454151137],[72.6033519507423,21.37523807915878],[72.59621986916231,21.3782153173029],[72.6041660713082,21.384797454151137]]],[[[72.62016890358403,21.397300170457555],[72.60855640672973,21.38128559003729],[72.62934704950108,21.41113089560881],[72.62016890358403,21.397300170457555]]],[[[72.35241478130234,21.611527359042263],[72.35507207880713,21.584524150343565],[72.34926238778095,21.611190076110255],[72.35241478130234,21.611527359042263]]],[[[72.60774501244035,21.632904791297786],[72.59331401156062,21.630914615047732],[72.60744651683572,21.634466639926917],[72.60774501244035,21.632904791297786]]],[[[72.6643197761548,21.66532961822863],[72.68027863550203,21.65319867923904],[72.65147798758744,21.651795897788944],[72.6643197761548,21.66532961822863]]],[[[72.31857786594118,21.767291254539856],[72.29220347487447,21.762196144074824],[72.29350853558844,21.820472940349358],[72.31375777075445,21.79725256299615],[72.31857786594118,21.767291254539856]]],[[[72.31075227901933,21.94709225209389],[72.32750124007092,21.961268245281502],[72.33395624480802,21.92598228636934],[72.36542078095064,21.923222340659777],[72.36125478628823,21.890985359201824],[72.31904296294147,21.903957946607665],[72.29985250197382,21.954991638532633],[72.32704408040841,21.98789194793922],[72.31075227901933,21.94709225209389]]],[[[69.1828681551968,22.368474725803164],[69.18673066361767,22.367123996174612],[69.1851410179273,22.363477731441485],[69.1828681551968,22.368474725803164]]],[[[69.415548381549,22.388427997976706],[69.4516934997018,22.369189496343655],[69.46630545780823,22.352108365255994],[69.42146859410231,22.34641289701843],[69.415548381549,22.388427997976706]]],[[[69.19635298817569,22.37121252734945],[69.18947128285234,22.369430728230828],[69.19505531663845,22.37471098130811],[69.19635298817569,22.37121252734945]]],[[[69.21510110833476,22.383710477662476],[69.21365850647084,22.382601073149093],[69.21271318216048,22.38450755523336],[69.21510110833476,22.383710477662476]]],[[[69.20221438299572,22.386245148812435],[69.19983756479878,22.386906018835507],[69.20192367334889,22.387475199640647],[69.20221438299572,22.386245148812435]]],[[[69.30677366162361,22.389220378221967],[69.3533513298336,22.397659238413837],[69.33269499192568,22.372818482059515],[69.30677366162361,22.389220378221967]]],[[[69.49010595492182,22.400521768197205],[69.4541562538085,22.37318419343578],[69.47093133867506,22.42068813236911],[69.49010595492182,22.400521768197205]]],[[[69.82181654964243,22.508366472153778],[69.80112614590186,22.479191909212044],[69.78423831853732,22.492011077528566],[69.82181654964243,22.508366472153778]]],[[[69.1357994771245,22.477755436698303],[69.15039918033953,22.4695679971669],[69.14351865517392,22.448918643120837],[69.115421920799,22.466788148534892],[69.08434425878428,22.421975236623826],[69.09310626505477,22.46152721809743],[69.1357994771245,22.477755436698303]]],[[[69.21395811551292,22.462030871708407],[69.24908272213983,22.470394058044718],[69.24167629669537,22.450201490059733],[69.21395811551292,22.462030871708407]]],[[[69.26847112836869,22.5468486680043],[69.3781577363331,22.532304803245687],[69.37393027510053,22.549362378182803],[69.40852801259605,22.552372956063795],[69.42943531394661,22.53425246347412],[69.38833034961412,22.48787448857566],[69.36825332045942,22.515193356904586],[69.33692189059853,22.452952877672008],[69.28107706474104,22.414004297301386],[69.25889886472655,22.439879772660383],[69.26540234181878,22.459249898683634],[69.2854090824954,22.447964838363138],[69.26933701237921,22.50557427237593],[69.29161017924538,22.50867625110482],[69.29788407024608,22.475993638348505],[69.31751652688601,22.495908014179737],[69.30072454508021,22.539164161776622],[69.26847112836869,22.5468486680043]]],[[[71.09637936943348,24.688540948894776],[71.28764954140239,24.6159009903242],[71.34779438356493,24.661074518393704],[71.37735741565547,24.62599257449683],[71.50267940822998,24.682869691678818],[71.60783736440966,24.677082783805172],[71.65524916048567,24.639264916697236],[71.79150394660954,24.677331167250045],[71.8058950203061,24.62672032901175],[71.85214073267689,24.609359668351615],[71.87172874347326,24.681760622835633],[71.91859065076255,24.67210887271798],[71.93984820494646,24.63379998463252],[71.98819137535739,24.657546409872296],[71.99393486554521,24.695108561627954],[72.06128742367486,24.712110995404807],[72.08517661877926,24.70640665934674],[72.0897927162308,24.6586896330153],[72.1647858792219,24.621285168638494],[72.19651535877193,24.614854222064714],[72.23032677074822,24.640611226192057],[72.30495084681458,24.617549743572013],[72.34735120266792,24.62851531321984],[72.33608739774893,24.598728965853052],[72.27601976005873,24.607450387087304],[72.24642766261,24.58551775080102],[72.29478570366915,24.546797281858225],[72.35376803227554,24.563673461007934],[72.38858292689137,24.50771942784225],[72.44105881966313,24.515322061190133],[72.43019524241481,24.480170120312255],[72.45734433683239,24.41477883034743],[72.50032083657358,24.41704671102462],[72.49315413228815,24.459078020374655],[72.53892532297229,24.519615079111528],[72.57587149265689,24.47889673095144],[72.68333895848592,24.46387527610774],[72.68912277300839,24.411732176048087],[72.730838398072,24.36429777177722],[72.84973890011756,24.37204200067947],[72.91070871785958,24.337211020454195],[72.97509503260713,24.36879719571224],[72.94943384345649,24.399215277512734],[72.9911143768577,24.477914072115315],[73.03456449620906,24.464240920647764],[73.08709920401708,24.498095218008277],[73.10280957618234,24.433006975212642],[73.07648178477362,24.39660042700179],[73.15196257290604,24.3543959911465],[73.19850425637253,24.37691125003075],[73.21924298039755,24.363897166715564],[73.19854331265552,24.331935824061148],[73.17632711391947,24.33787838709814],[73.16920127708657,24.300305991295257],[73.13541582051506,24.308433276394883],[73.067422035688,24.194690214463446],[73.12519927558058,24.124861776111377],[73.21391407662044,24.07768556229042],[73.19319526035547,24.041077333705022],[73.24292146097201,24.002262127156268],[73.31623042311656,24.053146018733766],[73.32630608421084,24.109646279705487],[73.36197602281553,24.104662231061013],[73.40464518087062,24.041103306532577],[73.42080987741637,23.930828341555],[73.36110692528152,23.872702663487576],[73.35187573086598,23.791430694913544],[73.37075780544512,23.76526110263955],[73.41801705040027,23.776764211900744],[73.50734495681056,23.702944463782835],[73.49375057225551,23.63236912132934],[73.5230693239062,23.606902966259554],[73.5726394400106,23.653767192145004],[73.65564622039548,23.62127147968099],[73.63307048405123,23.528781110660784],[73.6563430324392,23.507426091265003],[73.62719621873677,23.448574365373485],[73.69746632421707,23.456636641450192],[73.7207890859445,23.41013815487867],[73.75570695323556,23.454319385796424],[73.78626232513598,23.430228834635596],[73.82869398956035,23.44769804955014],[73.89196353865476,23.334110918290722],[73.935625194348,23.339723506286848],[73.96233755379616,23.380905996384087],[73.98192094705884,23.337852816555987],[74.0286415341937,23.33167560822257],[74.03815388319822,23.29344938387352],[74.106824376476,23.293748616724063],[74.13878316928917,23.266056359458986],[74.12777548126053,23.176117130855822],[74.18116154816437,23.151648331351552],[74.20291109257269,23.19031334025466],[74.24703475488701,23.184431058667467],[74.36422606627605,22.981472805120585],[74.33948621728123,22.952896379138828],[74.39320511125788,22.896848241753062],[74.41833028596334,22.917366590076284],[74.46054454171136,22.90800751197066],[74.47609661996684,22.852460391208094],[74.46473005555475,22.81643605330989],[74.43374433815814,22.807978374485415],[74.3790310844218,22.63464372265398],[74.26362916520517,22.644092604118356],[74.1506681867124,22.52126773683475],[74.07463102271936,22.55140785398184],[74.0383610355602,22.53479545739762],[74.03343798138226,22.49018758962331],[74.08272382595351,22.506628509113686],[74.0748691755509,22.466272631073625],[74.10434977607866,22.464691107760775],[74.11940783721617,22.41887532823795],[74.14937949341196,22.455702728062043],[74.16044434002747,22.431216200361302],[74.18403659767935,22.441572743837753],[74.19059921553946,22.47593521704903],[74.20161910574446,22.43451631950942],[74.25572478251009,22.428984435810456],[74.29102046674397,22.393948514963398],[74.25667171061895,22.399540943443657],[74.22414122732455,22.356514904686072],[74.20383304331337,22.366530489898196],[74.19014784372476,22.320255900029924],[74.12802216215451,22.333060249074606],[74.10526028418744,22.371754155228274],[74.06488397848803,22.354535723289327],[74.05237724393822,22.294093535747326],[74.087172381068,22.242840614561825],[74.07220057068946,22.21910920493977],[74.12245017284248,22.212442821066677],[74.12460421446443,22.097982158502166],[74.17859303298624,22.085567081573195],[74.09207525084528,22.01505363265887],[74.15047994951662,21.986720118559735],[74.14695845759917,21.948489611441122],[73.79560621734575,21.824519514096803],[73.82687515535784,21.810265954740043],[73.82403238763835,21.761054172471706],[73.89160470530292,21.691884403078713],[73.88792936317044,21.65330998338954],[73.78014194464738,21.62823364134748],[73.81390400412936,21.60078361425627],[73.85193787441622,21.497901830955435],[73.90511552411046,21.524593820999247],[73.95156344318045,21.51270722857489],[73.95681646326607,21.540846452013863],[73.98228222574969,21.521898020088972],[73.97399036984501,21.54268889515926],[74.00522589079945,21.553422145353306],[74.13669194596754,21.546490560464164],[74.17572955236696,21.56874505661283],[74.19701321585201,21.532081275335393],[74.2289161953994,21.554055146338378],[74.26325389348851,21.539874858854077],[74.2948731423284,21.569085833119537],[74.33031525482693,21.552798135937284],[74.32059759200511,21.498502626401965],[74.10066277506235,21.447710112006888],[74.06297748788904,21.47461261923516],[74.04462717838176,21.419196853395423],[73.93869875795653,21.40491596848031],[73.94193889489584,21.29915999955584],[73.87937795300319,21.265847712455923],[73.82263744573255,21.27074628105543],[73.81563792327773,21.173960226135133],[73.74008929957789,21.171115071995565],[73.71850973625581,21.140003011514054],[73.63437215254321,21.140778551975487],[73.60645264568836,21.178754213858554],[73.5771381781119,21.17066152739431],[73.61818804599349,21.118352978014013],[73.6887778768534,21.100749319506736],[73.74336527181346,21.11502894623557],[73.7297332297985,21.08229742834536],[73.78009598667283,21.064404355047856],[73.80753436467515,21.084704841415345],[73.79989888606659,21.03863690730174],[73.90108586236836,20.98222328340432],[73.88806252617434,20.93344067174964],[73.9400920590056,20.839351462997143],[73.94219692299112,20.742394856412712],[73.87432172901396,20.72968207661093],[73.85520080686602,20.69238933059046],[73.81212542933397,20.692291985263232],[73.83830434249538,20.62062196592641],[73.74458428531472,20.56488290689531],[73.65234589080671,20.564682934615536],[73.59945416580545,20.636809323726478],[73.52058760876905,20.678777184900117],[73.48923920629636,20.655734018692485],[73.47465329207436,20.720384850282887],[73.44910125108106,20.717221783565275],[73.43364109844133,20.668104410351557],[73.39198201587469,20.646056311778963],[73.43087846462284,20.594305160419825],[73.47321874266723,20.58471169762895],[73.49376107974558,20.53817215166968],[73.41958456869479,20.41304528604782],[73.37978303649105,20.39348548878029],[73.38474303418636,20.371269302788246],[73.40612340110737,20.384449693019832],[73.41847980062441,20.33033933148093],[73.41662429661403,20.198338711825972],[73.29942858605928,20.209547803081385],[73.2490281928609,20.122730766538183],[73.18794949407464,20.128607733885854],[73.21784322707099,20.18597208255769],[73.16848156614847,20.208236940772107],[73.13318337133953,20.20577372283269],[73.14206249364852,20.17737012622448],[73.11585181593901,20.15218041959303],[73.08013607575128,20.173092126395602],[73.06450892549732,20.15865860058635],[73.06015557959458,20.223345110810385],[73.16541730578727,20.285888804729304],[73.15134739193907,20.317277121845322],[73.10136330824369,20.30287961268562],[73.09641717875033,20.360463627130144],[73.07748786835997,20.323013349452776],[73.04251629620698,20.325108680577365],[73.03462615495894,20.291448499236758],[73.00760362612647,20.312476370290995],[73.01005526185628,20.291190264265587],[72.97329392655442,20.270420146810313],[72.93690896624786,20.29473267624062],[72.91690867257903,20.281346319485767],[72.96264621815399,20.209714591960132],[72.85866498713861,20.22459263416805],[72.81596460168107,20.18429390375601],[72.82432443893431,20.14202190046831],[72.78860511432818,20.149135086227048],[72.7940176304222,20.123147838754416],[72.73586443609476,20.13471525275043],[72.738263827487,20.245783984412054],[72.77315055603206,20.336912310849648],[72.8964199206055,20.379588439049485],[72.88280830839342,20.39789045155443],[72.90404738233835,20.41489796062076],[72.85725702309477,20.41977772838583],[72.89532909945649,20.444300916314024],[72.85812030184161,20.46564923697272],[72.89612519024584,20.586792092942392],[72.83269748763244,20.787643034375943],[72.84570183860933,20.800155831410194],[72.73677234423774,20.98537848239066],[72.72484881125663,21.05938520839638],[72.75035083785448,21.063499621949934],[72.69812023541357,21.074165881766938],[72.66982347733797,21.115038353305646],[72.65353359618472,21.050345108272985],[72.61423842295049,21.088192581674058],[72.62798020480314,21.228256469889946],[72.60364156500025,21.236653096858074],[72.58679401281186,21.2958881306425],[72.63857892187906,21.363573107981942],[72.62059112943994,21.36132565978999],[72.64241094370638,21.410568306163267],[72.68730213622334,21.452444538483483],[72.63747849804113,21.4354864892125],[72.65491724548812,21.496541140705748],[72.62761821909005,21.49312660206417],[72.60643664109898,21.57368894396186],[72.7289234892043,21.675033352239055],[72.7902642287653,21.644878827736385],[72.88438877459078,21.68650643203124],[72.79098633106157,21.66092310735178],[72.73933910122679,21.68982143966076],[72.60011905131745,21.680078579605155],[72.5191799687759,21.652133564560707],[72.5162334559304,21.71071382673239],[72.55054257531026,21.79605566705469],[72.61624212952202,21.862934866654687],[72.63323794902038,21.92790199883353],[72.61974259709527,21.944800995668494],[72.58016458336805,21.886525971439173],[72.51681953659096,21.86096022731896],[72.48994551249869,22.02034191212317],[72.5926621719589,22.208841825597354],[72.64695068242891,22.217418854318012],[72.7046896647873,22.182426217654847],[72.80603146381097,22.228038250932872],[72.8754126550076,22.2244642784119],[72.83350162453019,22.271508144821702],[72.75982710942517,22.2249245364575],[72.69614608170396,22.21560553839243],[72.51936911392028,22.255133736387677],[72.29857351131326,22.06049715178803],[72.26810513371477,21.983632355954782],[72.27263447755645,21.884474713134264],[72.22079675761312,21.94633427877968],[72.2560239125986,21.884537290346838],[72.26842460358523,21.71116493251051],[72.30697088101203,21.62479657364231],[72.23535452561725,21.456008321820523],[72.12597393938721,21.329619858476065],[72.08641686385803,21.2485418689057],[72.11232585531558,21.198858807441045],[72.01022954566007,21.134670084138648],[71.81307822369484,21.067467658305024],[71.8064195788219,21.03801419897519],[71.71697445229188,20.99826443399734],[71.51466282789771,20.947738195911302],[71.51766609725969,20.92398970858159],[71.43985755356836,20.86947346528396],[71.3804191481171,20.871314544792067],[71.07169434730338,20.735279908111444],[70.99961117518457,20.74198567312139],[70.9811413259405,20.722686205185596],[70.91949255141043,20.74309530703954],[70.82188605561429,20.691348918195256],[70.43867358569292,20.852240242173696],[70.17175485245403,21.04257846637222],[69.62142611603139,21.618276302843093],[69.59560359610701,21.637734031848797],[69.5899144483364,21.617563484369978],[69.18850592018592,21.986217343227928],[68.95730578196276,22.238584407334898],[68.93666173248819,22.304095402366645],[68.98551963412211,22.415090734519683],[69.06769506097116,22.480152380361055],[69.08419378975162,22.472108189797325],[69.04337442166216,22.4348448434687],[69.06253997867768,22.395821441744893],[69.19519316937631,22.422336777242737],[69.1580398246845,22.312673460894743],[69.23163106523518,22.257249488408885],[69.32126105457866,22.29233806284731],[69.33260364445415,22.32777548733716],[69.41781519284038,22.315575304745465],[69.48428024138776,22.337238644361268],[69.48704832357414,22.368859202882007],[69.5189196273488,22.38242966744706],[69.47593988523924,22.426953965877548],[69.50565088984966,22.449597264133384],[69.57144559454686,22.40963125694924],[69.5644477033366,22.37141174920952],[69.59420897743543,22.38518654605427],[69.6309717554289,22.366218343815877],[69.63922738856645,22.387972125677482],[69.56516261164785,22.43822627692041],[69.62219246022168,22.483231930165967],[69.66337582635941,22.460160307691012],[69.66613618763955,22.412627532807882],[69.68173263508763,22.409120088694685],[69.67204646086707,22.463500110293918],[69.74854786462082,22.499109412400546],[69.74461409951869,22.43741206636428],[69.76751074228206,22.477332778493576],[69.77641922526463,22.42693965311012],[69.80060545408574,22.416742649650086],[69.80334612123333,22.46850786064067],[69.84439097136635,22.475956917158047],[69.86264708360643,22.45624083442541],[69.87362929266686,22.49451788051473],[69.90548041238516,22.500674955403245],[69.83708677225343,22.506478042624785],[69.84025953221801,22.54293049332621],[69.88779064146989,22.54007737562249],[69.9162363179855,22.583753805975984],[69.93397916917579,22.55677176978981],[69.9535495778137,22.58391224694906],[69.92836009244026,22.595082691934042],[69.96558444244664,22.62246571297387],[69.97642961969878,22.594093244440764],[70.03162921961089,22.595724216595983],[70.05851083099482,22.56437891200132],[70.14903077238365,22.559075137670412],[70.21678662084184,22.707538806307575],[70.423673395124,22.93684244290654],[70.42764601623877,22.98543518868722],[70.40123856576582,22.99304833500761],[70.38851313454823,22.943894690868834],[70.34357135285676,22.93127649565972],[70.23796132739315,22.978347579019967],[70.22640581750949,22.951821031745645],[70.16439293420473,22.93828157173776],[70.12076780128133,22.963010837486724],[70.12964842553617,22.987609265319314],[70.11291162820723,22.971292343419567],[70.12802916100249,22.947218642986876],[70.10959366236646,22.95246669660549],[70.10256322798942,22.94087223989236],[70.14045845105433,22.941871730931567],[70.12747982521574,22.914799672999933],[69.88213955761607,22.850357670230164],[69.6955846091517,22.72961807753928],[69.6311948322272,22.76284559921828],[69.5910163334053,22.744825910852402],[69.57331061661993,22.765350092765477],[69.5664972615469,22.743507136841053],[69.53479902462024,22.782677561203805],[69.4370125537104,22.778108518187494],[69.32034398576526,22.830331388609657],[69.19681817036225,22.836511892528318],[68.62986257746623,23.172415689897665],[68.54331180744686,23.262297562750145],[68.53064627873623,23.310231388503034],[68.47326433474974,23.347300231042578],[68.49066380177156,23.386200257457283],[68.54872849920666,23.41404464687108],[68.52927059508339,23.432197484739834],[68.50309206219265,23.413724125032314],[68.49187844514995,23.44159999672422],[68.48070983036308,23.400299651889835],[68.40447229900833,23.40575980419052],[68.39338314274268,23.44977394747338],[68.45591013102788,23.470657900333816],[68.4494362457693,23.500729945536637],[68.47675471102308,23.505969618762062],[68.45039030754965,23.53709790948221],[68.43132530785307,23.513401340652457],[68.4540556964555,23.57046710471566],[68.44172412007165,23.618610101345702],[68.49048414688373,23.626696271733948],[68.5235955380952,23.690020138223336],[68.69667593680869,23.82320265846392],[68.66102040247661,23.833249519704225],[68.67608244477267,23.856657318151562],[68.59210468470326,23.837947045491095],[68.48053962670451,23.727013505415062],[68.4412176502174,23.743252761534094],[68.4542645591737,23.78348432402023],[68.4341297536905,23.806651154941605],[68.39815533599086,23.66861462646669],[68.341223591489,23.581262296426985],[68.27808122544313,23.559728586241135],[68.1840002745272,23.587003072697396],[68.20766913701682,23.586156891369107],[68.17765528755841,23.619194581701816],[68.20846008071828,23.65074455867475],[68.18257100062674,23.65503864100626],[68.20665938835862,23.66888878121985],[68.18165449286711,23.721633160045503],[68.19953165423024,23.84709449084777],[68.27574372418769,23.928768746020534],[68.32865498291059,23.922346767689508],[68.33903483578995,23.96695177077188],[68.36893287474457,23.98477390372166],[68.3896602326675,23.966593769035732],[68.75302599039051,23.971310423266683],[68.7647043461887,24.295843708052608],[68.80822979707331,24.313600436459726],[68.83070759496644,24.311861423439705],[68.86482148066231,24.212780055693155],[68.94528378423175,24.302492760638497],[69.00532841223006,24.22311965839334],[69.09475349056406,24.27449428401061],[69.19375350705064,24.23611444886747],[69.31273964023518,24.281601873252637],[69.49400610667699,24.267780141005538],[69.59444602145652,24.292398466223208],[69.73121404867031,24.171056604999308],[70.0250573147172,24.17128490974776],[70.06681012964663,24.199159177221222],[70.10986838097905,24.294974709538796],[70.57312169388882,24.42236230915394],[70.60246854024462,24.40812271889487],[70.56204197151227,24.354456479826087],[70.58453131169644,24.29036247968849],[70.57122975724195,24.251734940249484],[70.66694316435857,24.21958279655652],[70.80545966824164,24.220854107783936],[70.90725775568498,24.258779152880578],[70.8745050888139,24.294490341748666],[70.94767983354384,24.348051734133453],[70.98654248021163,24.36470894230959],[71.04213371043151,24.35125242690324],[71.12184387181382,24.405660752845655],[71.10306730718645,24.43569636316335],[70.9985651839522,24.44442675708905],[71.0052097672941,24.52302074318417],[70.98735474440728,24.543420543045766],[70.99882236803627,24.6218425606885],[71.09637936943348,24.688540948894776]],[[74.17458000029814,22.41670999963782],[74.16463000038712,22.396940000777004],[74.17839500057983,22.3876049990138],[74.17458000029814,22.41670999963782]],[[72.96160818424944,20.332191925137973],[72.9715106745407,20.297255307708113],[72.97864776460698,20.331681872120637],[72.96160818424944,20.332191925137973]]]]}},{"type":"Feature","properties":{"state_name":"Himachal Pradesh"},"geometry":{"type":"Polygon","coordinates":[[[76.77273853467736,33.2494970234341],[76.82152122064417,33.23486930328409],[76.84457100857406,33.245689190264365],[76.81926759124802,33.156265305887075],[76.85625054686102,33.11359164381647],[76.88999826803375,33.11637348181613],[76.93383376834677,33.02738258254602],[77.01015592384078,32.987873370635555],[77.151003621654,32.977258480236095],[77.15633750390658,32.91062541778781],[77.18834702296216,32.92787249042792],[77.25443636543937,32.863089333418934],[77.32226484781805,32.85060593661272],[77.33888173919243,32.81597034049444],[77.37328295378639,32.822642016109974],[77.40735690611425,32.88317184860365],[77.46849952715561,32.85764416205173],[77.67001695049431,32.95662293817165],[77.68199132369148,32.98327808861703],[77.7292662519716,32.968977703129454],[77.806834644233,32.902430285785556],[77.77799961565093,32.86181340097067],[77.86414369794439,32.82526878902688],[77.89734444694041,32.77216935776185],[77.9325633219335,32.76067700098747],[77.91835058634477,32.68994419979584],[77.99867937426964,32.58296967281697],[78.05194413873353,32.58836143371368],[78.05013151426105,32.63207090062355],[78.08155437727487,32.62069918278026],[78.10969575427468,32.658579641116425],[78.13779233715704,32.638728754895496],[78.16890803251266,32.67542124308207],[78.24548857489772,32.67138495345944],[78.31223358587474,32.709128718216135],[78.30899109705696,32.73620683849131],[78.3869838306028,32.756846650706855],[78.37962119101462,32.65396660328723],[78.40351180255878,32.62020776841913],[78.31285597726614,32.573676164084674],[78.28307095088641,32.46864370694433],[78.32746108534982,32.44346509232648],[78.39794746642957,32.52483962314472],[78.46124808738145,32.503797021568445],[78.46554919952587,32.45466181482588],[78.53350546183081,32.41546018414749],[78.48478779189759,32.34913626594539],[78.46083985098954,32.24170848742931],[78.5879524383349,32.23610088108895],[78.61469130092472,32.20880527548753],[78.59623236993238,32.15776958060579],[78.6176658113581,32.11522499947352],[78.65660321482629,32.111483871246065],[78.78855243571925,31.993231553044414],[78.70985362951544,31.786615139427788],[78.74119036710252,31.757609192485255],[78.72839171091668,31.74174343718442],[78.75401918052009,31.685647661815278],[78.798219454328,31.681814891622196],[78.8533415067502,31.607426414560145],[78.73595317448091,31.52853744484204],[78.73428418980423,31.484983986218122],[78.81277826622883,31.449737426421063],[78.7920576050068,31.39552598459722],[78.85876762195979,31.36637392292136],[78.85464742333744,31.32345771935785],[78.89184198594278,31.288520059807432],[78.88545150777831,31.269400784563985],[78.9859133020249,31.173889424235636],[79.00892180736764,31.10998097523573],[78.8854385417396,31.098779325743333],[78.83120932892619,31.140652930142256],[78.80991688675671,31.198342168014882],[78.65791477499594,31.185170110630974],[78.6093444533415,31.229317842530328],[78.48375294465812,31.19899468103613],[78.45573838192689,31.241055428857695],[78.40695164746025,31.2422456845206],[78.37031540008458,31.286392503912328],[78.31105837674073,31.283167550083185],[78.30632650278018,31.259951066219912],[78.28286581667918,31.266268781272537],[78.21244115137928,31.21962678449749],[78.16022432476453,31.225535056006663],[78.10361894219925,31.185437507490466],[78.04263751815583,31.178561179694665],[78.03033884906553,31.151024700200157],[77.96731983806197,31.17342370256166],[77.90130726410216,31.15188154091685],[77.85123114397241,31.073422885508982],[77.81151583122745,31.059043892593287],[77.82981795679649,31.02881537983947],[77.80750603765598,31.016269094777137],[77.83181326533416,30.99404919449418],[77.81442375896683,30.961779436031886],[77.83758954479896,30.95322768174118],[77.77237930771963,30.97440380633827],[77.74900148631627,30.953535458284488],[77.76279172443742,30.918236099527444],[77.8132944392296,30.92192358394288],[77.8055332764956,30.853305173417304],[77.75821932544083,30.87685266462128],[77.74402889495954,30.846955245531802],[77.76127705681697,30.82622909055025],[77.70377104812867,30.765175234220123],[77.75582255731236,30.706952851051412],[77.74740216079525,30.67990409572791],[77.79252322077012,30.658740001236847],[77.79625551986253,30.61379915525672],[77.74314951932077,30.59315989660179],[77.77402367049525,30.557894288117243],[77.81779704768435,30.56111250844121],[77.8268129679112,30.527804465255137],[77.69024063422215,30.448072274618003],[77.58618285078259,30.421635223692856],[77.58103368528526,30.377694631953858],[77.52320246553997,30.443531045516988],[77.50248488976047,30.404668442176177],[77.44324006019619,30.39539636330642],[77.42232268910635,30.40972686517132],[77.45884930767303,30.432854680763764],[77.45647964753738,30.45566246833116],[77.40472285710081,30.40864464800415],[77.40728103799516,30.42716304927162],[77.36429236299237,30.43272857158498],[77.35423387331565,30.458208719127118],[77.32085422253647,30.445831783786037],[77.26891575265222,30.48133058938521],[77.21073443512228,30.464776220210332],[77.19514796768348,30.52315290204881],[77.12293191070432,30.562867405164965],[77.17231468026291,30.601309503197328],[77.16120698079338,30.690981368800784],[77.09578952104415,30.738747233137353],[77.02053166456678,30.740053301395854],[77.00111972378615,30.770039325686213],[77.01224560747292,30.809898060201363],[76.94262696796272,30.817483770906318],[76.95123889541829,30.850577490769926],[76.91686029839893,30.900820559058612],[76.86956667764652,30.873177066901057],[76.82297882170519,30.928298190306204],[76.77236272462753,30.90641039617568],[76.70960643662417,30.969773204375944],[76.6248590568159,30.998780390606544],[76.61097434952815,31.045885746981728],[76.6385763049038,31.107998411379484],[76.60205485939474,31.1238895682088],[76.59990022921615,31.177188181202364],[76.64178497235582,31.22273191065876],[76.59316158699892,31.21172342940428],[76.61215822375883,31.247889809921144],[76.58766502031686,31.274252400583734],[76.54919020521645,31.252816773760895],[76.54290867650752,31.28247140703137],[76.52378228148638,31.258197588040296],[76.52741673814701,31.277229535264457],[76.49733754981945,31.27054476486705],[76.47951423407284,31.30821802918199],[76.43968961466855,31.279090204941838],[76.46381269068225,31.30145984712725],[76.3751630318427,31.437006312565174],[76.36779474203051,31.403950333710508],[76.33114001589944,31.401242448011487],[76.3544457731403,31.344964348773367],[76.30757957062616,31.342651756580008],[76.32260345361996,31.321673996774418],[76.27574745755027,31.300647797358845],[76.17980393911087,31.306597396453046],[76.17880424821061,31.340536001159375],[76.1468719602906,31.359043208140903],[76.16862163063855,31.409715540875695],[76.0551659842218,31.605658911757917],[76.01772157003133,31.63218728483628],[75.93666883329581,31.815455386787512],[75.98647279057228,31.81796590263603],[75.91038580571616,31.950178965697297],[75.65810660628834,32.077728480875706],[75.59484394230974,32.069872306956704],[75.67307952925246,32.15876991795675],[75.66190799874946,32.19304841330338],[75.62423450530507,32.190328089109684],[75.6387942448558,32.22190169679634],[75.6178195643569,32.23660858256525],[75.77057188944643,32.28868874656373],[75.87349761457357,32.39553958251],[75.93649423162695,32.39741793817282],[75.83332101403796,32.513334633427306],[75.93047718186273,32.63188118062361],[75.93653627236058,32.64817436739031],[75.88934794548531,32.65322881885116],[75.92605603543295,32.74572975240694],[75.80135311058791,32.88566527412718],[75.85005490816762,32.929906871675186],[75.9539598073587,32.873390324126554],[76.0881251350588,32.95621732097206],[76.11232815711054,33.006314186957574],[76.27843682858774,33.03779999036149],[76.29182572183478,33.10317320426927],[76.41011326496776,33.186470985446654],[76.4867820430919,33.179434699253704],[76.56744142122764,33.2102632457893],[76.64632540837661,33.16229071286465],[76.7483018067882,33.179359872905465],[76.77273853467736,33.2494970234341]]]}},{"type":"Feature","properties":{"state_name":"Haryana"},"geometry":{"type":"MultiPolygon","coordinates":[[[[76.44073802770896,28.120776047353473],[76.42290720206442,28.114294434375463],[76.42889986127159,28.138395183110887],[76.44073802770896,28.120776047353473]]],[[[76.82239121217053,30.92859808447781],[76.86956667764652,30.873177066901057],[76.91686029839893,30.900820559058612],[76.95123889541829,30.850577490769926],[76.94262696796272,30.817483770906318],[77.01224560747292,30.809898060201363],[77.00111972378615,30.770039325686213],[77.02053166456678,30.740053301395854],[77.09578952104415,30.738747233137353],[77.16120698079338,30.690981368800784],[77.17231468026291,30.601309503197328],[77.12293191070432,30.562867405164965],[77.19514796768348,30.52315290204881],[77.21073443512228,30.464776220210332],[77.26891575265222,30.48133058938521],[77.32085422253647,30.445831783786037],[77.35423387331565,30.458208719127118],[77.36429236299237,30.43272857158498],[77.40728103799516,30.42716304927162],[77.40472285710081,30.40864464800415],[77.45647964753738,30.45566246833116],[77.45884930767303,30.432854680763764],[77.42232268910635,30.40972686517132],[77.44324006019619,30.39539636330642],[77.50248488976047,30.404668442176177],[77.52320246553997,30.443531045516988],[77.5547980463099,30.39092110809369],[77.60434680939416,30.368542769935942],[77.58354878500334,30.307416695480484],[77.53825210115406,30.278573845624155],[77.47724575626152,30.182433529973494],[77.42408187219787,30.1571428523047],[77.40249775367703,30.111023499572003],[77.4207803583715,30.101614856011338],[77.27777517639794,30.041862257291942],[77.2760084679261,29.996091819829772],[77.18576344601158,29.907562678300906],[77.20203693322259,29.8689387005651],[77.17940554996586,29.813108264627157],[77.11981081333778,29.760110045711443],[77.15655651608714,29.69261734790729],[77.10621158902609,29.63236059599922],[77.10952635198021,29.597469950708895],[77.08395553875083,29.587274664931726],[77.12683748240163,29.559481018970775],[77.09637073063432,29.51952942047619],[77.13320727365442,29.483185078609],[77.1232053907716,29.455422262555402],[77.14841697270029,29.434131092185464],[77.13335140794769,29.4009717136473],[77.15739688224004,29.387359241618967],[77.12328668640752,29.370393180079297],[77.12959175211962,29.342576966226606],[77.16115368105429,29.332411038941203],[77.13142322198263,29.217464839345816],[77.149057192863,29.117825747368993],[77.13396566618972,29.096050241442992],[77.18912123037897,29.027712823712747],[77.19547022730481,28.940498038426874],[77.23235134267563,28.91977352099792],[77.22808588843299,28.881235051050748],[77.19545265684837,28.886247633830596],[77.20983743192032,28.857930285981134],[77.15708402587664,28.836739564001252],[77.082659655767,28.88357268072877],[77.04003588702494,28.831873627195634],[76.95080938304162,28.818309374841657],[76.94823861572996,28.712811544537168],[76.96785657885891,28.699489430126974],[76.92506528991512,28.650018126722873],[76.94375190143514,28.628343566589955],[76.88826747283065,28.63193294532779],[76.83895957247317,28.573144666001326],[76.88392966580878,28.500892808488548],[77.01012827371602,28.5147131771988],[77.00663865747532,28.54135979140106],[77.0997967889678,28.51126918977278],[77.12381986168366,28.44541895411547],[77.17449549236616,28.4046263595724],[77.24924502673043,28.424149540239064],[77.24341192269833,28.47888264850093],[77.31409957104687,28.483632938313583],[77.3451162797944,28.513256276660957],[77.40005882939917,28.45566799282094],[77.47763153453565,28.4190784346546],[77.50471506511215,28.36993865539818],[77.471265723772,28.334966980728563],[77.50703243621696,28.305624770047704],[77.4927316030739,28.25193632451589],[77.55041955066673,28.242358450772016],[77.52129046040697,28.224485209713656],[77.53037332259267,28.19874894466453],[77.49729217754562,28.20596527816235],[77.50120810999081,28.18171806765823],[77.5496201062019,28.17987491925975],[77.50207952631031,28.161201477569893],[77.49135260877611,28.13657495680723],[77.51233467880053,28.124989300989633],[77.47434735805614,28.08675547545435],[77.50123678225218,28.05855683955509],[77.48363593758205,28.040488543433646],[77.5424051740607,27.989271123998954],[77.51885419413614,27.962398286770927],[77.5450062538839,27.953599604922676],[77.52938595187179,27.925521054110618],[77.47527952181925,27.929285931523122],[77.45764012091364,27.874524441322368],[77.41876515116151,27.88948613956165],[77.42175320410001,27.85437473696726],[77.3483271761848,27.85558332451272],[77.24173092088697,27.78441075738667],[77.20206628945355,27.82462714290794],[77.17701735238333,27.786336565321868],[77.18960312668516,27.809856838578003],[77.1595040040898,27.81720424140707],[77.13525045268035,27.775989089884057],[77.04479022927097,27.821851176030638],[77.02656866140077,27.779274642354935],[77.0759246117953,27.7665406983448],[77.08565332196214,27.738124274283322],[77.00008972399804,27.73700446384682],[76.97908747389752,27.653631748294412],[76.94307263996566,27.673850122805515],[76.91067481237192,27.654644241633434],[76.8890625824718,27.69722020683309],[76.92443849974525,27.699956425500396],[76.89225859601788,27.732361050042208],[76.9135652931371,27.832014482142288],[76.94229423417143,27.842933068853537],[76.95158402194411,27.918345674651153],[76.93151402001752,27.92266257373544],[76.9307866984088,27.993581295338615],[76.97040108202263,28.138460553862952],[76.86813267133411,28.219769760159174],[76.80839104188557,28.210906493292242],[76.7948031035659,28.148431690987316],[76.65719727987037,28.089271487598676],[76.66814494454957,28.013865941392027],[76.58876503225169,27.997988982825888],[76.5481254490682,27.96387619129703],[76.5438028247756,28.03423592869351],[76.45466121710821,28.04234812250129],[76.5014727092196,28.060033841466513],[76.44783807598098,28.088978536083122],[76.46367564885864,28.108974554439513],[76.49931669494212,28.10062807269028],[76.47576731271083,28.14855894143779],[76.38072594386543,28.13343132638624],[76.34524029781663,28.16942817018714],[76.29224118338692,28.17916399493862],[76.29758417046244,28.149154381422342],[76.35985819467129,28.124928165481883],[76.30139566608086,28.098090078083047],[76.35560094290851,28.07072717928885],[76.34231233363305,28.03059027963934],[76.29897687830145,28.022730318756615],[76.26096151138456,28.067556418774558],[76.18040550397755,28.054545065569513],[76.2147403831008,28.0266071673697],[76.17689069293894,28.02157223119318],[76.15778123997094,27.988941779269307],[76.18662870355843,27.965489613796716],[76.16815971799919,27.903402905038096],[76.20149358904676,27.892446055223875],[76.2177089707628,27.81723862824111],[76.17858799696309,27.797458586623698],[76.10467742954121,27.856544600812263],[76.04808003514175,27.83500733278215],[75.97137261441335,27.851990196382992],[75.98731457047624,27.90415060527342],[75.93230373600471,27.929863451708957],[75.95176621368213,27.947692779906237],[75.9727335609823,27.93275720278149],[75.99998836735415,27.977623616239498],[75.96581803861977,27.98363433881441],[75.99553786986807,28.006951859317756],[75.9727309542847,28.023657059565377],[76.0163260102777,28.030575490355957],[76.00830147743338,28.058416880083534],[76.04073475854173,28.074004268366004],[76.0232019042345,28.086001450513095],[75.98442364007,28.04710981025709],[75.98341061611892,28.08137460957111],[75.93862480589469,28.087961546941788],[75.94558977508312,28.107138067381335],[75.9989924211866,28.122797274293497],[76.03180143807222,28.16788165280881],[76.07068306838349,28.165112418661256],[76.07489234926274,28.137119882805287],[76.09545455376184,28.150854885754153],[76.04740205506758,28.198196334187884],[76.0559254736107,28.22016739207031],[76.01615100945376,28.237061990770542],[76.0263180966809,28.2750520910089],[75.95809456802884,28.313739496963972],[75.91814988462428,28.372032210146145],[75.81865312866593,28.40995101453732],[75.77686325224522,28.400458771692644],[75.78827797295172,28.453593977388408],[75.63337562676917,28.54463076068011],[75.62168650653946,28.602108110348702],[75.56154744487428,28.613207499555486],[75.54061321957585,28.749269610008998],[75.50344712967733,28.782444204660354],[75.5202229821456,28.834039271374696],[75.47337232219485,28.923424327921566],[75.51153988906054,28.94210428145059],[75.52180444447104,29.00390860338342],[75.44569827577669,29.00840522786385],[75.44178803071483,29.057563586577626],[75.39124991921214,29.062767299380987],[75.40214984266632,29.127929945063332],[75.37152115978161,29.138131689021876],[75.41436526502608,29.184349142171882],[75.39680974778153,29.217575974138295],[75.41056049469717,29.255643044172],[75.3789553730636,29.256900757325806],[75.34974766622676,29.223851744681117],[75.32814928953206,29.235254025086135],[75.34058979632282,29.28117768562232],[75.32294101742751,29.289513030670328],[75.23837532375278,29.230282922145015],[75.18810519990465,29.268280425652783],[75.1195855944563,29.222907567487244],[75.07551991517944,29.229734151499855],[75.0500832438462,29.286129771277025],[74.96114510144723,29.280624768545135],[74.93833794729113,29.36198286424928],[74.85059578558244,29.403626516739028],[74.7621781648952,29.354419254308386],[74.658201490345,29.372008874834364],[74.65448316482473,29.33297837024687],[74.59925937301381,29.32750374591271],[74.60287926429548,29.364951698644752],[74.53462784837639,29.447754475173724],[74.54375415968225,29.468014528011313],[74.58462142617634,29.45854461472776],[74.62188005304212,29.522376371806324],[74.5749544317422,29.564247629751875],[74.61610268837653,29.752198879908693],[74.58727835543175,29.76694845649374],[74.57593743571974,29.748360678527103],[74.48038098546479,29.74353941731868],[74.47379234136581,29.768386342616225],[74.48509384647238,29.815058349593965],[74.56104761457846,29.86968688803252],[74.51003123029182,29.908236292037742],[74.53175494734683,29.949240554511977],[74.6468388308674,29.904388945540042],[74.70665389308367,29.97693854875707],[74.7314054379833,29.96151247579995],[74.81244526025479,29.992376083525798],[74.85546826627953,29.956404059718576],[74.88797928395982,29.967169162903986],[74.89728926558917,29.939452636505823],[74.92674766541622,29.95029300586408],[74.99092472724372,29.867725165687816],[75.0698143998102,29.877094129912837],[75.09879707180033,29.91280269528569],[75.11471460664524,29.87870057401271],[75.09010868337599,29.853951507698802],[75.11887350963677,29.831635620098915],[75.10055840858078,29.80712989792001],[75.13497362552414,29.807339823948965],[75.1509665042699,29.775572369042713],[75.1656184713339,29.82609218604548],[75.21028452494387,29.832922829011455],[75.20854219990522,29.79319834479234],[75.24133006544612,29.7505322675844],[75.2006208750629,29.726521861627553],[75.20677622833492,29.687550293997663],[75.16757241025442,29.66957669835284],[75.18309756095097,29.62839812888132],[75.23536246174508,29.60310955330216],[75.23540443097828,29.542223509402206],[75.3094110813194,29.56101939580084],[75.31984635181486,29.587517297304977],[75.29575221148689,29.62511529291586],[75.33374336331563,29.673519726076815],[75.36014776700523,29.66264294845266],[75.34571241148615,29.696033037990624],[75.39218434993147,29.713412696642415],[75.40629171488446,29.761297132524128],[75.45395836987404,29.78204878328036],[75.45952233466565,29.80755849781084],[75.52293739825434,29.75850640974407],[75.56209972396022,29.770268836797978],[75.580052174082,29.739473545324582],[75.6289605896734,29.749493583032528],[75.64244210110843,29.77512754455289],[75.70642363889307,29.75322919704911],[75.72079033099402,29.813560938598947],[75.77935094264777,29.82240714932452],[75.83764969738475,29.813102255774545],[75.87021173744495,29.749395286627244],[75.98439844375024,29.727154565586112],[76.02622389419484,29.756222649039646],[76.04325992172654,29.742749153525814],[76.09806437825601,29.810657631925352],[76.12395176773367,29.79102096844372],[76.14546742039207,29.81912916664445],[76.24379832367265,29.852456875721394],[76.24672472909295,29.876008997659603],[76.19334044416954,29.885786858199427],[76.17196972370122,29.926450423947042],[76.25346742486003,30.08897201652233],[76.21673086619106,30.110092009506594],[76.2076415178162,30.1566015253654],[76.32185042658281,30.095131056403947],[76.3602147941654,30.120221523532187],[76.33348945879499,30.138218283252264],[76.35047634371563,30.14688598396967],[76.36208821546286,30.120258715482414],[76.40004660576206,30.11672068203295],[76.41007670866911,30.145088066290914],[76.38716409965953,30.17064618788354],[76.42272312146838,30.192292899844805],[76.46253429010693,30.101069006542808],[76.54619782381891,30.075881553095567],[76.64217521619257,30.149656712710446],[76.59988895841413,30.184744506324584],[76.61416557210156,30.204479522088945],[76.64503169454179,30.1888522147999],[76.63591440322034,30.168636477369873],[76.65609230893274,30.185253568340382],[76.61577428632961,30.20906097234946],[76.6273787542071,30.22409410468899],[76.59610439571568,30.25571343065537],[76.56273840699336,30.225826684971967],[76.54804982118402,30.222497656025787],[76.5566130240526,30.26237216975921],[76.62341543783987,30.26460190451593],[76.74582493396228,30.349400246556645],[76.7128830950513,30.390355790191492],[76.74103730717363,30.426260341924408],[76.77631547345747,30.441335724233884],[76.78960880668814,30.415019821545382],[76.82338056571761,30.41160461997951],[76.84677182682682,30.438131573505977],[76.89751395790853,30.35935190353908],[76.93672968690475,30.385803102325863],[76.90651334639388,30.435743104289624],[76.8864198655072,30.429676079125787],[76.91226065743241,30.465802458985035],[76.89897276384261,30.48885980849191],[76.93113382866811,30.500920705102253],[76.93200580646469,30.52224003498487],[76.88648746559446,30.549881533678573],[76.9160916390562,30.553647418923827],[76.92597767030925,30.610121090267086],[76.87120551541554,30.64217752081431],[76.87642772790346,30.68055282423927],[76.83152760215147,30.664801965575478],[76.85700213358132,30.794799836534594],[76.77611996149835,30.90591524031604],[76.82239121217053,30.92859808447781]]]]}},{"type":"Feature","properties":{"state_name":"Jharkhand"},"geometry":{"type":"Polygon","coordinates":[[[87.58407247311965,25.349372083600393],[87.69205435249287,25.311594393717307],[87.71121986274028,25.257569059376586],[87.7913568477545,25.223634073540502],[87.76849344028548,25.21790111979619],[87.77861000166668,25.099439999905016],[87.89960000035495,25.003820000018468],[87.90060997060398,24.823491012687736],[87.87008236784145,24.826110322551013],[87.86908454058735,24.774735367806727],[87.83661679747145,24.76578678013588],[87.83617441811518,24.789774901022316],[87.81768543088774,24.756607881551513],[87.90784997912098,24.72122934945629],[87.88863514224288,24.679126560402494],[87.91699840354002,24.66569335845941],[87.9142232158214,24.63700123873747],[87.87523246974044,24.613667839260994],[87.91345736039816,24.59672843075752],[87.8520471987624,24.55385370144619],[87.77172748416253,24.583580795467544],[87.80623252132081,24.553826253442253],[87.79425980662299,24.501256610987333],[87.82821742499802,24.49857298007195],[87.81073462864174,24.477001608138846],[87.82485817689816,24.460795470607135],[87.79490784925422,24.436409433208226],[87.78876605243552,24.414875074802985],[87.81256963803501,24.4124279180681],[87.76139842650736,24.308154811592303],[87.71315584841342,24.293746047302175],[87.68477757145617,24.246204484131443],[87.63882655091103,24.25470080891508],[87.63795391335951,24.215402898436743],[87.6946456529297,24.18608143032605],[87.69372173832038,24.150013178062768],[87.57594273329497,24.160896172012652],[87.61028897459082,24.132384773193262],[87.55889085182568,24.081365644717124],[87.4975979625455,24.117794060170574],[87.48965742394932,24.090229181799188],[87.5110948231142,24.08277825573181],[87.49342409117732,24.05397164781671],[87.51199083607844,24.035963099822332],[87.43798813602457,24.012873251093076],[87.46006243880365,23.984117229983262],[87.36061272773014,24.012769900575034],[87.32922267944859,23.99865892710268],[87.33702299080456,24.033939660794587],[87.24543778221584,24.0449894712631],[87.23374319315747,24.0243782532546],[87.26283335817041,24.003530191535752],[87.26248056142815,23.96717539830048],[87.29300131088945,23.958990883256448],[87.29538421898008,23.902033054798093],[87.26953011480173,23.874366066944578],[87.24624888344495,23.908673094291846],[87.2407213721744,23.825752559360634],[87.21745724149055,23.8298005814632],[87.23392247893919,23.856421948102316],[87.18940621010894,23.842292977833708],[87.19675970486433,23.857791470546232],[87.12947014988063,23.868857482878],[87.16730155964346,23.824999078923582],[87.12256846534378,23.796119083592668],[86.97390190606761,23.868857024690662],[86.9469200272482,23.84597361649093],[86.91567837740037,23.883105703155206],[86.88132230641722,23.863062292738334],[86.8898715969133,23.819581061643714],[86.87466007837222,23.847488057968558],[86.82662522183134,23.814124407521756],[86.80548408918487,23.837458645615104],[86.82831611363818,23.753212245869946],[86.79937173532178,23.68892951453055],[86.74806251981856,23.678906573572032],[86.71300365459837,23.69853078010718],[86.59824735982423,23.67381867347713],[86.5287859405673,23.62979701558684],[86.4618924941389,23.629714404969995],[86.44724148889672,23.597941065725845],[86.38791022008304,23.574035275662236],[86.36518323922736,23.53101390334672],[86.3792172961572,23.473687227034237],[86.34891269780503,23.440330504192367],[86.30570292127082,23.43503457039535],[86.31018919756023,23.411768649567087],[86.26417218605884,23.430771198166564],[86.24744957959047,23.411660873100868],[86.23043937901933,23.430970188064478],[86.24605655346978,23.459597690232084],[86.22888109212269,23.443282017056557],[86.14845676997993,23.465350787787237],[86.15854095358586,23.559465252718606],[86.05187535824223,23.586225764555415],[86.01682283647231,23.547466449219247],[86.05417578610323,23.48686705207054],[85.88674591908669,23.484719824115533],[85.86309448810641,23.462416747639065],[85.86357214864844,23.431582108772304],[85.90268292457257,23.39845220264742],[85.86979510791284,23.388841151196416],[85.88359737707616,23.350297174078015],[85.81988730672755,23.267528617580304],[85.89429154829593,23.155160010180445],[86.04371211333142,23.144866094731217],[86.04921951801319,23.105995975032364],[86.13274067398542,23.08401277620766],[86.15743093921279,23.030500676340015],[86.22306835113844,22.99477156588654],[86.30462145434724,23.016717823076302],[86.39401101628376,22.9809630785377],[86.41980636680448,23.000538450048573],[86.50140503497734,22.99463687524666],[86.51893616853006,22.970508932454578],[86.5470492461046,22.98933911481091],[86.52551151855471,22.94722762169915],[86.47662033812964,22.951793889632402],[86.43584818032316,22.925828546630953],[86.46734787162254,22.900815548477915],[86.41943164689697,22.790920533300206],[86.51072419342344,22.704680243780054],[86.54807308896605,22.72080247377114],[86.63509589050294,22.665529332600656],[86.63318630907217,22.61096116060153],[86.6585907526559,22.57562257203962],[86.76586711717346,22.575623836400506],[86.80095263705333,22.488276391134274],[86.75071232859746,22.482407151688587],[86.75116518890583,22.455699153257633],[86.76480432828723,22.426561854012334],[86.84559380415618,22.39979105636348],[86.83259618538027,22.326142536016885],[86.88816401356796,22.297102458551414],[86.88719154183158,22.257536374121763],[86.81347440805678,22.26745198792017],[86.80306257555276,22.244312145395572],[86.79226805030778,22.26623394616206],[86.802284202341,22.217849769956295],[86.77773569388555,22.23668189635047],[86.7511429346048,22.210995322629635],[86.6561029582483,22.23571137377769],[86.64641761405541,22.26778210837533],[86.53441279297232,22.301059820486493],[86.49696372880584,22.34710227315159],[86.44644422623749,22.32729837038431],[86.43966531329019,22.30319524558776],[86.35957613491973,22.348689858783445],[86.28342798650299,22.44775034418498],[86.11805584151284,22.48687451175865],[86.04547027279929,22.567438468454917],[86.02855353123424,22.52397346479645],[85.98452983286504,22.515044684828023],[85.9571294779803,22.46473689420169],[86.0181585391894,22.425723063174463],[86.0270571770444,22.394967133190637],[85.99805739468849,22.341648272444687],[86.0487926382818,22.307908948400623],[85.9738849764227,22.246991945684275],[86.03130512007053,22.189918145897735],[85.99678397110021,22.13227055149402],[86.0092556918008,22.115736351060306],[85.91038540019586,21.96969892633747],[85.76604514616184,21.994832993953626],[85.79573022369226,22.080638273175378],[85.83835717160079,22.07943676286831],[85.80981581789051,22.115678473498306],[85.68528090182838,22.054443932386878],[85.65386867657098,22.094585982303663],[85.54515970747882,22.08965654299191],[85.39785625964247,22.163104303662656],[85.36613068674781,22.158833805882576],[85.36606760900568,22.122621027927934],[85.30965626641482,22.117851263606006],[85.23679195435072,22.009305181560915],[85.18018410466368,22.073310817723698],[85.17409171645326,22.051530082064133],[85.15481718599837,22.07841428669376],[85.12191500858744,22.070749931014657],[85.0985252420593,22.105832136372992],[85.04188031226205,22.11591857913864],[84.98439263968137,22.085913949885473],[85.02844954885025,22.12213089252155],[85.07100491791387,22.274565113053338],[85.1169957897958,22.294381981014002],[85.07658031237119,22.35606771143896],[85.06709992402742,22.484133699240665],[84.88619045169064,22.420129022148455],[84.88010167946487,22.44885431775059],[84.83687621325379,22.431441284705006],[84.81022616833704,22.453291565216272],[84.7590567450619,22.44663612190195],[84.74989257767618,22.418957846010127],[84.53527061465307,22.427022864090574],[84.48024733205696,22.413316195951015],[84.48517771324497,22.38919428771385],[84.43097693273714,22.372969953962116],[84.42944204649218,22.35242822114389],[84.29137466459004,22.34282581819944],[84.15629823967714,22.40767196478309],[84.14084916817693,22.473854344453542],[84.00881327893048,22.5252668095988],[84.0095054176624,22.573048521133146],[84.08401616704077,22.63811640832196],[84.1524675599726,22.636800619919434],[84.2334633780541,22.68075595332847],[84.2318630492643,22.7418325837954],[84.28936645068805,22.766227425532307],[84.33361677416178,22.860568471421164],[84.37250240779007,22.86526327810904],[84.39597613717255,22.938847414424938],[84.37414258776408,22.979076173653834],[84.2841582378614,22.963390549914237],[84.27733765718173,22.992911302860332],[84.21921554269043,22.978760690076502],[84.18580179341998,23.02709172305635],[84.17831396293055,22.979795712135584],[84.14949000638234,22.965415298924928],[84.13337460463838,23.08317745631558],[84.03746899884067,23.139878617190863],[84.0746455367508,23.333408339794136],[84.0509622347124,23.374509472939746],[84.00571113904024,23.353870693807476],[83.96234487155976,23.385346325750834],[83.98166392455997,23.42224706398039],[83.97100607961679,23.46692248819053],[84.02799731807504,23.545511566690006],[84.01657314462263,23.634355265142172],[83.93190604218978,23.620413475392812],[83.93769368925078,23.568992071125262],[83.77532002395577,23.60895421190835],[83.72285956510206,23.685864698195743],[83.74606788192088,23.719494893362516],[83.70534695125448,23.820757310251764],[83.57118997491706,23.862135439883964],[83.58574782681818,23.886420713669388],[83.5534440624341,23.898068172475035],[83.5157197465535,24.02716628768468],[83.4514921488259,24.042730892932877],[83.43166344516348,24.085937782568998],[83.32983492506311,24.101664782417828],[83.40910569286649,24.26624960459687],[83.38007201887058,24.313102132283202],[83.4572782541057,24.36450105670634],[83.38660590711244,24.448143812870462],[83.4016279742565,24.503425519799972],[83.50579391493628,24.52561829895368],[83.7186596604164,24.503300134934026],[83.87271589074646,24.53214892156378],[83.93681497479352,24.54961893255023],[84.00778023627844,24.642873160533703],[84.05213083601603,24.610347057677906],[84.1083695011216,24.47744070711751],[84.14074443084903,24.500455636090308],[84.14566880280061,24.537479325821362],[84.17858477060928,24.50510340171981],[84.18834210490742,24.553254185963397],[84.25690265533885,24.526869789997875],[84.27052986042608,24.560072959935198],[84.29725209472352,24.560422307847407],[84.3275117551859,24.50036829391021],[84.29740348198936,24.449119953981203],[84.33558334807636,24.431286010995567],[84.32057584387024,24.42098696142561],[84.34199971886106,24.3932029571637],[84.43054219093645,24.35653179550794],[84.42449733896825,24.329787880751823],[84.4600462499191,24.337342229749506],[84.4837131737396,24.312875108378886],[84.50506243847377,24.331354564800236],[84.49624931879018,24.286269471951737],[84.53171696813295,24.33861818620612],[84.52782004279969,24.37643501683903],[84.57225674820661,24.382701778028913],[84.56758006773451,24.40915131423866],[84.6650203783332,24.390850741554086],[84.68644676413972,24.456675650233713],[84.80213715555067,24.53051427350283],[84.83881257900717,24.512667368066868],[84.83987206720529,24.452324214467925],[84.88734929880111,24.463166469187275],[84.90408679582869,24.372171314962806],[84.97469309841226,24.37461802582078],[85.07956171430224,24.43341928621812],[85.08891678365835,24.37226620061528],[85.17397960638652,24.42052336903973],[85.15266752937569,24.45512612700592],[85.22615236194741,24.463193957166066],[85.28449919361965,24.493409278248006],[85.28824199185347,24.523005038269254],[85.39174590217337,24.52987198201226],[85.37096728135658,24.555201065017908],[85.43452607094227,24.527969634435394],[85.49846861585982,24.546389694268473],[85.52385994144687,24.52089976990703],[85.54096630948041,24.56230391659543],[85.57172477409898,24.561565250895168],[85.5806673687669,24.600690249449364],[85.66804076212527,24.578969735678502],[85.64907043355414,24.68448145297882],[85.70725576300765,24.724551317264158],[85.70750342934305,24.77955114121116],[85.73672567198224,24.82071429056759],[85.77814445987168,24.796476654410586],[85.86729210110646,24.804613707802346],[85.94538830346941,24.732891008448032],[86.05531182912958,24.779685425639123],[86.03691716109492,24.740628752766057],[86.09424277309233,24.74488126284378],[86.12853123745163,24.698720097460974],[86.1246269852298,24.611231505206288],[86.16691463914059,24.583679867589026],[86.21367031069201,24.594274160392214],[86.21501589035746,24.613783761809387],[86.25928607163924,24.57813756648512],[86.32287571758906,24.586766806260957],[86.27616114395582,24.465860821468134],[86.3773807553203,24.4306969971453],[86.44532487046808,24.367776977192314],[86.47207704991058,24.393470522864995],[86.46765738826704,24.424898547054877],[86.491254562135,24.427986034149676],[86.4997562677465,24.509811608718646],[86.52773335839302,24.544167471430054],[86.55247112732637,24.53604808642427],[86.60342904334237,24.60812084291854],[86.6694276951775,24.56611103862754],[86.78706116576797,24.61637757132834],[86.81090219566249,24.59914769616082],[86.80212336694409,24.57023844045782],[86.84359757408882,24.574826279205368],[86.85677861249816,24.55464132344554],[86.88131881342952,24.57409229006817],[86.91645648614308,24.54510736766444],[86.90878303666682,24.595576193778196],[86.93984869509832,24.6524791365325],[87.05112014952083,24.608481804895018],[87.09567976393147,24.802620710628815],[87.07452122163906,24.81766676217938],[87.15676207261342,24.88093607681602],[87.15037817250217,25.026012683259857],[87.2126975417938,25.09108674284498],[87.2503701734137,25.10568617284413],[87.29555165946347,25.088484436869514],[87.3275694027987,25.223563692942083],[87.3719293080324,25.20619572422798],[87.40136971042556,25.22712142227014],[87.47815338328284,25.19432763677251],[87.47330719691341,25.238203789731948],[87.5006150902251,25.259797335973794],[87.48737408114704,25.29713591754393],[87.54302066786181,25.280980562939096],[87.5518518421238,25.33257681307264],[87.58407247311965,25.349372083600393]],[[84.50195856748387,24.270871584354516],[84.52228018540373,24.26534633163947],[84.50914837945942,24.283167111957116],[84.50195856748387,24.270871584354516]]]}},{"type":"Feature","properties":{"state_name":"Jammu & Kashmir"},"geometry":{"type":"Polygon","coordinates":[[[74.53979732310562,35.074976736555186],[74.53073034804133,35.04617624805857],[74.58777799081652,35.0063598560215],[74.56788325872174,34.88313751456752],[74.45631093400583,34.86067954082842],[74.41351964419259,34.80985404761767],[74.33019248096481,34.79113475247608],[74.56821376734845,34.7776837242964],[74.65221536714974,34.70664090931784],[74.73165349785035,34.68112145213403],[74.9271494476964,34.67464397948863],[75.02226171426837,34.63735112609103],[75.1746934999431,34.66081620369682],[75.24150361473798,34.637779126570756],[75.2533673064032,34.60412523408703],[75.36556772072599,34.53809962013899],[75.32753908779253,34.439768425346095],[75.37233551756323,34.412598006136506],[75.40349776377239,34.28468778266392],[75.47485482531215,34.27759131622872],[75.49535645447602,34.232397877140954],[75.5933634001254,34.19769411029029],[75.68528726365889,34.19955795276336],[75.66794800115038,34.14428938839773],[75.73703272513733,34.05890769256439],[75.84306145101905,34.00477682097739],[75.81962521167863,33.97220865698921],[75.83823880607557,33.95495549610805],[75.9666390070921,33.9545768294387],[76.02435759020325,33.98212479600527],[76.0494745115935,33.933856185232344],[76.03256822255968,33.919659040679605],[76.12296411525712,33.88904955123253],[76.16137858361385,33.80185008691942],[76.26547115181297,33.746376474379],[76.28464791178966,33.66184883755533],[76.22937182082299,33.62982521891865],[76.24033716250065,33.604845867846784],[76.20544221318004,33.56920217598954],[76.22502977403107,33.547594531413075],[76.30978295665471,33.57146672255167],[76.30651124289892,33.60955503013509],[76.35864843803724,33.60368750032149],[76.37992483910858,33.5529240360182],[76.41520039473644,33.539084635088166],[76.44879416819757,33.56368484835565],[76.45916309513942,33.53389383281378],[76.56926262500181,33.46577429170595],[76.58184676322864,33.42578585348187],[76.62896476005287,33.43489500041339],[76.65929091653241,33.35669694815178],[76.71774625095227,33.32897319257799],[76.73705094091441,33.26109562148928],[76.78093270528299,33.23717668337236],[76.7483018067882,33.179359872905465],[76.64953994861268,33.16243498880918],[76.56744142122764,33.2102632457893],[76.4867820430919,33.179434699253704],[76.41011326496776,33.186470985446654],[76.29182572183478,33.10317320426927],[76.27843682858774,33.03779999036149],[76.11232815711054,33.006314186957574],[76.0881251350588,32.95621732097206],[75.9539598073587,32.873390324126554],[75.92455946705837,32.90623365708399],[75.84237046416338,32.92930634674999],[75.80135311058791,32.88566527412718],[75.92605603543295,32.74572975240694],[75.88934794548531,32.65322881885116],[75.93653627236058,32.64817436739031],[75.93047718186273,32.63188118062361],[75.82056952569332,32.49230221582609],[75.72854606945353,32.45269398314763],[75.74376432962957,32.43204013774573],[75.72251440381274,32.405457843838334],[75.55093072886018,32.34939068221994],[75.53344781542161,32.27765976724079],[75.48213565986049,32.32043555583579],[75.48916651477295,32.3459998107892],[75.43104187407951,32.31595043341273],[75.34143042720417,32.34610028465997],[75.32777143739054,32.3261166862261],[75.2559439222416,32.38926534342768],[75.19395484786048,32.40046901260526],[75.18976564459166,32.425805866055256],[75.1314423303315,32.40897500795652],[75.10665698439011,32.47406024150543],[75.02802275340065,32.49708580279661],[75.01930160191017,32.46616216692799],[74.95266150195175,32.44749575336592],[74.87728131997471,32.4929690043709],[74.68787852739095,32.48691365671933],[74.69060917574488,32.532961043292936],[74.66288244347241,32.54452164619151],[74.6738352665313,32.56797636052088],[74.6525398510917,32.562964290950795],[74.63904570103274,32.61464223122827],[74.6952686913032,32.661313146149055],[74.65349777397222,32.696685254405885],[74.7047737107088,32.84194786032285],[74.64052170328335,32.818944484603975],[74.65835744914571,32.78765434825568],[74.63229336506441,32.77639726142709],[74.634258355904,32.749540604878504],[74.5115910856558,32.745501116650836],[74.45940890521334,32.78774236651801],[74.35504739545156,32.767001235556116],[74.30339774568934,32.82984051086054],[74.2197335029466,32.848820396872334],[74.1788037188276,32.889495940808025],[74.06895239869299,32.90955574602347],[74.05816284757043,32.93453760647439],[73.99968100764114,32.935400059181326],[74.00618409434077,32.954907019465395],[73.96464468913061,32.98712369660562],[73.82566292550366,33.004011443787185],[73.82597043626603,32.977239448491616],[73.7904301837068,32.96681192666047],[73.79450990615526,33.00359208272075],[73.74910670472477,33.03362002801763],[73.74283089170258,33.066153765131986],[73.63303537123684,33.0918148248937],[73.63120112379451,33.13951636681433],[73.66448202105792,33.16134611781272],[73.6680089332737,33.201857304271115],[73.64762171404239,33.22282309820238],[73.63354988929787,33.20763696256449],[73.59802720509671,33.33751980909061],[73.57840992405268,33.328675646331014],[73.56517928517277,33.36621447714296],[73.59606436760575,33.43898349997158],[73.63189207728011,33.447594473343614],[73.60206804237438,33.49668409045154],[73.64177270373455,33.52850686015994],[73.61190194636029,33.603780351067485],[73.56715514202645,33.61773813353814],[73.567458699459,33.6684860675292],[73.60313598880883,33.71508701597471],[73.55992252459448,33.78132941509103],[73.59283977678739,33.89379971979897],[73.51645326364452,33.99883291919592],[73.48080653081705,34.28944494993695],[73.45670928120491,34.27645405716936],[73.39609680728142,34.371609211866485],[73.42773753135508,34.42603761689627],[73.4482517094584,34.56709260307052],[73.55613149972928,34.5898364664436],[73.65026361791033,34.5619642535213],[73.69499902470801,34.65005472300659],[73.65905374765231,34.673097207144416],[73.7299421812564,34.772221994316666],[73.83771233981108,34.81315560156901],[73.91937364136955,34.81164782530668],[73.96743253917435,34.863763936121984],[74.02991569935216,34.876281129827454],[74.03720021062752,34.91922787276208],[74.07117044818138,34.93548157007068],[74.05932483480419,34.99267553323375],[74.10974403633423,35.01607641730756],[74.06673763365352,35.046271436661726],[74.10143039118523,35.09914151025852],[74.21514294101291,35.09371536679465],[74.26517309243029,35.04085719245183],[74.30523120337908,35.06762735989938],[74.3819763493932,35.067819746152644],[74.43873920801948,35.130067549163066],[74.49944147474584,35.115586259300414],[74.53979732310562,35.074976736555186]]]}},{"type":"Feature","properties":{"state_name":"Karnataka"},"geometry":{"type":"MultiPolygon","coordinates":[[[[74.68158407379565,13.348747906560423],[74.6891483132533,13.339451250985388],[74.69205574511717,13.33077467708547],[74.68158407379565,13.348747906560423]]],[[[74.67436020445503,13.380507863132452],[74.67077218015031,13.379075532777655],[74.67099298809345,13.382115745981269],[74.67436020445503,13.380507863132452]]],[[[74.48241363729149,14.010521302017423],[74.47924955354853,14.007117685705833],[74.47844541090973,14.008877371776812],[74.48241363729149,14.010521302017423]]],[[[74.48717622566988,14.024371020625052],[74.48502541173109,14.021602982325442],[74.48458986965996,14.023317185186693],[74.48717622566988,14.024371020625052]]],[[[74.32436093804874,14.019069022376975],[74.32987030120124,14.01644612061229],[74.32525565276346,14.014168742809277],[74.32436093804874,14.019069022376975]]],[[[74.47173160064827,14.083767522534442],[74.47040369254495,14.08459569005282],[74.47194316345796,14.084105276857379],[74.47173160064827,14.083767522534442]]],[[[74.40290718485659,14.315330539192443],[74.40138569112422,14.31168006343417],[74.39779235450064,14.312626515945087],[74.40290718485659,14.315330539192443]]],[[[74.23862828712116,14.7113683097713],[74.24013133059496,14.708726833471127],[74.23771578816066,14.709274225354658],[74.23862828712116,14.7113683097713]]],[[[74.15779450300843,14.739096593354091],[74.15238575368711,14.740021434676637],[74.15338874900168,14.74221308725548],[74.15779450300843,14.739096593354091]]],[[[74.08898356963033,14.795501697471177],[74.0872909193685,14.793621589541619],[74.08599230149088,14.796359845023527],[74.08898356963033,14.795501697471177]]],[[[74.05628312729513,14.817158082532513],[74.05438672687742,14.815706991478732],[74.05400718248742,14.816619609171747],[74.05628312729513,14.817158082532513]]],[[[74.07160731016259,14.81916638432515],[74.07191718625624,14.818028953371687],[74.07011961560902,14.819340903974028],[74.07160731016259,14.81916638432515]]],[[[74.06669101868079,14.820051675161098],[74.06178205979849,14.81861873277189],[74.06208844841618,14.820910403037814],[74.06669101868079,14.820051675161098]]],[[[74.05662122261349,14.819131406080041],[74.06165629284999,14.821556546935316],[74.06149051754556,14.81933126325705],[74.05662122261349,14.819131406080041]]],[[[74.09598175159717,14.83771406294662],[74.0925306321191,14.836904628481552],[74.09369637066632,14.838829867825833],[74.09598175159717,14.83771406294662]]],[[[74.09731901460383,14.846386012042025],[74.10074343158945,14.841176048700719],[74.09613905639104,14.845757693436143],[74.09731901460383,14.846386012042025]]],[[[74.10703164629267,14.865714331386327],[74.1065159645664,14.864873742598192],[74.10626505040054,14.865275934738257],[74.10703164629267,14.865714331386327]]],[[[74.09721175342959,14.878337586383271],[74.0918637474084,14.8812151184151],[74.09234553610821,14.882199900840153],[74.09721175342959,14.878337586383271]]],[[[74.2927201338644,15.831043105789243],[74.31397177059118,15.79930169260749],[74.30243380550965,15.787772695833002],[74.26754406003023,15.796951393522882],[74.26367971418595,15.828848464140222],[74.2927201338644,15.831043105789243]]],[[[77.36643453556464,18.42178854771359],[77.41417512832263,18.392250942228287],[77.36573426491236,18.30721096494326],[77.43768288083206,18.31031336925592],[77.46505473750787,18.262535446062],[77.51160320162543,18.28215953950201],[77.51268450871011,18.309578089090454],[77.60543623192623,18.281312478510955],[77.56347628589981,18.19612740369665],[77.5968406148167,18.155820104411497],[77.59733043305782,18.087591160777087],[77.54764938596648,18.05613047719186],[77.58860305664368,18.01215529404809],[77.64891795240382,17.998875874065593],[77.65586703824468,17.968837579502146],[77.64946064189904,17.950025211240447],[77.62498593895323,17.960066965602717],[77.61903239139346,17.90406103923226],[77.58607445922314,17.907835295288073],[77.5990872080703,17.87308689183273],[77.5763553977242,17.87533797098819],[77.55406583895599,17.820189217598152],[77.52824757590871,17.827803828253472],[77.50653916046106,17.785873080527573],[77.56915878587668,17.76649253407753],[77.56856141086355,17.749029944948866],[77.45243894026767,17.694705928898816],[77.44309267810843,17.584001249790635],[77.50690497890153,17.54228155514312],[77.52839000667889,17.57536765694828],[77.55061661561793,17.551775582362097],[77.59371049828462,17.564519412359783],[77.59690492033651,17.534304563495006],[77.69245211846389,17.497430479131665],[77.68832165772997,17.475196557326818],[77.65736937575147,17.480919321590928],[77.65713649791601,17.50658421874166],[77.61430616261488,17.44597512329181],[77.57619064565488,17.456169717366524],[77.57584012861777,17.43070760600468],[77.51300294897263,17.43087340980353],[77.53784816414834,17.406095632827263],[77.52980544352582,17.37071451179178],[77.48382206241399,17.355001305924194],[77.45361022473611,17.37399412117877],[77.43792874617698,17.291923679797925],[77.45853865827175,17.278969147400627],[77.38022393412561,17.222465346706645],[77.40369283333897,17.20980029186123],[77.37227345051124,17.195569075077014],[77.3637365126565,17.158812374601535],[77.46363790780143,17.10996443482119],[77.50252998579928,17.01410992493521],[77.45401302146432,16.91390425082614],[77.47649650809333,16.788374998810998],[77.43949418580559,16.78913905924911],[77.42606233083528,16.722881724659622],[77.47404373430484,16.71656617282393],[77.4697953740797,16.687037601542396],[77.41886950200742,16.668532601919992],[77.43433676518,16.641390333446516],[77.47584736907989,16.65047643651702],[77.45363440571232,16.61668693028743],[77.46729330509325,16.598549523634926],[77.39286689102418,16.569983639511157],[77.41896691225766,16.522266118686968],[77.37778041310821,16.513714550805172],[77.36910318331198,16.488804174290458],[77.29867401168768,16.496011347701543],[77.29396768561877,16.476723272207117],[77.23588992776521,16.472853769825942],[77.28820154396062,16.40871307976098],[77.3490869022219,16.383856230510272],[77.42093758264996,16.36624043140102],[77.4896800851491,16.385023657174393],[77.59391060746587,16.34390123974181],[77.59779687590292,16.293120408630212],[77.56319336707662,16.30164381329949],[77.53686386420723,16.266803082212345],[77.50487007666337,16.275803404005316],[77.49007241019066,16.255034258051403],[77.49229718193368,16.229406355239398],[77.51564410541486,16.22779885806031],[77.48613787163546,16.16299431277976],[77.48990214167611,16.119633973081665],[77.51326051474666,16.10803375086972],[77.4936427166669,16.086353939353515],[77.51342447003962,15.926797167999927],[77.1852753642744,15.956753150219535],[77.08456017673866,15.918653663555164],[77.03260195724953,15.856928724316848],[77.02519117554075,15.837508401761339],[77.06545560439645,15.827362012931117],[77.04908084059632,15.730271547894173],[77.07965527591979,15.727488508639045],[77.07868694401118,15.69515274558742],[77.12886081817344,15.665877636590125],[77.1213875648162,15.63109935627672],[77.08317085767139,15.659158168881865],[77.03041335293416,15.634506468594118],[77.03001824240387,15.502661793808842],[76.97399612420176,15.49824906033976],[77.03198597534193,15.435570258466415],[77.06372216291781,15.32802167667179],[77.11301802763397,15.333689561436564],[77.11834950269767,15.29486304196369],[77.16690479257335,15.268595786786834],[77.1250933818386,15.226951731031575],[77.14762943576112,15.223921427460395],[77.16904984034106,15.171356901613784],[77.13537662823929,15.149760065708374],[77.15627535929619,15.122939839806591],[77.08237641033448,15.006093289148266],[77.04411178125186,15.009845104419428],[77.0495317964636,15.033089840736306],[76.98519118805403,15.015203897474171],[76.8771320885376,15.030224670540468],[76.83598621817686,15.079252274138819],[76.80017136231474,15.095835236733036],[76.77671475552334,15.078380237960124],[76.79009948518065,15.020733446752843],[76.7665071278378,14.975635995586204],[76.8284715049112,14.956475359551163],[76.86737875291826,14.969838926285933],[76.86958905553446,14.937727371765101],[76.84544612081372,14.889311847241897],[76.85389656420621,14.80943592066935],[76.78265157707168,14.78595707010505],[76.80290753403064,14.741902913252494],[76.76499456682292,14.602250179393712],[76.86792022288296,14.47405610713319],[76.97477306528778,14.485346134369587],[76.94476411999617,14.45082419523577],[76.9427856435908,14.399734661122006],[76.91578737505347,14.42070941743071],[76.88477497716654,14.395726212733468],[76.88471305075552,14.347553173446471],[76.95667955802776,14.294362715254195],[76.92488143724829,14.273762680402829],[76.94001002772956,14.244623967320997],[77.05241723788005,14.245517538932742],[77.08112590935932,14.214166152087195],[77.10771162207858,14.219922385171246],[77.11559814289477,14.292493096885085],[77.15729871849825,14.342111003683954],[77.23815601394347,14.317371108623405],[77.28646481526624,14.340109162487956],[77.28349157801787,14.28274683238495],[77.36377507141677,14.275836065391413],[77.35943959775899,14.234015455136461],[77.3919414244316,14.198910332887838],[77.41929162324485,14.21165760597896],[77.37702782766203,14.304804036528916],[77.39275913272812,14.335840621580116],[77.50381680617612,14.263754373902511],[77.5034580071552,14.157124240878169],[77.39367164091506,14.174253523618635],[77.37889534726216,14.135850148199992],[77.35132085335525,14.129952870181604],[77.3474177145946,14.103644836281886],[77.40087181584266,14.118720843857497],[77.33225239682375,14.030697815653898],[77.39009820679047,14.016647280950371],[77.38159184835814,13.976242469713194],[77.43782998515205,13.97552935409385],[77.43531195290215,13.947522610114587],[77.41203390018356,13.94556700885671],[77.43498890680951,13.915014391253143],[77.39996639311704,13.88829701466162],[77.34780192005434,13.91595445551654],[77.37122064169148,13.952750708518863],[77.34943627204787,13.958149513752563],[77.36098700867552,13.990835428672352],[77.32218026983521,14.030004367747493],[77.14917204182866,14.001175918696372],[77.12735216994848,14.047027686838117],[77.02763420844714,14.061761596618737],[77.023281992149,14.176702792612565],[76.9475194616132,14.198191905971859],[76.94221774621208,14.173336391260207],[76.89448708939628,14.167828830832859],[76.88593243026165,14.138208482148237],[76.92493321974464,14.137125536096852],[76.9775116537686,14.07122572499619],[76.93233523080055,14.053941703117596],[76.93114023738464,14.030212355139657],[76.99944191445272,13.990354566243735],[76.99371458603561,13.962579939337601],[77.04160518909494,13.933448160757575],[77.04711841465064,13.906569745324365],[77.02297691526032,13.902610659335478],[76.97796737911861,13.82688283494051],[76.99844786682851,13.745589480339966],[77.01636259371143,13.7384899957728],[77.02442118969226,13.77921736841431],[77.06455832478227,13.743897433743241],[77.08556969837977,13.74260035334085],[77.09038790398205,13.767154296179962],[77.17299685610962,13.762022524560171],[77.16863103103138,13.829632298405096],[77.12814558889907,13.856471867921694],[77.16852658327977,13.864503297979695],[77.1618817045782,13.906637674582377],[77.18471530254334,13.92508979861294],[77.18139779076795,13.869829708732265],[77.20037742898135,13.863049308209321],[77.23556928658297,13.90414782156632],[77.25664085716825,13.84653349065157],[77.31148086343806,13.866563779356456],[77.32532744953691,13.833247654490393],[77.36229290982405,13.85420514524166],[77.43246605805346,13.84322442446846],[77.42253262958944,13.799092717325971],[77.46453620913896,13.806084190258277],[77.45525029695057,13.682260928372541],[77.49196928484587,13.689804634323163],[77.4849834761941,13.714789593311343],[77.52509564688557,13.691036451843758],[77.5272096325577,13.753816673832754],[77.56051117227267,13.72241225437454],[77.59991650043123,13.750764502225286],[77.62760840668592,13.734611448310142],[77.64216417442213,13.746855816429774],[77.62101678009974,13.768443077119677],[77.68002307601301,13.78678113852729],[77.67176932892838,13.760475718581326],[77.70319718414379,13.76979955540247],[77.71735917488213,13.741204045428036],[77.71925371731554,13.80027760767668],[77.78153341290974,13.818336237712327],[77.78221457865656,13.844082087516854],[77.83696108019303,13.869744096621067],[77.813439605312,13.9146241221405],[77.82653603253392,13.944725273990262],[77.89564213057427,13.941041439625003],[77.92663047201806,13.905340078815012],[77.98252257412946,13.95770230429724],[77.98453448834478,13.897399147391456],[77.94902527497963,13.886447441602627],[77.95284457654657,13.827422246639458],[78.00039181304139,13.87287223020396],[78.0460305057249,13.862086273749082],[78.04881185271154,13.89608893656065],[78.1235800336982,13.845349096461032],[78.1263454691221,13.786372080908045],[78.09146699790722,13.74227286089595],[78.12074293835512,13.71561346435975],[78.11316276448817,13.692730908999128],[78.06901892317782,13.697804925587244],[78.08705045056949,13.643062411131993],[78.16752014359929,13.655819722928394],[78.16816529016889,13.632846387318361],[78.20413801543398,13.62841557750693],[78.19292904187648,13.564846656394112],[78.23598701702977,13.599264021056378],[78.25942891915723,13.582488052224669],[78.40220505307921,13.58714428193087],[78.37438692504982,13.508915379223636],[78.36576768065078,13.358670924370367],[78.40833485539034,13.34567643704654],[78.37818657336484,13.337177547979584],[78.40103943120026,13.315460225465985],[78.48333687992823,13.321160267127832],[78.47924689935255,13.301279555084289],[78.53168376239638,13.267039049441292],[78.56947194225151,13.309212472448118],[78.57939741059664,13.215615275381753],[78.54969138402396,13.189682077244832],[78.57969742882334,13.167349184411218],[78.51697665490886,13.131579124463896],[78.53843708703477,13.105718584782837],[78.50940132450793,13.091484049935863],[78.51418189002985,13.06184428244404],[78.46212588045975,13.043203935108728],[78.46738632789811,12.97496070704974],[78.43523590942056,12.98098716273175],[78.41109126575745,12.945258860569817],[78.46662409270441,12.905399526536328],[78.46469778942563,12.866753600994688],[78.44550725373473,12.911786289137806],[78.38862323215824,12.906849430935448],[78.35580317844892,12.940732581656958],[78.31237307236479,12.85851090494308],[78.25212472200413,12.860544816639361],[78.23087768509677,12.760652875483602],[78.1341629094258,12.78196175062711],[78.0534859270654,12.853787773972595],[78.02379254818953,12.856498890417024],[78.00967866917047,12.805737391976779],[77.9521869253571,12.857122890947243],[77.9405685338839,12.823317835201234],[77.92048292219326,12.828157075247661],[77.94170435821316,12.87163609981195],[77.92925216806131,12.890915252369682],[77.83594072013477,12.870331065359233],[77.7923895681824,12.84270594777258],[77.80846311490313,12.796727456542197],[77.7398518421546,12.672992929719653],[77.59879675259039,12.667163508239875],[77.58027147500312,12.551595945338068],[77.5871229289094,12.51476093921874],[77.61622872244367,12.509244801228744],[77.58359836489991,12.47886319495423],[77.63450507895736,12.487723534278375],[77.61674828730911,12.368295695391254],[77.55128318269225,12.291313209937108],[77.47897576107056,12.271281859875538],[77.4718299836156,12.208426512529755],[77.73325763100533,12.1780834823852],[77.77630508325193,12.112284043528208],[77.70881720332923,12.036022442347821],[77.67554399477254,11.951888503838415],[77.49460459303032,11.943808359824525],[77.48603082434687,11.887413409065648],[77.46149743452762,11.899897565050669],[77.46641970829715,11.84682010711688],[77.42710902056129,11.76094433478223],[77.39418640219026,11.78771224379842],[77.33523224185399,11.77129077103802],[77.29373401514522,11.809030399789213],[77.24979116642668,11.813026494706602],[77.1106747356654,11.773452626170911],[77.11758705045429,11.721308092054157],[77.08021772094861,11.736069233631984],[77.06657562872088,11.788178784020147],[77.03488105860833,11.76995008382018],[77.0297633668294,11.80473493712109],[76.98287359917316,11.811910514164726],[76.96980429278882,11.776921232781923],[76.90025775852712,11.783981249959899],[76.83495807635992,11.655369289235685],[76.85356412286832,11.597109237054253],[76.7567902335024,11.618502996896554],[76.61354361988077,11.60772777131335],[76.55982653133508,11.62254261089376],[76.55043006091857,11.674267135167598],[76.51156994365839,11.70504024430263],[76.45797919906475,11.664442523352992],[76.41662801272135,11.671777959537534],[76.41413468293253,11.758893984823416],[76.33964156863516,11.739041411723997],[76.28011211947106,11.812390692966856],[76.22362476921097,11.808244567985605],[76.19027408894836,11.871258085966037],[76.11991470426496,11.850351882052927],[76.11243426323956,11.97877548727891],[76.00310754757453,11.93143655762932],[75.85843528185063,11.958899505175914],[75.80099379089796,12.037005905291275],[75.80264107412607,12.079475660138879],[75.71463638251487,12.070493438949907],[75.70317174602977,12.108226418666133],[75.66155896354739,12.098474607061641],[75.63584549219283,12.148429525881268],[75.59237987657659,12.146988783818419],[75.53252372576196,12.200473770460647],[75.48465844371644,12.290076823175866],[75.41399619541579,12.289616658583551],[75.43206916651229,12.309060414043113],[75.41032553215572,12.347257481002238],[75.42184868723544,12.372695393664493],[75.37247065398128,12.400224797303004],[75.36555342519888,12.456804749892767],[75.41323673854512,12.45862391555343],[75.41728508164394,12.498497697044371],[75.38189558135,12.502054985904309],[75.3362465020118,12.464150196663164],[75.33208541445528,12.499598232024926],[75.27305282247652,12.53686248825012],[75.27202656723662,12.570227899635736],[75.31459655857168,12.573866538757565],[75.32610196186624,12.593654526573651],[75.27546028006189,12.619757446394448],[75.22029173631266,12.568204087431353],[75.20165199668364,12.628975910110533],[75.16105610336311,12.620987777007167],[75.13761721062502,12.64469319578791],[75.15238029896788,12.682249559688158],[75.08512534658128,12.7052871834235],[75.08518347533108,12.673889248491363],[75.04663960015331,12.666835603934961],[75.05013734926557,12.719346222464166],[75.00095448743113,12.71546540948443],[75.01114983006896,12.727960882006265],[74.98239520805353,12.73844645220299],[75.00938410468076,12.767577037547083],[75.00309644362903,12.791732145447293],[74.86433401590513,12.759254450574046],[74.69199612665064,13.345889344985501],[74.66791031144935,13.63613433836658],[74.58713971570067,13.917308132716306],[74.51397793337503,13.986869497324639],[74.35763496471857,14.51626837033188],[74.30952076780746,14.520361327861378],[74.26270976503694,14.717503624184088],[74.23435356871202,14.747102137842173],[74.20300339540482,14.718376861448064],[74.09277326909239,14.80400194573807],[74.1242605457737,14.805003401898507],[74.12476340596363,14.839586215941091],[74.08575061843936,14.90097265673336],[74.12419434173708,14.925391530289296],[74.16208716460166,14.91220688780761],[74.16357787181659,14.958547734040991],[74.20151367777154,14.925789826626419],[74.23666950056501,14.966910575340192],[74.2525621715011,14.959161018457419],[74.25357542293519,14.998210651988524],[74.29646606789363,15.041272049796616],[74.27261728881719,15.097562286459516],[74.31693736158314,15.186328567129246],[74.25109195265719,15.258918782589005],[74.33641578474449,15.295009757852736],[74.32317950523871,15.367743235570622],[74.27585195386636,15.391655030082267],[74.25088988670906,15.491764157197313],[74.28263315947432,15.531481895559311],[74.24527743994004,15.56668027382581],[74.26426931001859,15.615532978991665],[74.24414207450035,15.626173227007751],[74.25032192456082,15.657329774268995],[74.22376257988536,15.669047838745366],[74.20511288254487,15.651101431898269],[74.18095398000101,15.68221496764347],[74.135529386555,15.648442157598556],[74.08806555859228,15.672448709841781],[74.12570606131693,15.68100642246531],[74.1222849401318,15.720734511413896],[74.22093299169549,15.78602157361071],[74.24012778292577,15.743397645539522],[74.35844110905316,15.774928966601902],[74.38308342317043,15.848894893786188],[74.33830277794935,15.85490533316726],[74.36329393504707,15.87507065430054],[74.36468276999342,15.893924232103089],[74.36849289962548,15.89439445017285],[74.40613817379787,15.855520057108714],[74.38694686395829,15.905242044368384],[74.46319846838425,16.039162800058335],[74.42969414193897,16.059204043121714],[74.3733202035367,16.03651163676124],[74.36134961601135,16.053917792099263],[74.42761979997934,16.112017393153312],[74.48165168046651,16.089028828560178],[74.49123121111153,16.1043566159491],[74.47983318018964,16.147176515984786],[74.50798439952676,16.202265980766757],[74.48048180292419,16.250176562061224],[74.41761343424042,16.25805238152418],[74.4146060630093,16.282531007189213],[74.37482815817921,16.29618431366623],[74.32493712582098,16.271809192720678],[74.34255185397224,16.298079891765635],[74.31661084366749,16.326614309602306],[74.31720394368698,16.381013974682507],[74.33587449086205,16.393793722432388],[74.35341452988577,16.36647079683101],[74.3636795748019,16.405200683424408],[74.33505957180536,16.40145950488738],[74.33241164002175,16.455014605323726],[74.28928152602113,16.463022941734316],[74.29090197833717,16.504954273898615],[74.26077689889514,16.480149337913176],[74.24737983875352,16.496966039434863],[74.27817219546716,16.504852084393626],[74.27051375441451,16.54798037288313],[74.30614952945851,16.503744892953236],[74.31572098906967,16.55450628062784],[74.35625402233067,16.5597983465673],[74.37983944618091,16.528643119856355],[74.39663353870978,16.583317860312548],[74.46650472941971,16.606578917725955],[74.46875098339659,16.66385191795333],[74.48904168231336,16.630193665742837],[74.54448560125229,16.635431341540915],[74.56854307690685,16.553916844412317],[74.62863965026999,16.57777911306876],[74.63982392098224,16.610408418378384],[74.68698835952114,16.606834239605558],[74.65354809948222,16.63886480716908],[74.6895122363249,16.677181074055206],[74.69104184489062,16.715614819280194],[74.8498408321981,16.772796625304036],[74.91958682518641,16.772838647459768],[74.90155072322432,16.862596989541633],[74.96037002463194,16.880988291023705],[74.96358822193818,16.90975219111254],[74.92177116701016,16.9299548453408],[74.93168615539464,16.944746174054313],[74.96452140852908,16.926816801853874],[74.96441582752232,16.94756243728578],[74.99291907943493,16.95211067254482],[75.02536019473659,16.928093835900206],[75.08934336865603,16.951621077432904],[75.13646074482746,16.874583731847196],[75.18899544158164,16.87531819634245],[75.18194148751354,16.843381259774382],[75.21420965723013,16.841736986111925],[75.28207214531544,16.880424429374486],[75.27964541996259,16.95659109030672],[75.39214365381949,16.98012527293074],[75.42799412690714,16.96660878414248],[75.46556057826508,16.988398561989797],[75.48940950001969,16.944519804170106],[75.56765958759216,16.965778135671417],[75.57310528809712,17.009638422921416],[75.60679733507259,17.004576624762304],[75.60787432956997,16.971156296284843],[75.67029642854644,16.962068490211614],[75.66970205597164,17.03819076361234],[75.641040053673,17.037939043733726],[75.67655794673124,17.065164433231736],[75.67229803737739,17.116011592064588],[75.65035689643007,17.115840144986738],[75.62538686349207,17.17403071271858],[75.66192234651058,17.214612907722483],[75.65773692463586,17.263062160689334],[75.6037992262775,17.30547914232591],[75.6099898930282,17.345070074631945],[75.58097770594247,17.351268672474312],[75.57416839015926,17.383307351274368],[75.6133612483271,17.391675862529],[75.63299447781138,17.477243145504325],[75.67589015403493,17.45597138935893],[75.69074291549741,17.40950185589458],[75.7336081957359,17.42012064308281],[75.79295292086319,17.369724479381766],[75.81364397057725,17.37275257012959],[75.82145367530102,17.42124905010498],[75.86068502305983,17.385676851881556],[75.88420109485399,17.417985150961293],[75.89059355879854,17.35654809802327],[75.93083041078702,17.322598172432823],[76.01434339776083,17.353557394732487],[76.06054604396321,17.35533120678666],[76.07914040654724,17.331625761000456],[76.11900594283466,17.370522348040424],[76.16262800772154,17.345242214149017],[76.17632442025325,17.3008096130758],[76.17033599219597,17.352510078550534],[76.24209737819254,17.378857959152935],[76.27636986319534,17.334594776663728],[76.34524984601818,17.354472161442896],[76.35401839682608,17.314416662913175],[76.38324463405034,17.314715910885344],[76.40912984487267,17.371406339815277],[76.36343617338258,17.377687244439606],[76.37152086582982,17.436442387807297],[76.33327309361744,17.433920323088216],[76.33069847708201,17.47021272913196],[76.37552737668321,17.490238311203846],[76.34577601138176,17.492548668041113],[76.36723085487552,17.519471303620314],[76.34070472314377,17.542493209768224],[76.33129063526042,17.597246714835837],[76.41968822915709,17.60380179292038],[76.42920464346443,17.64497028561142],[76.48976194159853,17.660515184762783],[76.48724168828764,17.7147793514463],[76.52385827402394,17.71516729880027],[76.52323115243254,17.759794117513596],[76.57274741234542,17.76054107319496],[76.58203637449125,17.705696490182174],[76.61534534503163,17.770410155570037],[76.66448421789867,17.68731387540175],[76.69088671232397,17.681135360029117],[76.69965908158575,17.727261836706305],[76.72820095170425,17.737491144386993],[76.7141052392025,17.78095228611464],[76.76197011500946,17.787037739066893],[76.7903995551723,17.826376696243077],[76.73849698871177,17.856693136451636],[76.73986093742258,17.899693107114054],[76.8066841546035,17.870585760516526],[76.91899131954615,17.91597308036042],[76.90565539396232,18.00969095537918],[76.91433195602029,18.035369341752357],[76.95237187601568,18.040345348619585],[76.94516539783946,18.082917384734543],[76.9663670814655,18.098208318523266],[76.92051745384458,18.118190492875385],[76.95195325186755,18.188106212469492],[76.99062772881524,18.18999412428393],[77.00120391282756,18.160892670468797],[77.03319601897459,18.181998570713112],[77.06397564519013,18.150657607682117],[77.11156057014584,18.155838322109354],[77.09758755594213,18.196656750724397],[77.15156763022146,18.217166544351805],[77.17477070292746,18.28475508463929],[77.21296432316429,18.280313460574856],[77.19873190133791,18.31545499738212],[77.24634334802711,18.37065259027106],[77.2417017430493,18.412422578244414],[77.31509080385415,18.442759725044475],[77.33635699937545,18.42110800000799],[77.36565655846464,18.451563896900385],[77.36643453556464,18.42178854771359]]],[[[77.30269720594171,18.47511559092594],[77.29292020701965,18.45656837591372],[77.26667741817698,18.455513113561512],[77.27716521860174,18.4768085314078],[77.30269720594171,18.47511559092594]]]]}},{"type":"Feature","properties":{"state_name":"Kerala"},"geometry":{"type":"Polygon","coordinates":[[[74.98904970583283,12.795532435441784],[75.00938410468076,12.767577037547083],[74.98239520805353,12.73844645220299],[75.01114983006896,12.727960882006265],[75.00095448743113,12.71546540948443],[75.05013734926557,12.719346222464166],[75.04663960015331,12.666835603934961],[75.08518347533108,12.673889248491363],[75.08512534658128,12.7052871834235],[75.15238029896788,12.682249559688158],[75.13761721062502,12.64469319578791],[75.16105610336311,12.620987777007167],[75.20165199668364,12.628975910110533],[75.22029173631266,12.568204087431353],[75.27546028006189,12.619757446394448],[75.32610196186624,12.593654526573651],[75.26965118333995,12.549713737549386],[75.33208541445528,12.499598232024926],[75.3362465020118,12.464150196663164],[75.38189558135,12.502054985904309],[75.41581171654667,12.500483138012719],[75.42310423868214,12.466821810709238],[75.36555342519888,12.456804749892767],[75.37247065398128,12.400224797303004],[75.42184868723544,12.372695393664493],[75.41032553215572,12.347257481002238],[75.43206916651229,12.309060414043113],[75.41399619541579,12.289616658583551],[75.48465844371644,12.290076823175866],[75.57693953882539,12.156886606926323],[75.63584549219283,12.148429525881268],[75.66155896354739,12.098474607061641],[75.70317174602977,12.108226418666133],[75.71463638251487,12.070493438949907],[75.80264107412607,12.079475660138879],[75.80099379089796,12.037005905291275],[75.87000633062557,11.951955863826248],[76.00310754757453,11.93143655762932],[76.11243426323956,11.97877548727891],[76.11991470426496,11.850351882052927],[76.19027408894836,11.871258085966037],[76.22362476921097,11.808244567985605],[76.28011211947106,11.812390692966856],[76.33964156863516,11.739041411723997],[76.41413468293253,11.758893984823416],[76.42734615626148,11.726012041798063],[76.40336479297378,11.707795219580262],[76.44332902902877,11.643658279328312],[76.3022831466455,11.571263824134801],[76.27886627972671,11.600901563089359],[76.2342534009842,11.571321521422874],[76.24714296547322,11.467944005601648],[76.28433231019501,11.482959528573314],[76.32593021094557,11.454017993325044],[76.34203573985779,11.467551436395405],[76.41860099398748,11.441819298274536],[76.46027520987518,11.388841390296662],[76.51764587948855,11.371597139569795],[76.50807884784979,11.354159437254097],[76.54775086814723,11.358918541499502],[76.54564610618944,11.30034593539735],[76.45298041040787,11.23940356219947],[76.43851186034688,11.19899757443183],[76.4583321653635,11.187714869585868],[76.495728566384,11.211402629562848],[76.53376106663167,11.185628284463178],[76.62883935934283,11.194198059347846],[76.705725914851,11.240390184909906],[76.73446405626397,11.21801938966221],[76.70011133513535,11.153576372630708],[76.74798530769131,11.135423848472534],[76.7464088380089,11.056694481168575],[76.80069422739422,11.053919384995611],[76.76648030153866,11.029121338483272],[76.69962641489944,11.02660145868686],[76.65897693687302,10.930535502788532],[76.8282180956391,10.872615779405358],[76.84816425349852,10.819466256831479],[76.9006816231215,10.807962146662982],[76.90720815806964,10.783343957232368],[76.86742154643386,10.694216988277434],[76.8820418027936,10.638900568764937],[76.81004180675868,10.623776651192461],[76.83852193337172,10.596262856930542],[76.84300836143369,10.53661352842203],[76.81599993722588,10.423028007246426],[76.84853801738849,10.36734729978869],[76.82984793433747,10.303084230783167],[76.84838514842484,10.284522620358768],[76.87306985447664,10.297476493926801],[76.9117948281153,10.23418865160224],[76.98351349354444,10.219586722318454],[77.09135040853833,10.314987277033335],[77.17591785330481,10.358501408640151],[77.23517682552018,10.35279537553698],[77.25904202361689,10.230382861115777],[77.29520322600466,10.218468535190308],[77.26758007133031,10.122260061904873],[77.20110607743455,10.107125899913186],[77.26381991352015,10.029227436906792],[77.27271230063252,9.964212738430586],[77.21826915043762,9.904828066958196],[77.23720362350207,9.85190908700801],[77.22182357508044,9.822973118628802],[77.24671789778037,9.798375677889295],[77.22270967618097,9.788284471558026],[77.22379552045993,9.730362538746641],[77.16574647017318,9.612856292104869],[77.20882584620188,9.613446310033009],[77.26956149021355,9.572788005104089],[77.31768907905212,9.602502329702547],[77.33934552003115,9.573337241890567],[77.36104708796393,9.602208217200499],[77.36543777400789,9.535060899850077],[77.41224235944739,9.50899266759969],[77.39243021894477,9.459464483075974],[77.34920296246757,9.441110382394788],[77.32513009064468,9.33713214817921],[77.29989938147607,9.336713928953245],[77.28288602557151,9.301328862209239],[77.28213592169949,9.216800866956056],[77.25239199483968,9.189453905232194],[77.26771759727907,9.15332824353861],[77.21198313009161,9.09979583855987],[77.19709153967408,9.046457027771936],[77.14692549160829,9.021273027316855],[77.19612106471894,8.954603558196156],[77.19265972194512,8.92618393145938],[77.22122091096686,8.927423307945643],[77.25825502479641,8.874874751149642],[77.26390730710813,8.841971041788057],[77.22914232129773,8.78394463109858],[77.16990583069897,8.741752139951153],[77.28367084020944,8.546748474512668],[77.2615281651393,8.506172051561265],[77.20118881449284,8.500867393929127],[77.22690875022745,8.446627443802845],[77.15059564132744,8.3842603228389],[77.1754766956721,8.319898085953069],[77.1481358135078,8.331607314603286],[77.09570232334437,8.292707436852217],[76.97915327819727,8.38179873093757],[76.61803559610281,8.85146506606119],[76.5468080348503,8.902302124091909],[76.51812981985073,9.017180017068345],[76.33036181570212,9.437502326184031],[76.23942168476235,9.970507400703953],[76.07382184174635,10.438775721846246],[75.91010100150183,10.786134819894986],[75.82830203510859,11.119206534325507],[75.79535016945309,11.156652162864946],[75.6976744707096,11.424877779618894],[75.61678020934909,11.476408937486497],[75.54409261969393,11.70373717223814],[75.53000649782612,11.702934676520936],[75.45311805077239,11.770847298064261],[75.38557201426407,11.855560049529347],[75.35568235107226,11.859804394279784],[75.24127548953061,12.014896088593964],[75.20087012476914,12.006164769105908],[74.86433401590513,12.759254450574046],[74.98904970583283,12.795532435441784]],[[75.53251336530631,11.757101712850941],[75.53958418221455,11.738378313945535],[75.52991980666398,11.709003365304698],[75.55831455509514,11.722446204871268],[75.53251336530631,11.757101712850941]]]}},{"type":"Feature","properties":{"state_name":"Lakshadweep"},"geometry":{"type":"MultiPolygon","coordinates":[[[[73.01032622578181,8.302522946826617],[73.08521558819977,8.327413797434422],[73.06916696559499,8.282146207109449],[73.04715964735595,8.260552761154308],[73.010489235238,8.270073069506601],[73.01032622578181,8.302522946826617]]],[[[73.64593624871651,10.053368958237515],[73.62000133725483,10.101869934689304],[73.66024649448752,10.155047668843402],[73.66592917719632,10.138009508502282],[73.64593624871651,10.053368958237515]]],[[[72.32907949963021,10.13926702801312],[72.34224558768084,10.099277401056932],[72.32030946018354,10.052586373847054],[72.2406896333205,10.007611996246583],[72.24451276226382,10.055933401247556],[72.32907949963021,10.13926702801312]]],[[[72.6199720274757,10.539372474961434],[72.61627988202008,10.55441198397075],[72.64228310352527,10.581435580715326],[72.65139517517282,10.561608883177842],[72.6199720274757,10.539372474961434]]],[[[73.6630198926591,10.80156561397953],[73.69975730135297,10.81646832745485],[73.70387561960385,10.811481884776464],[73.6630198926591,10.80156561397953]]],[[[72.5376552303887,10.781478797435426],[72.53101386194874,10.779830238775292],[72.53731331722459,10.783103114449087],[72.5376552303887,10.781478797435426]]],[[[72.20449776962565,10.866127713026485],[72.16263700880653,10.81175226860995],[72.20655073614735,10.877821309679709],[72.20449776962565,10.866127713026485]]],[[[72.28802640288458,10.945900026367541],[72.29356847144436,10.935108380560383],[72.28546953847749,10.93477730087442],[72.28802640288458,10.945900026367541]]],[[[72.3168562372113,10.948110794137346],[72.3206288178282,10.943821603172552],[72.31553133809872,10.94180753656397],[72.3168562372113,10.948110794137346]]],[[[72.3336046081142,10.951651843279992],[72.33205706152576,10.949007120155091],[72.32832720702882,10.950385663934219],[72.3336046081142,10.951651843279992]]],[[[72.3324741304171,10.952645730870605],[72.33536484761231,10.95388711371886],[72.33472578198442,10.951612075240222],[72.3324741304171,10.952645730870605]]],[[[72.33614698866339,10.9562852266265],[72.33422099514311,10.9549589880395],[72.33476342593481,10.957890614373808],[72.33614698866339,10.9562852266265]]],[[[72.73313076915156,11.124641148359574],[72.71892194813191,11.126087167522973],[72.73515556995409,11.135268671043663],[72.73313076915156,11.124641148359574]]],[[[72.10013979410613,11.222068410220265],[72.05457515882146,11.121380320893891],[72.00094399784346,11.19394113605088],[72.06711433949947,11.19285460565977],[72.10013979410613,11.222068410220265]]],[[[72.76353703461022,11.181105122035946],[72.7795471171845,11.240369627872102],[72.79118882309768,11.259062481978678],[72.7780939488157,11.214107047190515],[72.76353703461022,11.181105122035946]]],[[[74.10130977961803,11.204314720927474],[74.00068618055224,11.250234446132517],[73.96505674431896,11.305959029954906],[73.97270140887335,11.34365414087909],[74.01207805547187,11.348536337284017],[74.08997329063384,11.297792732090366],[74.12276997572094,11.239216890650075],[74.10130977961803,11.204314720927474]]],[[[73.01091192598425,11.487840731211023],[73.00029987166941,11.477912185500823],[73.0006858317106,11.497441014921533],[73.01091192598425,11.487840731211023]]],[[[72.18706206039643,11.492143752399867],[72.13874029969371,11.523753454685565],[72.17300546232434,11.60664266364147],[72.1950395687684,11.590943354451014],[72.18706206039643,11.492143752399867]]],[[[72.70793564606194,11.700316801154086],[72.70911009063178,11.67922945534345],[72.70052753404111,11.683689342750421],[72.70793564606194,11.700316801154086]]],[[[71.84192038516626,11.821600150010637],[71.78201177978347,11.835288962645238],[71.76102479574051,11.872320708200405],[71.73147923825437,11.954439168611291],[71.7733538183785,12.003507836178935],[71.84192038516626,11.821600150010637]]],[[[71.90091103263474,12.285319025401636],[71.87954435562638,12.389435449683361],[71.8966775639746,12.40315149708247],[71.92662600985139,12.373874594472941],[71.90091103263474,12.285319025401636]]]]}},{"type":"Feature","properties":{"state_name":"Ladakh"},"geometry":{"type":"Polygon","coordinates":[[[74.69012295756339,37.088140591135684],[74.74942400513204,37.01938689590115],[74.7690548129456,37.04122192007924],[74.83890181912362,37.03584345568127],[74.83478585035097,37.005264270744114],[74.9155790672918,36.92025947611741],[75.01567141342878,36.99072295104446],[75.1091516828718,36.961898979355105],[75.21095624957135,37.05001680688369],[75.3413136971551,37.060763156458776],[75.35442738858427,36.988482857316164],[75.41844787239371,36.97239589941153],[75.40692084130814,36.908033449192295],[75.4498184676535,36.88892910299833],[75.46326656290006,36.83031329619275],[75.61272425596856,36.77527024849331],[75.74442368653656,36.607697652059784],[75.8070215399513,36.563423690867495],[76.07115386276513,36.48424232455477],[76.16395310360971,36.40645164581317],[76.26650195784971,36.35884296510993],[76.35392723384736,36.36944723656547],[76.43749990948835,36.31035342532193],[76.4367830300222,36.25782946884949],[76.48098103299726,36.21973462365344],[76.59409381821783,36.17832092719628],[76.65592379847813,36.19218419318892],[76.71111692762523,36.14012670042046],[76.72009158208981,36.09769527012926],[76.81368762174847,36.04062877999493],[76.73213644790307,35.954636102322354],[76.8074801423669,35.84974556805387],[77.00100395129898,35.775560105631044],[77.11565988176258,35.79810513207679],[77.17635182159037,35.76813318562509],[77.17967968527881,35.73021848905542],[77.25834485553962,35.70432018577802],[77.28743720383642,35.722590537111046],[77.32112791520964,35.70110919577536],[77.36586677349999,35.71518719070299],[77.4115565406229,35.6562566225161],[77.43793594642284,35.65614367242282],[77.44012627051373,35.60213410789428],[77.47188083020527,35.584270191948946],[77.48276395420012,35.52962072609032],[77.43052180147215,35.51367048063266],[77.38865839325022,35.53943740020085],[77.33204428345974,35.530346075516285],[77.38534111745685,35.47383842122122],[77.68515861365042,35.46682393686483],[77.72877176687406,35.47733448413626],[77.73586585826742,35.52109826611431],[77.7863185149995,35.487980228246144],[77.82924083235444,35.505095512636174],[77.91207715541323,35.46109003601976],[77.92931592632914,35.4903075023455],[77.98525189905463,35.44830296476025],[77.93926583550132,35.506909042733774],[77.9679355862524,35.57176588177876],[77.95780845608931,35.60486753273824],[78.13676575025083,35.53656839900223],[78.16491206665752,35.55173613197997],[78.16982508563525,35.624998212476015],[78.1974375185752,35.62283850974767],[78.21204885887718,35.66599957829064],[78.26561150580022,35.64741933227113],[78.28450706354981,35.664490219339136],[78.27695029241862,35.71837414147776],[78.40386366183186,35.73584933099868],[78.44267157861827,35.783642772616666],[78.53416402020605,35.76251278317793],[78.67331106265179,35.85420353855456],[78.83907085542506,35.8561160859676],[78.96920489693076,35.89016900004165],[79.03224771603539,35.84771722332058],[79.16467252934042,35.83818619920391],[79.21275983404807,35.87786557003734],[79.2044949501405,35.92770244728909],[79.23089883932683,35.97216418775585],[79.35803111210689,35.991732787360135],[79.41035345540521,35.98597735049932],[79.44019981273206,35.89408335941883],[79.75109059011687,35.79691899155888],[79.89895948196252,35.7751086417973],[79.9676955474359,35.82518118303388],[80.015692352664,35.82616358024282],[80.1288965159885,35.656732829954315],[80.31171197163829,35.58795612833936],[80.34508361201426,35.461172183041825],[80.29848467215339,35.416988318461684],[80.29747554885729,35.35286837919617],[80.2426570234816,35.20801551151809],[80.18503256905055,35.13062827878839],[80.1868950937086,35.00799859497486],[80.07499516322284,34.80541788464554],[80.06531123628763,34.69285774659568],[79.94466249624648,34.66090085985115],[79.87825965417161,34.67485900703047],[79.7766042631863,34.610383782815596],[79.79437565361945,34.580540606095624],[79.76977587579294,34.53777780856895],[79.82104480461274,34.514455481204685],[79.79143873118139,34.46675360539198],[79.59839275411682,34.48675898381858],[79.52215475518292,34.46362185094055],[79.53162878872124,34.408754161347844],[79.56893697457384,34.40058978110315],[79.59213872577199,34.23582011734458],[79.54005834369752,34.1913073237158],[79.49368608375019,34.184680747089445],[79.49595424116193,34.124448997496785],[79.42111312053584,34.07593979763517],[79.4374499689915,34.01264765738071],[79.41550565990786,33.99900597339144],[79.37366769653917,34.02675412716931],[79.17292876688319,34.058291511243596],[79.11265090530765,34.00894457283105],[79.00114894185613,34.033608226720034],[78.95320932515203,34.01313125114212],[78.91831709784093,33.96392179782141],[79.01318592694622,33.78293562716368],[79.06045450243977,33.77583472824746],[79.01610614224538,33.70226392468532],[79.04631867873927,33.6738345402275],[79.07799577238455,33.68608191883743],[79.10015061438467,33.616324029380614],[78.90286043480656,33.62201120218785],[78.90625981345056,33.57370954696088],[78.94377379027465,33.52606909206963],[78.92707797200106,33.45428801641693],[78.95537249028997,33.38162215068714],[78.98703453947161,33.33086047114335],[79.1076913315649,33.289112028145965],[79.22368286831521,33.29628463419583],[79.44611257160113,33.25773469720073],[79.44304461097481,33.200360786313006],[79.37321698751363,33.10637984011571],[79.38032263266079,33.02766984276819],[79.32490312237941,33.01224153756638],[79.6118608465157,32.735036058806514],[79.56724132209219,32.67006954200473],[79.42929013012406,32.52353082269705],[79.38453336990324,32.52279768317751],[79.37299037196517,32.5604824381965],[79.30525553641569,32.58582329161867],[79.2597513769158,32.52265421495478],[79.12504496924677,32.465022655779016],[79.13516531694324,32.432298562405045],[79.09367983230605,32.37713438192339],[79.00354542169676,32.37488102207089],[78.97118501609354,32.33569358964262],[78.80670178505372,32.444248135683225],[78.75915778422949,32.56778926259227],[78.78236340017295,32.59581052795486],[78.74333982006557,32.65497770968382],[78.75069655187043,32.692763035314336],[78.64836957966824,32.64385770788888],[78.60525920719918,32.591090246556234],[78.5655138028623,32.61484595792811],[78.45128282440156,32.577598554345236],[78.31914599433996,32.444105885041914],[78.28300950146647,32.46902632929387],[78.31285597726614,32.573676164084674],[78.40351180255878,32.62020776841913],[78.37962119101462,32.65396660328723],[78.3869838306028,32.756846650706855],[78.30899109705696,32.73620683849131],[78.31223358587474,32.709128718216135],[78.24548857489772,32.67138495345944],[78.16890803251266,32.67542124308207],[78.13779233715704,32.638728754895496],[78.10969575427468,32.658579641116425],[78.08155437727487,32.62069918278026],[78.05013151426105,32.63207090062355],[78.05194413873353,32.58836143371368],[77.99867937426964,32.58296967281697],[77.91835058634477,32.68994419979584],[77.9325633219335,32.76067700098747],[77.89734444694041,32.77216935776185],[77.86414369794439,32.82526878902688],[77.78428639668319,32.85544636531549],[77.806834644233,32.902430285785556],[77.70765042403065,32.97662509839117],[77.68199132369148,32.98327808861703],[77.67001695049431,32.95662293817165],[77.46953203612016,32.857958094953645],[77.40735690611425,32.88317184860365],[77.37328295378639,32.822642016109974],[77.33888173919243,32.81597034049444],[77.32226484781805,32.85060593661272],[77.25443636543937,32.863089333418934],[77.18834702296216,32.92787249042792],[77.17084298334481,32.90981862006348],[77.15633750390658,32.91062541778781],[77.151003621654,32.977258480236095],[77.01015592384078,32.987873370635555],[76.92954588355379,33.0308870934009],[76.90970025943336,33.093726763732924],[76.81798022755306,33.15947758268799],[76.84457100857406,33.245689190264365],[76.73705094091441,33.26109562148928],[76.71774625095227,33.32897319257799],[76.67098867762863,33.341933477156154],[76.62896476005287,33.43489500041339],[76.58184676322864,33.42578585348187],[76.56926262500181,33.46577429170595],[76.45916309513942,33.53389383281378],[76.45071554036006,33.56249580989271],[76.41520039473644,33.539084635088166],[76.37992483910858,33.5529240360182],[76.35864843803724,33.60368750032149],[76.30768033865046,33.609634531259495],[76.30978295665471,33.57146672255167],[76.22502977403107,33.547594531413075],[76.20544221318004,33.56920217598954],[76.24033716250065,33.604845867846784],[76.22937182082299,33.62982521891865],[76.28464791178966,33.66184883755533],[76.26523845807169,33.74687667867382],[76.16137858361385,33.80185008691942],[76.12296411525712,33.88904955123253],[76.03256822255968,33.919659040679605],[76.0494745115935,33.933856185232344],[76.02435759020325,33.98212479600527],[75.96568687676104,33.9544535800633],[75.83065302721829,33.95874405852935],[75.84306145101905,34.00477682097739],[75.73703272513733,34.05890769256439],[75.66794800115038,34.14428938839773],[75.68528726365889,34.19955795276336],[75.5933634001254,34.19769411029029],[75.49535645447602,34.232397877140954],[75.47485482531215,34.27759131622872],[75.40349776377239,34.28468778266392],[75.37233551756323,34.412598006136506],[75.32753908779253,34.439768425346095],[75.36556772072599,34.53809962013899],[75.2533673064032,34.60412523408703],[75.24150361473798,34.637779126570756],[75.1746934999431,34.66081620369682],[75.02226171426837,34.63735112609103],[74.9271494476964,34.67464397948863],[74.73165349785035,34.68112145213403],[74.65221536714974,34.70664090931784],[74.56821376734845,34.7776837242964],[74.33019248096481,34.79113475247608],[74.41351964419259,34.80985404761767],[74.45631093400583,34.86067954082842],[74.57136559466501,34.88859919407744],[74.58509349445991,35.01812156901568],[74.53073034804133,35.04617624805857],[74.53979732310562,35.074976736555186],[74.49944147474584,35.115586259300414],[74.43873920801948,35.130067549163066],[74.3819763493932,35.067819746152644],[74.30523120337908,35.06762735989938],[74.26517309243029,35.04085719245183],[74.21514294101291,35.09371536679465],[74.15610562201502,35.09087732027831],[74.10586137456656,35.12572519682626],[74.11227211653366,35.14852713535301],[74.03381398992798,35.14686227545649],[74.00282805885634,35.18364782467302],[73.95684471101444,35.16804498587573],[73.92454905499014,35.203897026683734],[73.86118917001717,35.20714414659052],[73.80832785438886,35.23949640670165],[73.72939348663041,35.20969851913252],[73.70798494603822,35.22248507830397],[73.72497371755242,35.2730505537101],[73.69390413428822,35.35939424636996],[73.7270230950091,35.418988670669016],[73.79203726313193,35.45422239487776],[73.77850474765283,35.52289428797342],[73.62838840484496,35.56904523520282],[73.56159722205176,35.54638867274286],[73.4773608052073,35.571901674409084],[73.39812354991388,35.55708280413101],[73.3635487245052,35.59716703409712],[73.2686779240245,35.62438607664911],[73.13291516502679,35.7107773159619],[73.14866275147216,35.83118580840966],[73.08388280965966,35.877462647110306],[73.02882438104594,35.84705807536382],[72.98707777462775,35.859810614266095],[72.9184422800664,35.839057316228896],[72.8924475026113,35.84454086132817],[72.89112688174792,35.873737396757186],[72.81915767223516,35.88172031710357],[72.78428867108562,35.841454371876516],[72.72657914305204,35.85305195403215],[72.6843837920949,35.82252516184377],[72.51847295611037,35.905485291343666],[72.53867268133818,35.98512010863187],[72.58459509336866,36.025079645875735],[72.51668082392817,36.06733637762678],[72.56170494987231,36.13989000521789],[72.53592117993561,36.173306909946426],[72.54731445264412,36.205406578029724],[72.61168265311356,36.269486862521745],[72.68483394054331,36.24388259853706],[72.68056050076987,36.27103386551386],[72.85366629297748,36.36634879596735],[72.87554293674205,36.394562952273745],[72.85966942921925,36.43556049588724],[72.90814949547926,36.46092211053767],[72.97935897997716,36.457319996737866],[72.97791320815307,36.51152501366469],[73.05194534848872,36.53296636849835],[73.09716682714969,36.605994292591],[73.07410632610603,36.62878536381072],[73.06764565338311,36.700622564735816],[73.11644082009963,36.68419542987662],[73.17067141290283,36.72403082119149],[73.20139620747379,36.69552922446617],[73.29411981923816,36.70422666408953],[73.42144221184557,36.74298328910819],[73.49763291859132,36.713135598004534],[73.57930167475016,36.72238070041382],[73.59271366158833,36.69284383111602],[73.68311052614895,36.6865678107599],[73.70985361296174,36.71233334860873],[73.77478392817584,36.702089624316606],[73.79555117024202,36.718841698162585],[73.87177612297724,36.7014005298417],[73.8852916086009,36.72989921689864],[73.86798889056523,36.76631694400285],[73.80151256192835,36.794217454544835],[73.79757265173393,36.81819810129698],[73.70550980161183,36.83781346932296],[73.6670577027423,36.88085877487886],[73.67109330555945,36.91169833784627],[73.91490226429175,36.88298262404693],[73.96149925388599,36.839266721184586],[74.04652144792965,36.810821761937],[74.13345904865788,36.84790345282239],[74.15575025811248,36.91050768201202],[74.24897082336857,36.89360566582883],[74.42642432246326,36.995692892251896],[74.52295745890835,36.99512872853403],[74.56410133936366,36.95789725101795],[74.56812448814905,37.05176139407064],[74.69012295756339,37.088140591135684]]]}},{"type":"Feature","properties":{"state_name":"Maharashtra"},"geometry":{"type":"MultiPolygon","coordinates":[[[[72.72358941539751,19.466216717779744],[72.73803987121606,19.464569656353255],[72.73461247669627,19.454197733801408],[72.72358941539751,19.466216717779744]]],[[[74.38902072709097,22.032534123938483],[74.44340733312697,22.023373728535006],[74.43939077863406,21.97679608615853],[74.52398860968941,21.9116373589393],[74.50540693860943,21.726299368791445],[74.54711548006864,21.719561638400773],[74.58207772906727,21.664919660376892],[74.78283373393846,21.61070866561338],[74.9014726372488,21.629314748928497],[75.05163892285985,21.56650322281606],[75.12594733776156,21.449201218185472],[75.21735264250823,21.408565500837636],[75.29541053070126,21.4135364435337],[75.29950019460728,21.384714044402504],[75.35716501322464,21.4008672930409],[75.38239000815446,21.379331888104815],[75.52011737012553,21.386978784238135],[75.54383769604772,21.368540098605784],[75.60658703696862,21.391813660794984],[75.67038829892995,21.374594898228317],[75.88990031228246,21.39460351667854],[75.9626506498401,21.38968892843268],[76.04776254118642,21.34900195690578],[76.09559004664641,21.371158133564606],[76.15910915857961,21.255478437377956],[76.14086226605149,21.227615548937624],[76.17630403329359,21.184067768787806],[76.11224263362602,21.155342199849958],[76.16971471336821,21.103731154870044],[76.166504843977,21.079012813992485],[76.26005238414574,21.090452304147632],[76.27890779359171,21.070042339979718],[76.37457032736904,21.072723800497148],[76.45562033064056,21.10768065873218],[76.49258629346348,21.19366506281864],[76.62319702365355,21.185045914033626],[76.66265743777734,21.28045435817925],[76.62162516085249,21.332380697515614],[76.78577152094908,21.465052363252653],[76.79552533240114,21.489439811221736],[76.76333808395847,21.520794816622697],[76.78922646925027,21.536408447323357],[76.79516113913684,21.593934954223176],[76.83282775772243,21.58899430575572],[76.85442759461415,21.61336109475991],[76.90183043185706,21.59685229519135],[77.07315369010284,21.719409007829267],[77.17603875610996,21.725752603285702],[77.21037446262497,21.689664258847056],[77.22688564925366,21.716604941447052],[77.2871032373922,21.722079121477346],[77.28950186917587,21.760218369422102],[77.47902297402213,21.769974067279644],[77.5421434754238,21.706078763393023],[77.57692484389923,21.555017421639565],[77.61175636977006,21.538558483577937],[77.57496953046244,21.5264489768522],[77.45501266487538,21.553750156650157],[77.42227016398363,21.51742801892079],[77.47342026563221,21.45452552361813],[77.48771862458482,21.37438439635236],[77.51441556019344,21.37597353209937],[77.53199897192233,21.41908368519449],[77.58723829972469,21.36274915329906],[77.60769862659019,21.364660138704863],[77.60559732184916,21.39080931654462],[77.65363382669105,21.39121014417452],[77.66958840285268,21.36888091821182],[77.69185327661253,21.3975324040761],[77.70983708620282,21.35739761201515],[77.7370358027901,21.36219455647245],[77.80106840223738,21.409448776682474],[77.88312761903379,21.375956426132014],[77.9410721435404,21.38574072754172],[78.17632284229735,21.49914454124632],[78.1819642584955,21.55664112913378],[78.27400578436247,21.568723798978404],[78.26648367018603,21.591727551050845],[78.30644926112227,21.569366693433526],[78.34286159438368,21.588538308200352],[78.36327956556268,21.574870579272005],[78.38690585918425,21.61478790657543],[78.42743191514928,21.59892846794376],[78.42448127225241,21.544265562342133],[78.451368831396,21.496532999388904],[78.5118291695879,21.52851884596069],[78.57031054562316,21.51407486478322],[78.58550941553479,21.486709184147987],[78.72815680161375,21.462185518817144],[78.75091341437029,21.492915657025783],[78.77617626179259,21.46451692601039],[78.80035094061742,21.49014808962125],[78.93670163743202,21.48571431589531],[78.94417765095658,21.515804797612528],[78.90661145253101,21.553205560704853],[78.93164111425342,21.561731372868493],[78.9165367815755,21.590895058445966],[78.99841446448143,21.619004996448595],[79.01226326902936,21.599409550387232],[79.09363161742064,21.597996106146667],[79.15399040861803,21.659746070313414],[79.22393190475421,21.648595079102524],[79.23099994311957,21.72225749424956],[79.35232150825853,21.67793158041598],[79.4222080857047,21.691815706722043],[79.49614961477505,21.67396691828926],[79.54056580684818,21.542677659952822],[79.65196653886079,21.555735385699855],[79.73763719140031,21.60384659095782],[79.89121691869316,21.518014934929223],[79.93589197345001,21.55611359111308],[79.99849589631577,21.533422524139205],[80.06672159959548,21.55410118859961],[80.1197154315897,21.609871264161317],[80.19278531765526,21.63544340928901],[80.25399467369384,21.624523596491972],[80.37649935122491,21.523258043754844],[80.42223036356454,21.44044935087417],[80.39611614504437,21.408004848676313],[80.41226191609053,21.37670248999788],[80.44863962850214,21.372040661473264],[80.457566403736,21.40267205814026],[80.52765243685238,21.39475298676252],[80.59920526828921,21.327109065288695],[80.66242708414778,21.334625636447996],[80.68159025766815,21.313459785914425],[80.61380653894562,21.226455303278478],[80.46427950589482,21.17491466761095],[80.43922943119239,21.096523710911512],[80.45266201461723,21.038712362662213],[80.42420161093327,21.008769246116493],[80.46368280492956,20.929100657160525],[80.54612138890977,20.934793069414315],[80.55169764084728,20.763905425002132],[80.58765446927622,20.684585404544528],[80.48102478730489,20.618362378124953],[80.5208322202087,20.580498404128974],[80.58066913894496,20.60834499314034],[80.63184375613069,20.59831765543498],[80.5914928274279,20.392950508197686],[80.62635203755123,20.332575795855288],[80.549594870713,20.30881196357226],[80.51888516734326,20.266078261073506],[80.48079698507752,20.27493030081548],[80.39527394884587,20.24484924840912],[80.42219110800878,20.205826392875423],[80.38853830315149,20.165046019753916],[80.40188702109351,20.147187519264318],[80.5055945016231,20.14443919265401],[80.55210143850684,20.11787919647878],[80.55682131772393,20.071973247207296],[80.52991948293972,19.93930893886844],[80.48876675040658,19.930455236726495],[80.45217141776192,19.95744576513482],[80.41123562531662,19.938255813262966],[80.41388962535564,19.9072919990191],[80.49142658799734,19.902013314519586],[80.50586204831302,19.870588336750338],[80.44068080258984,19.8101616310772],[80.40209744754195,19.816627070138452],[80.40173001255177,19.796118813852832],[80.46425832500431,19.7957750966196],[80.48904998382385,19.770243272123352],[80.48058131407147,19.82750577222712],[80.54636931910262,19.81822175851529],[80.55259506896131,19.765432833049566],[80.67653472246793,19.699159595251313],[80.6655105249976,19.611621098700454],[80.7193027429778,19.61530740478083],[80.77545433860986,19.562535451468783],[80.83508508900456,19.56674784286022],[80.85662075860829,19.52306001162003],[80.89536460341401,19.519740045850995],[80.88210712235389,19.45192696336048],[80.80968605129051,19.42054027793779],[80.85312408403259,19.364210764503913],[80.7573391462999,19.289700158737098],[80.71082395532845,19.28156757223215],[80.68001739119538,19.33014730745936],[80.6126176045371,19.30942392356606],[80.5760614285302,19.40217599309397],[80.48418397603541,19.339506710563548],[80.44850691294886,19.266438269147674],[80.38513968476386,19.23574528305603],[80.38302626925636,19.17827793123136],[80.33325203467909,19.145332946747317],[80.32959833175971,19.069819876594504],[80.27329189028097,18.992924406567827],[80.27085506694058,18.938409176904596],[80.34949885663112,18.848005931422815],[80.35153343982421,18.816392856375483],[80.24524124568187,18.765465791623882],[80.27086003309876,18.724368060144055],[80.25070472825064,18.707656624506495],[80.2127717055587,18.705717742024472],[80.19656901825088,18.680795453116477],[80.15770799672539,18.700979757265834],[80.11812186994568,18.680516793947255],[80.01854428513349,18.77038297819469],[79.96415409977577,18.773825003496388],[79.91401834006591,18.823930869253775],[79.96160503126951,18.86662660306984],[79.94037874405771,19.032013089035292],[79.9289170649187,19.049194323738394],[79.87110277673384,19.04101693676454],[79.85842957233257,19.10241622711733],[79.94566854880455,19.168936594990246],[79.92474234426456,19.22729925421138],[79.97961495451395,19.390325506801645],[79.94487108821302,19.469751692012878],[79.86458394988024,19.510513651182745],[79.81446704607806,19.575708335219854],[79.74308000925105,19.60862625138539],[79.62791950316576,19.573170822407345],[79.59615396994487,19.507277322534755],[79.53992721318309,19.55466126249273],[79.47142489012094,19.500191724882434],[79.36576698493165,19.576251498206403],[79.31393055192301,19.566420806923176],[79.30684049360615,19.59655601753384],[79.24355707059075,19.61668894369298],[79.24001342275838,19.53528548178546],[79.20385114239208,19.494083475086324],[79.22358933643571,19.46907490394074],[79.19031193276874,19.45898473737748],[79.09782481941677,19.532102255506313],[78.9404900245935,19.551860900633148],[78.97283491609377,19.582387660041526],[78.95551026434298,19.655862876255835],[78.85189787357135,19.65848247606026],[78.84096345335251,19.76189008566284],[78.74005701874468,19.78313315282058],[78.71916067639366,19.766648245975112],[78.55200650857158,19.824084590580654],[78.49023814968311,19.792684456035204],[78.47245903887972,19.81733826929384],[78.42295193626092,19.81762670246529],[78.38071755592843,19.88038310962756],[78.3320881715752,19.884900376698315],[78.33177892724159,19.91337383668982],[78.30702882534824,19.91428191529359],[78.28612827762228,19.84786439030285],[78.33641447037384,19.83792324244196],[78.36467464969083,19.781231546399365],[78.34309222839481,19.713250319402253],[78.27618455676398,19.69246179019189],[78.26264904730972,19.665064243194365],[78.30556691160997,19.60706653836077],[78.30368891246871,19.569320561431482],[78.27431076435413,19.55397458828517],[78.30434095791306,19.456137049064306],[78.17619001921648,19.412262466927025],[78.17214822729595,19.349298865434047],[78.19373885378754,19.314886126110522],[78.17532099587383,19.237578550609218],[78.04161357714663,19.243428141777677],[78.04250627401063,19.27060376664434],[77.94512189805216,19.3424529707015],[77.86347389826204,19.304186200418016],[77.90752241669776,19.26810821939146],[77.87145072488434,19.254982539718903],[77.8477210230861,19.189594954245454],[77.83406293160395,19.13430824944493],[77.85039502637738,19.088556894890694],[77.80993425851656,19.10473397570682],[77.80034943238165,19.05112157246848],[77.76481198990979,19.062655286229504],[77.76179020871473,19.033001762120595],[77.77149715527885,18.979159065388828],[77.82175777614833,18.978507766986567],[77.81924931785933,18.94585994068654],[77.8586400385567,18.949043837537637],[77.84325423239065,18.908693376398464],[77.88538444888702,18.904200158911603],[77.94851296735807,18.82977105216795],[77.83995480281592,18.804821513049504],[77.78728825223716,18.682639975925447],[77.75350376594638,18.700991983367796],[77.72997424759811,18.666936907917794],[77.7384996066685,18.556788709892405],[77.65586040170466,18.53089895101962],[77.64791314928266,18.554931356621847],[77.59636942266991,18.548941379391184],[77.60312605557215,18.47684752507786],[77.54856340496485,18.468581311809597],[77.58529734058541,18.446792304734217],[77.52751602239081,18.44211124086409],[77.55675606361436,18.417143339878677],[77.52234118394301,18.346467110982804],[77.57139614331982,18.308829144479855],[77.55120677870181,18.29170894763191],[77.51268450871011,18.309578089090454],[77.51160320162543,18.28215953950201],[77.46505473750787,18.262535446062],[77.43768288083206,18.31031336925592],[77.36573426491236,18.30721096494326],[77.41411380258039,18.393106982142925],[77.37285152290707,18.401154050002972],[77.36565655846464,18.451563896900385],[77.33502200078141,18.420845001894772],[77.31509080385415,18.442759725044475],[77.2417017430493,18.412422578244414],[77.24634334802711,18.37065259027106],[77.19873190133791,18.31545499738212],[77.21296432316429,18.280313460574856],[77.17477070292746,18.28475508463929],[77.15156763022146,18.217166544351805],[77.09758755594213,18.196656750724397],[77.11156057014584,18.155838322109354],[77.06397564519013,18.150657607682117],[77.03319601897459,18.181998570713112],[77.00120391282756,18.160892670468797],[76.99062772881524,18.18999412428393],[76.95195325186755,18.188106212469492],[76.92051745384458,18.118190492875385],[76.9663670814655,18.098208318523266],[76.94516539783946,18.082917384734543],[76.95237187601568,18.040345348619585],[76.91433195602029,18.035369341752357],[76.90565539396232,18.00969095537918],[76.91899131954615,17.91597308036042],[76.8066841546035,17.870585760516526],[76.73986093742258,17.899693107114054],[76.73849698871177,17.856693136451636],[76.7903995551723,17.826376696243077],[76.76197011500946,17.787037739066893],[76.7141052392025,17.78095228611464],[76.72820095170425,17.737491144386993],[76.69965908158575,17.727261836706305],[76.69088671232397,17.681135360029117],[76.66448421789867,17.68731387540175],[76.61534534503163,17.770410155570037],[76.58203637449125,17.705696490182174],[76.57274741234542,17.76054107319496],[76.52323115243254,17.759794117513596],[76.52385827402394,17.71516729880027],[76.48724168828764,17.7147793514463],[76.48976194159853,17.660515184762783],[76.42920464346443,17.64497028561142],[76.41968822915709,17.60380179292038],[76.33129063526042,17.597246714835837],[76.36723085487552,17.519471303620314],[76.34577601138176,17.492548668041113],[76.37552737668321,17.490238311203846],[76.33069847708201,17.47021272913196],[76.33327309361744,17.433920323088216],[76.37152086582982,17.436442387807297],[76.36343617338258,17.377687244439606],[76.40912984487267,17.371406339815277],[76.38324463405034,17.314715910885344],[76.35401839682608,17.314416662913175],[76.34524984601818,17.354472161442896],[76.27636986319534,17.334594776663728],[76.24209737819254,17.378857959152935],[76.17033599219597,17.352510078550534],[76.17632442025325,17.3008096130758],[76.16262800772154,17.345242214149017],[76.11900594283466,17.370522348040424],[76.07914040654724,17.331625761000456],[76.06054604396321,17.35533120678666],[76.01434339776083,17.353557394732487],[75.93083041078702,17.322598172432823],[75.89059355879854,17.35654809802327],[75.88420109485399,17.417985150961293],[75.86068502305983,17.385676851881556],[75.82145367530102,17.42124905010498],[75.81364397057725,17.37275257012959],[75.79295292086319,17.369724479381766],[75.7336081957359,17.42012064308281],[75.69074291549741,17.40950185589458],[75.67589015403493,17.45597138935893],[75.63299447781138,17.477243145504325],[75.6133612483271,17.391675862529],[75.57416839015926,17.383307351274368],[75.58097770594247,17.351268672474312],[75.6099898930282,17.345070074631945],[75.6037992262775,17.30547914232591],[75.65773692463586,17.263062160689334],[75.66192234651058,17.214612907722483],[75.62538686349207,17.17403071271858],[75.65035689643007,17.115840144986738],[75.67229803737739,17.116011592064588],[75.67655794673124,17.065164433231736],[75.641040053673,17.037939043733726],[75.66970205597164,17.03819076361234],[75.67029642854644,16.962068490211614],[75.60787432956997,16.971156296284843],[75.60679733507259,17.004576624762304],[75.57310528809712,17.009638422921416],[75.56765958759216,16.965778135671417],[75.48940950001969,16.944519804170106],[75.46556057826508,16.988398561989797],[75.42799412690714,16.96660878414248],[75.39214365381949,16.98012527293074],[75.27964541996259,16.95659109030672],[75.28207214531544,16.880424429374486],[75.21420965723013,16.841736986111925],[75.18194148751354,16.843381259774382],[75.18899544158164,16.87531819634245],[75.13646074482746,16.874583731847196],[75.08934336865603,16.951621077432904],[75.02536019473659,16.928093835900206],[74.99291907943493,16.95211067254482],[74.96441582752232,16.94756243728578],[74.96452140852908,16.926816801853874],[74.93168615539464,16.944746174054313],[74.92177116701016,16.9299548453408],[74.96358822193818,16.90975219111254],[74.96037002463194,16.880988291023705],[74.90155072322432,16.862596989541633],[74.91958682518641,16.772838647459768],[74.8498408321981,16.772796625304036],[74.69104184489062,16.715614819280194],[74.6895122363249,16.677181074055206],[74.65354809948222,16.63886480716908],[74.68698835952114,16.606834239605558],[74.63982392098224,16.610408418378384],[74.62863965026999,16.57777911306876],[74.56854307690685,16.553916844412317],[74.54448560125229,16.635431341540915],[74.48904168231336,16.630193665742837],[74.46875098339659,16.66385191795333],[74.46650472941971,16.606578917725955],[74.39663353870978,16.583317860312548],[74.37983944618091,16.528643119856355],[74.35625402233067,16.5597983465673],[74.31572098906967,16.55450628062784],[74.30614952945851,16.503744892953236],[74.30137863047345,16.529321463761793],[74.26445016247226,16.54049648302167],[74.27817219546716,16.504852084393626],[74.24737983875352,16.496966039434863],[74.26077689889514,16.480149337913176],[74.29090197833717,16.504954273898615],[74.28928152602113,16.463022941734316],[74.33241164002175,16.455014605323726],[74.33505957180536,16.40145950488738],[74.3636795748019,16.405200683424408],[74.35341452988577,16.36647079683101],[74.33587449086205,16.393793722432388],[74.31720394368698,16.381013974682507],[74.31661084366749,16.326614309602306],[74.34255185397224,16.298079891765635],[74.32493712582098,16.271809192720678],[74.3505087787681,16.275469691684595],[74.34560050512987,16.293815046446316],[74.41439792595708,16.28270273786598],[74.41761343424042,16.25805238152418],[74.48048180292419,16.250176562061224],[74.50798439952676,16.202265980766757],[74.47983318018964,16.147176515984786],[74.48430483692975,16.091519918183526],[74.42761979997934,16.112017393153312],[74.36134961601135,16.053917792099263],[74.3733202035367,16.03651163676124],[74.42969414193897,16.059204043121714],[74.46319846838425,16.039162800058335],[74.38694686395829,15.905242044368384],[74.40613817379787,15.855520057108714],[74.36849289962548,15.89439445017285],[74.33830277794935,15.85490533316726],[74.38308342317043,15.848894893786188],[74.35844110905316,15.774928966601902],[74.24229422589603,15.743264382923707],[74.23343321836602,15.78703798269252],[74.20897100198667,15.781288581545247],[74.1222849401318,15.720734511413896],[74.12570606131693,15.68100642246531],[74.08806555859228,15.672448709841781],[74.11304727750142,15.64617652129007],[74.02088994337126,15.606184079680661],[73.96754656140642,15.630251333784116],[73.93861140972061,15.74271241065187],[73.87515505633596,15.75073549359183],[73.85773624071143,15.800445768453534],[73.82304318019021,15.7399022931933],[73.67507674476592,15.726806879483233],[73.58700958039694,15.910521449377017],[73.51007649692949,15.937451402728849],[73.48255334452138,16.033957629190823],[73.45719389589622,16.040171400164848],[73.43820456226402,16.19268746916725],[73.31597074769414,16.512089494923355],[73.31691763700928,16.55583042340987],[73.34524197606093,16.572687634940124],[73.31742066169227,16.601666994898565],[73.35094904740778,16.6156920232386],[73.32970658418866,16.621370695952628],[73.30551875090289,16.72938132408324],[73.29900714003674,16.892305464453],[73.27692698321836,16.891637240898323],[73.29245135421885,16.9788973883463],[73.2539190359204,17.02731198074716],[73.25558458829966,17.04672789830159],[73.28450101308432,17.048077014494368],[73.28522615728322,17.083662714746705],[73.23162620466546,17.199143803532163],[73.24144152102876,17.224652242949684],[73.1896004171088,17.297824599128397],[73.20977153803821,17.305792274631802],[73.22687043983726,17.286943502855987],[73.25877070698283,17.286030135167206],[73.23151545837312,17.289946459284625],[73.24156651915308,17.313566210642822],[73.20663845200136,17.383244581977806],[73.1676964329649,17.403052710575633],[73.19654096183623,17.438577729340132],[73.17392559267802,17.5169072694698],[73.13701152962194,17.556286353929305],[73.15264724517083,17.59937446136765],[73.11382235715503,17.68918031830615],[73.13362350980776,17.7160759312307],[73.0308060517667,17.942814537954575],[73.04026450741547,17.978437791093214],[72.99037561717638,18.055766231279584],[72.97375717491558,18.200571813336182],[72.93177840658294,18.220420316138977],[72.93804808136832,18.283722081385694],[72.97424180219907,18.26621664094191],[72.98391155814112,18.288496585202143],[72.91437532904678,18.353431798486874],[72.92594593040292,18.383438515240922],[72.89373245258469,18.47179121252849],[72.92115796617709,18.550552896811702],[72.87946369860114,18.633136929510602],[72.86124985032237,18.629699447123397],[72.85105234824235,18.698832382825536],[72.869215046182,18.810791321628397],[72.91633732863363,18.79400434517333],[72.94305143992482,18.829921102005134],[72.96072613734796,18.79964642360418],[72.99667207365856,18.779540730795354],[72.97487056393551,18.80250719795154],[72.98526301644628,18.861492583967646],[72.9505889445959,18.84195006039479],[72.91761478015273,18.856485298338733],[72.90407301302247,18.904435194484677],[72.93747912524725,18.945385224739297],[72.89932649339019,18.961309411722695],[72.95209522522916,18.97842183113781],[72.98666591120235,19.035749632937844],[72.96688562426947,19.042349720943083],[72.90870594681562,18.990513307717737],[72.86348966269577,19.004826896646485],[72.84484280454708,18.924630474083465],[72.80741151059378,18.88940656937243],[72.82388502005877,18.939857696484754],[72.79126722674047,18.947342205558233],[72.81476791075961,19.0266176969096],[72.83782137396994,19.037927139291497],[72.81671715455701,19.040805210896607],[72.81671774947587,19.123384171227087],[72.78032305507205,19.132981590249],[72.79444466151175,19.32837737924535],[72.74443863142983,19.37881945796271],[72.75050190279772,19.50726481372878],[72.71947773991376,19.501289715307465],[72.70890928795016,19.598764185699444],[72.72906678179042,19.610570703463768],[72.70563278941236,19.711571979527942],[72.67401487321679,19.737550197186092],[72.68588655598333,19.79480455333983],[72.64640821030034,19.85771201217275],[72.67963519443424,19.878632284477106],[72.66122994308542,19.936157973489124],[72.71982315850772,19.982680165629517],[72.70489160442511,20.071541888867348],[72.73586443609476,20.13471525275043],[72.7940176304222,20.123147838754416],[72.78860511432818,20.149135086227048],[72.82432443893431,20.14202190046831],[72.81596460168107,20.18429390375601],[72.85866498713861,20.22459263416805],[72.96264621815399,20.209714591960132],[72.97738429945255,20.17972706722092],[72.96169388238653,20.13146521021361],[72.97731655958998,20.112934822480103],[73.01112591038307,20.13453213784086],[73.0012436269241,20.111760956852603],[73.03955310177263,20.067175203384384],[73.06396237406521,20.098437050726087],[73.11223258284825,20.074436183826982],[73.13708835914927,20.08605397025858],[73.17903983582504,20.047574625655304],[73.21785116311443,20.136492052344057],[73.25463462015239,20.127029957667585],[73.29760858073001,20.20854454125407],[73.41697476350119,20.198669503356243],[73.4126752797785,20.360866253688503],[73.37978303649105,20.39348548878029],[73.41958456869479,20.41304528604782],[73.49376107974558,20.53817215166968],[73.47321874266723,20.58471169762895],[73.43087846462284,20.594305160419825],[73.39198201587469,20.646056311778963],[73.43364109844133,20.668104410351557],[73.44950798779237,20.71750461650789],[73.47465329207436,20.720384850282887],[73.48923920629636,20.655734018692485],[73.52058760876905,20.678777184900117],[73.59945416580545,20.636809323726478],[73.65234589080671,20.564682934615536],[73.74458428531472,20.56488290689531],[73.83830434249538,20.62062196592641],[73.81212542933397,20.692291985263232],[73.85520080686602,20.69238933059046],[73.87432172901396,20.72968207661093],[73.94153158882212,20.741406039971146],[73.9400920590056,20.839351462997143],[73.88806252617434,20.93344067174964],[73.90108586236836,20.98222328340432],[73.79989888606659,21.03863690730174],[73.80753436467515,21.084704841415345],[73.78009598667283,21.064404355047856],[73.7297332297985,21.08229742834536],[73.74336527181346,21.11502894623557],[73.6887778768534,21.100749319506736],[73.61818804599349,21.118352978014013],[73.5771381781119,21.17066152739431],[73.60645264568836,21.178754213858554],[73.63437215254321,21.140778551975487],[73.71850973625581,21.140003011514054],[73.74008929957789,21.171115071995565],[73.81563792327773,21.173960226135133],[73.82263744573255,21.27074628105543],[73.87937795300319,21.265847712455923],[73.94193889489584,21.29915999955584],[73.93869875795653,21.40491596848031],[74.04462717838176,21.419196853395423],[74.06297748788904,21.47461261923516],[74.10066277506235,21.447710112006888],[74.1251773050208,21.466655532577366],[74.19754455687513,21.458683535371655],[74.21402945791041,21.481622030111545],[74.25339404676578,21.467692915749815],[74.32059759200511,21.498502626401965],[74.33166589049172,21.544016963954512],[74.2948731423284,21.569085833119537],[74.26325389348851,21.539874858854077],[74.2289161953994,21.554055146338378],[74.1953583820594,21.53202807730662],[74.15767603034038,21.568767785776082],[74.13669194596754,21.546490560464164],[74.00522589079945,21.553422145353306],[73.97399036984501,21.54268889515926],[73.98228222574969,21.521898020088972],[73.95681646326607,21.540846452013863],[73.95156344318045,21.51270722857489],[73.90511552411046,21.524593820999247],[73.85193787441622,21.497901830955435],[73.81390400412936,21.60078361425627],[73.78014194464738,21.62823364134748],[73.88792936317044,21.65330998338954],[73.89160470530292,21.691884403078713],[73.82403238763835,21.761054172471706],[73.82687515535784,21.810265954740043],[73.79560621734575,21.824519514096803],[74.12817762908875,21.94976522164237],[74.19285538200961,21.925889228403108],[74.2810389413479,21.933068079917614],[74.38902072709097,22.032534123938483]],[[77.2943541941908,18.47858668085209],[77.27618321954695,18.47604961523742],[77.26717029084783,18.45467534264105],[77.29292020701965,18.45656837591372],[77.2943541941908,18.47858668085209]],[[74.29224954833786,15.832116665149668],[74.26793424697905,15.79609824756961],[74.31140862649781,15.793300523363891],[74.29224954833786,15.832116665149668]]]]}},{"type":"Feature","properties":{"state_name":"Meghalaya"},"geometry":{"type":"Polygon","coordinates":[[[91.83736006971118,26.112237433688453],[91.87906903577952,26.09803933139467],[91.86743848063104,26.04170191299479],[91.91898439626817,25.997832473707735],[91.98917608848103,26.038520637577214],[92.13260423452964,26.04425071635975],[92.1692747396265,26.077595348045715],[92.27478320909928,26.06569497484343],[92.26346548662879,26.033129721419304],[92.15243649562518,25.94431864043576],[92.1547391661949,25.910992477627666],[92.22556189741923,25.909168655069838],[92.15109996939258,25.81663880703818],[92.1560676682698,25.672262483810037],[92.22503433690324,25.71608960400532],[92.3335103554764,25.72411585748678],[92.3843180360589,25.754462803707508],[92.44421391282621,25.71976753495668],[92.44064833713692,25.691601331804222],[92.50558981661489,25.61635868533083],[92.55409764284387,25.61484872633995],[92.57249149801534,25.5573506122365],[92.65299126645512,25.590928115883464],[92.64278723959676,25.534799998345914],[92.56466551434283,25.465483571614797],[92.59861312492512,25.468138397410716],[92.60663102330976,25.41323246583935],[92.65362009290405,25.433523478508935],[92.66164420380056,25.40635460984979],[92.73789997309221,25.379398488401094],[92.74990207562463,25.34409585344273],[92.78179806284842,25.333182884348915],[92.79251992296177,25.282688726206654],[92.7618879490558,25.246528441970675],[92.80208674365295,25.21512497438572],[92.66347524355515,25.17666786990389],[92.6214327559562,25.115026384447713],[92.52161754122186,25.13902880336304],[92.5392802335177,25.098964005215237],[92.4808817557255,25.108521329240613],[92.46429518389488,25.03752565653682],[92.42148522463256,25.027795363310567],[92.34161984754793,25.04852130002607],[92.33491451965882,25.078445355515413],[92.2275503860745,25.093705302325432],[92.18932539508413,25.136287461467894],[92.18392811616772,25.117921073175683],[92.1595922266749,25.12660327949033],[92.07385106092829,25.18494824266749],[91.7560306715171,25.177497515760315],[91.74764114019933,25.140151416605395],[91.70384113396973,25.160025019337297],[91.6379142355897,25.122544536376544],[91.6020903688654,25.142721175215684],[91.60973450181373,25.17704843914009],[91.47063618213593,25.133649530036067],[91.46863104052143,25.151794039079707],[91.28656836051425,25.18535028050101],[91.26801341838775,25.20724405317368],[91.06964299746532,25.198409982223463],[90.8624153643852,25.157673194204296],[90.7803574715525,25.18611500031519],[90.73327645819417,25.154911424430754],[90.66600653539528,25.165803918088958],[90.66342006260008,25.19785159295899],[90.64093507780434,25.17452942876923],[90.50863949263307,25.17535462159243],[90.441076453933,25.144508448743334],[90.33023889990045,25.193815952312267],[90.11811361703808,25.223456688083537],[89.96656995023321,25.303657012065976],[89.83118302427347,25.296028891471558],[89.82541186673751,25.413217938517164],[89.88587846855359,25.507812336884545],[89.87716801945126,25.548989199237962],[90.02025032957326,25.607487025049707],[89.95045252216256,25.65560359638834],[89.89473928370633,25.744968624313646],[89.93728332334587,25.745118966684586],[89.95935140637712,25.779930206688697],[89.94826495433024,25.825449786677176],[90.00358571350729,25.839235478851162],[90.02382064034832,25.86721771106835],[90.00809323904204,25.881608308224735],[90.11692410119149,25.957218714843822],[90.2705824138183,25.960309743565855],[90.39974683424259,26.012516165968997],[90.42409904602972,25.98887990911614],[90.47611015402714,26.009575256243572],[90.50253507754455,25.99146101106571],[90.53500440391444,25.949588216079892],[90.51498002717764,25.89610130871105],[90.58787140798252,25.958070862858282],[90.62412418196735,25.939175481501177],[90.60626618728203,25.91661703067279],[90.62186617332338,25.89783641032937],[90.7175875148345,25.95494102631695],[90.74797734514071,25.956732784870574],[90.73897655517902,25.9161583505317],[90.76637681021587,25.907640587879147],[90.80905408156042,25.95243731973276],[90.83595707794187,25.93663718128643],[90.88445377258597,25.95031714002543],[90.91683638930013,25.91405637379085],[90.91733641640936,25.944407682307517],[90.94743452704591,25.948091944960982],[90.96885495900928,25.88521925782019],[91.03043894157247,25.885889271976264],[91.006014599657,25.820383328344487],[91.04821959520358,25.849203242459993],[91.07843289726256,25.85280406038193],[91.04888433939158,25.82927284645144],[91.06213022241049,25.820781582422246],[91.19574724601019,25.861108931967244],[91.17826214290014,25.777351633142384],[91.22245406761304,25.72256326176803],[91.2745382199324,25.750447490996198],[91.33535490277882,25.840544227456558],[91.4451857881604,25.83977381416028],[91.53043365001263,25.871253983638397],[91.52658590812825,25.891073658662517],[91.51313774966754,25.865712995725765],[91.47480885303598,25.874021113409146],[91.53695468997779,25.93121191725727],[91.50332832258634,25.9136722260548],[91.57984128750842,26.033247804481526],[91.63089560598021,26.022183716756984],[91.64067552075025,25.963606810659652],[91.60952735124874,25.93747091519236],[91.67056854002587,25.90417559319085],[91.72006522678532,25.95357625792945],[91.73106116185039,26.058926738413376],[91.83736006971118,26.112237433688453]]]}},{"type":"Feature","properties":{"state_name":"Manipur"},"geometry":{"type":"Polygon","coordinates":[[[94.57852090433167,25.68760625594376],[94.57156495098235,25.639093277509154],[94.59063965557561,25.63819482782143],[94.55113922596274,25.580197492539888],[94.55274040346089,25.50709393845679],[94.68027829816437,25.454012324989943],[94.63460245861367,25.395006474496505],[94.5756400709071,25.214123770003855],[94.60557029099257,25.181459655688446],[94.73643441109328,25.134872967584666],[94.74412177721155,25.037385049576997],[94.69659121865422,24.96847001610304],[94.71340059333819,24.934371289514512],[94.68794996905751,24.88805521436884],[94.63185538134957,24.839455215861562],[94.60511779055554,24.712309349836197],[94.54966357640194,24.712769789228588],[94.52920722103951,24.61802363641825],[94.40307612796653,24.47529377616143],[94.39763410466146,24.40728616083087],[94.36713086181533,24.394618350666434],[94.38011200120769,24.374635316868552],[94.3540042750337,24.33447142406229],[94.32716244133859,24.32766417829784],[94.315322355795,24.252676998180753],[94.2598650626352,24.162260499119785],[94.25154041075065,24.08190782396141],[94.16535188015048,23.929640029264064],[94.15396903226487,23.85315237082497],[94.12067232023588,23.83284842479243],[94.08430454900814,23.881426888693667],[93.93046025294106,23.950250426331888],[93.80738300457347,23.927075243479027],[93.75420015307859,24.005421667982645],[93.62335428974258,24.010919161380837],[93.59165772029868,23.9605905049499],[93.55977306652986,23.982071254619918],[93.5047602750992,23.942186687114233],[93.46350492234363,23.97337418927621],[93.41694640497697,24.071407442111724],[93.34882395761652,24.104740322062643],[93.33211983773921,24.053132701657503],[93.2506384837964,24.02071236412213],[93.2619861660518,24.05715231466703],[93.24344927735527,24.0822732186804],[93.21929213790426,24.080995743534082],[93.2121692125877,24.04706275602994],[93.16544238871572,24.052031997965578],[93.13777225535571,24.083954485928434],[93.09650687231029,24.042336724678243],[93.07516464958749,24.10027090359846],[93.04938714635738,24.08804708378484],[92.97219522873974,24.112345823543414],[93.01813717529154,24.20756966275349],[93.00414948951223,24.27790657163925],[93.03931716143516,24.340741843808534],[93.01754570479999,24.344219188785125],[93.02035462507453,24.38785022395751],[92.99833798881163,24.399768567315842],[93.04256195911859,24.414911052975405],[93.03255519642285,24.495297437088954],[93.07080901380563,24.558047522770707],[93.05851104192418,24.574455751488493],[93.10436159641228,24.582382014933916],[93.07115128101157,24.600642291408125],[93.10415430015205,24.674156677704797],[93.0735468392282,24.707805708261326],[93.10776046512818,24.741441483945493],[93.10942868109643,24.81147501187008],[93.14946257396504,24.787373868101724],[93.19680546173646,24.811142289423653],[93.19482668471498,24.853849301295245],[93.22646475606712,24.87294727750785],[93.26300557621,24.96133579695534],[93.2438827935604,25.01828608119067],[93.2642049481038,25.04936186579822],[93.29995724734495,25.046039354516807],[93.33216256219809,25.093238880187062],[93.3936616667881,25.254740937784472],[93.47040521400943,25.305041165367058],[93.47314087800686,25.27563025680791],[93.50714389261042,25.27213377682213],[93.50146702485117,25.24065490846582],[93.55097751513316,25.246957054442195],[93.60415447888042,25.198355942553835],[93.68899485256861,25.357783509190867],[93.71424014343772,25.357737277823205],[93.80520892936113,25.461589358086492],[93.80030520642903,25.49505437523735],[93.7621021212153,25.49600152107477],[93.76817734164248,25.53691573821555],[93.88818887577203,25.564299375586344],[93.96135122602031,25.552294938716862],[94.00650367758638,25.566934785258344],[94.010856322272,25.591765692690192],[94.08192379344638,25.55518634119162],[94.08804909156298,25.52815362546519],[94.13460048610968,25.519015998374055],[94.1560074941413,25.550537835392298],[94.19070790579022,25.547633223159043],[94.2105915536347,25.495364302060842],[94.28241048685409,25.506673606607837],[94.30913978903871,25.48935178212885],[94.41581708501188,25.537332819640117],[94.42560327657007,25.587413205536663],[94.50091091775386,25.611522540506638],[94.57852090433167,25.68760625594376]]]}},{"type":"Feature","properties":{"state_name":"Madhya Pradesh"},"geometry":{"type":"MultiPolygon","coordinates":[[[[74.15569999964293,22.41294999978498],[74.17476000100471,22.400619999192582],[74.17839500057983,22.3876049990138],[74.15569999964293,22.41294999978498]]],[[[78.37210910869686,26.864060795004377],[78.3954910957445,26.816988593833425],[78.4335432971082,26.82574679758221],[78.46066872752603,26.787642272749927],[78.57624517994392,26.748798791745756],[78.7255748917235,26.79593139545333],[78.72996821023347,26.775085554990575],[78.81586648515092,26.7623569851651],[78.87174486505899,26.69811452616458],[78.95556860691237,26.69177905136726],[78.94556001644763,26.654834355012223],[79.00479065561746,26.673349792856456],[78.99363095415067,26.64103319745162],[79.01654280245039,26.600658572419874],[78.99010409153362,26.57803390392241],[79.06812868621996,26.496623630692],[79.05266368404962,26.453809355157333],[79.13512633802083,26.440119072645768],[79.12591094368067,26.411257219930302],[79.09507293760153,26.412317498960817],[79.08422353797975,26.359361984186563],[79.13876033018072,26.337600853997447],[79.09073478233204,26.2701602433855],[79.04567617330214,26.26032690980011],[79.0635303210168,26.225994720660275],[78.99172987876284,26.238969378150163],[79.02582246182574,26.220102445451204],[79.02639300436763,26.19134391207751],[78.99373462002416,26.19690971725246],[79.0048529122932,26.148043474625105],[78.94892550798988,26.128716806559833],[79.01190948030461,26.082669414036538],[78.94829941286217,26.027754507734535],[78.93896160975378,25.942694801785315],[78.88463891419141,25.913937045543904],[78.88731397915952,25.868601400709718],[78.85236585076557,25.856536396175773],[78.86331425701336,25.795898688031095],[78.81817472143487,25.82914807471577],[78.80557680966102,25.813554908066635],[78.82873552534816,25.795583653957685],[78.75295304866442,25.750882117669804],[78.8167031920833,25.676323256728654],[78.81176156689835,25.620784033643684],[78.71741555841486,25.60534767254717],[78.65827962289333,25.559854887298357],[78.61813890559053,25.583664059643507],[78.58774418002326,25.556601510476074],[78.49334051224132,25.57870393894934],[78.46469549817074,25.545514578334494],[78.44360095272592,25.563209711580612],[78.41935692928307,25.53284813602645],[78.43130302744268,25.47363531539807],[78.37758231571307,25.436831683447235],[78.35445107534356,25.451892144860103],[78.3405261767147,25.39952599350666],[78.30530760815218,25.376756321290138],[78.34378894933818,25.32846071806268],[78.3118116800889,25.303230865854665],[78.35448232329713,25.29224090986585],[78.35988256519477,25.242134285594805],[78.41094791126264,25.212665451526334],[78.39527515069867,25.187911105073294],[78.45822467764219,25.16365820425094],[78.42732562063752,25.154043748211574],[78.44682002807274,25.12178377774206],[78.40681770349302,25.12893320568801],[78.33863032441465,25.086580218800055],[78.33397165444536,24.994915930304106],[78.16896464392617,24.86261774629723],[78.21667294545139,24.80859187788672],[78.27671068164612,24.66287025291554],[78.26446375413275,24.55219827263676],[78.22581604377936,24.520108153412636],[78.27497194203858,24.473920487613256],[78.26968367915761,24.446934448207926],[78.36588995528449,24.38576295836537],[78.32907768604618,24.327122306286853],[78.3895477437641,24.26266097568265],[78.51861728044594,24.38781803002973],[78.58605080899109,24.353637246708132],[78.66862977886306,24.240035610971866],[78.70296516899195,24.226958727469192],[78.73414895275208,24.252421291173672],[78.7487147927268,24.233141885950104],[78.76192760577007,24.25946281216291],[78.7854746901595,24.183546415959217],[78.80636447764306,24.178372516326817],[78.81514470636763,24.207001094241953],[78.88233375685476,24.217453911902737],[78.8845835152325,24.250473036944733],[78.91674271616829,24.269023580175656],[78.90963519378298,24.29798851110533],[78.9714171093614,24.347563679590507],[78.99364581238615,24.42274429934333],[78.91421457184363,24.459668665436684],[78.92057371662774,24.499713664172205],[78.93774504570202,24.47882012287373],[78.97151964132532,24.49423647891366],[78.94725594549902,24.502428938384487],[78.95312519967186,24.546876607495854],[78.8831692705901,24.64131011499263],[78.78365976538696,24.588535807761428],[78.75202717039822,24.60017558193296],[78.74392487668288,24.65404050901318],[78.78100708868087,24.70616381205798],[78.77039506001805,24.788397449403195],[78.789836601116,24.810974714130495],[78.77003426343842,24.859016982615124],[78.67664591574618,24.898575253137455],[78.6317595225056,24.957713047339873],[78.6526137672874,25.050590606693408],[78.60216363398209,25.094934588544845],[78.57025433296143,25.22379206390574],[78.55575192675774,25.209213668923116],[78.57799634729679,25.25319675181653],[78.5317382019571,25.283990725476055],[78.45048762112816,25.262112428211314],[78.4350371071508,25.28429493565468],[78.45378908548473,25.301270758486954],[78.47283015264658,25.28552183970472],[78.49830925678354,25.320060199584884],[78.51038032205196,25.295354570284474],[78.53299138405069,25.30094913285662],[78.5530481568149,25.31965296634815],[78.52962243202576,25.353385089052157],[78.58492821720793,25.346838764052052],[78.56649812168024,25.39075904582441],[78.59137333252612,25.385874022882174],[78.61058854294481,25.41602298201307],[78.63518077151302,25.400677924860513],[78.65828067009915,25.441036931972654],[78.71139672365715,25.428049256865126],[78.67450410311575,25.39980701607058],[78.66582323010503,25.415389238853674],[78.66012363393922,25.383955176361525],[78.71471470368816,25.37299094566682],[78.72673744009168,25.34341930293398],[78.77463147117908,25.353094243189833],[78.74826204090257,25.409787954786367],[78.82132781532415,25.422596771504598],[78.76235804595255,25.426900509431796],[78.73213347926723,25.457594285675267],[78.73531142097191,25.491402425629367],[78.7677566189862,25.469443243510035],[78.79665262042182,25.48280046377031],[78.81868530764915,25.470912944211264],[78.80917328311642,25.45346276012698],[78.84092996929253,25.461488022863307],[78.85486453299302,25.44762819924808],[78.82072397348409,25.438691196117617],[78.84665103969623,25.42874145267108],[78.86617008380836,25.465668929595026],[78.83341266208141,25.502638939475773],[78.88428293519964,25.515590864638188],[78.87429405824933,25.540950367762274],[78.89344062814979,25.555316227799096],[78.92336527359946,25.535936821077197],[78.9517804773626,25.54877523477698],[78.91993566756908,25.51579429515392],[78.93781514331698,25.46504011169082],[78.90887195193379,25.44242057052905],[78.9382770636283,25.422269673612362],[78.96731495532741,25.434265318161543],[78.98929398995989,25.373991954326687],[78.93871162765419,25.346976351134106],[78.89655976380739,25.374029409299617],[78.93817772428079,25.374821078237783],[78.95317441008719,25.400014130084482],[78.8803073894113,25.385882969471833],[78.84615576840616,25.32697891389271],[78.79235300548713,25.308022968494516],[78.79758783185828,25.289206450345073],[78.81720803595726,25.306658100035754],[78.82852324676071,25.3027497155227],[78.80946741296647,25.270518379496675],[78.8496520349462,25.22878435818564],[78.88200283317893,25.34363654860533],[78.9225423470761,25.342897736362403],[78.92793310294549,25.324128362469686],[78.96061491955673,25.345083012495735],[78.9574267352797,25.302237357579145],[78.97988311816064,25.278997349896713],[78.87950070141866,25.25225428823493],[78.88190701649805,25.156892624954292],[78.95385048317688,25.21895568744308],[79.00585525524437,25.195174568551572],[79.00118553851179,25.233696907889964],[78.9748433462117,25.240487635634583],[79.01331850079428,25.273993992346366],[79.0217280827343,25.241837194805807],[79.063634255637,25.22197574029135],[79.05953371064601,25.190659654835756],[79.05220027375925,25.2076800110456],[79.03096564504946,25.184948897642],[79.03100304676934,25.13839022072941],[79.05069843162636,25.134180970915637],[79.09047362160558,25.190964966261603],[79.12594758163377,25.161292251465852],[79.12397606537108,25.111044055901335],[79.1742436719464,25.108553154780974],[79.19212308334058,25.14617027880028],[79.21499022360624,25.11136846983411],[79.24491575072034,25.11367623775733],[79.26046344586025,25.15315468881008],[79.26004182686545,25.12521436688578],[79.28297681502407,25.117287488032222],[79.32324688130798,25.149692741912194],[79.30847227935402,25.198211984502066],[79.28475737966076,25.190985863372443],[79.27936825554579,25.244708419300206],[79.3384604584715,25.19797852058202],[79.35209593613472,25.212192629503615],[79.33297253111152,25.227951832225685],[79.34745751128763,25.266604992565576],[79.26304413318995,25.272183606314872],[79.29992093070375,25.337614007736367],[79.35207933843273,25.32988315633925],[79.33625855294436,25.288102249221858],[79.36290059643062,25.261694910722095],[79.36864810897879,25.292328247892907],[79.40901534609722,25.256072333599633],[79.46718042128313,25.28324719535404],[79.49449176477864,25.26678953239595],[79.46258858134614,25.264589444181482],[79.44042410325312,25.19886064377595],[79.4122200230783,25.200240818115525],[79.39027912814733,25.170116200686568],[79.40534157320829,25.10622614773063],[79.4213684632244,25.129558244157153],[79.43925149252878,25.10144120683208],[79.47724276630734,25.127482296424553],[79.46518626086275,25.087967997235687],[79.49151038533199,25.079611269492336],[79.56909645994845,25.17180902706118],[79.60648765302516,25.152400557933102],[79.6001349327621,25.127799958750703],[79.74838902597685,25.139630712747785],[79.85124073994692,25.094197124964268],[79.85169229441495,25.12865360998432],[79.88142673411939,25.142112236676486],[79.85137669390085,25.235501548599984],[79.90749277823058,25.250887600485896],[79.91753960793994,25.226777692417922],[79.94836345776903,25.268654164263506],[80.00480853393003,25.267230252184756],[80.03348473642997,25.342047921253133],[80.08899939186507,25.355844168257427],[80.13114742751821,25.334242204998727],[80.19492670781631,25.37808443205765],[80.20240809070573,25.414031332377633],[80.25344910513134,25.40082421615845],[80.26400573598863,25.424019907918357],[80.31544735846308,25.38886537213651],[80.31083451713793,25.28640577361218],[80.40337954082943,25.24402705460718],[80.43170114337428,25.17760941063584],[80.35455248679173,25.138259800319535],[80.37611693440168,25.116351598630665],[80.34852844776353,25.086536930899193],[80.35546098490973,25.055667799016348],[80.285846523232,25.056021738883672],[80.27361867989995,25.026089306122742],[80.33058015179707,24.992318059078134],[80.36300059189637,25.02359283670351],[80.39567151603283,25.010200358513064],[80.37373227049804,25.055904685591088],[80.44848115503825,25.0786345223744],[80.47516153244264,25.038016951081843],[80.50196694087053,25.03666275107661],[80.47448590835573,25.030523318307484],[80.4489558658453,25.040480180654573],[80.43727679657265,24.994319942077006],[80.46244263701195,25.002481631182228],[80.4561784659131,24.981630986570426],[80.47863004530547,24.973921449528675],[80.49936708281008,25.006165552229206],[80.54931693559274,25.00209595276726],[80.54610296734947,25.032408773013604],[80.50061827929343,25.041581887816317],[80.50674521221121,25.08399510304025],[80.47964580771583,25.096348429799452],[80.51422894553347,25.09676349757814],[80.55230031432606,25.06285039948582],[80.56839712683248,25.086855313294585],[80.61327549104341,25.065702801962384],[80.59237091460724,25.09017933712888],[80.60186561562928,25.150404205005557],[80.63825432117878,25.116726370977915],[80.607571987259,25.098200095179795],[80.68526520425966,25.07657566236217],[80.67959954164562,25.04854380500257],[80.71714467642069,25.069090646035477],[80.77622878691372,25.054815932363958],[80.78343374214818,25.07587435015031],[80.72562298855766,25.0914053934434],[80.70442483998228,25.12836482647943],[80.73042651894585,25.14659809501919],[80.74201123549983,25.12355283661336],[80.8083270961992,25.1369088668002],[80.82990578485202,25.100457075812656],[80.8381842108049,25.18053945898281],[80.8846922401937,25.187927878827924],[80.91283783732489,25.15906645333305],[80.86847474117594,25.115668486405646],[80.87807624955803,25.065457791649393],[80.83180851424781,25.032775661605065],[80.85224301538999,24.988719148755365],[80.79229409356724,24.96489960339437],[80.81217427663763,24.922504708436573],[80.90694327754416,24.9352300318459],[80.89926039661471,24.948649108755166],[80.94666489075021,24.966277411544734],[80.95724710930111,24.91783824048669],[81.02310427011504,24.927608109544778],[81.01601457167578,24.951275877979597],[81.08478007452739,24.949658533988185],[81.13964445560678,24.887504706449974],[81.16805281385624,24.955202019057452],[81.20718774562651,24.93034141714016],[81.19295067023015,24.92532475852956],[81.21962134764233,24.928600690361975],[81.20896526558644,24.99259028153238],[81.263996845351,25.053066390907965],[81.2520854990651,25.102085188055533],[81.27756416173202,25.1659819133852],[81.31348372535064,25.163684102514278],[81.32129294048048,25.112845873944366],[81.33458506653454,25.16922458443027],[81.39955677195708,25.119366323673432],[81.43838777110867,25.130451649467243],[81.44751318833245,25.107141675911063],[81.40745862995134,25.105006909737188],[81.49120728096104,25.072249494670963],[81.51819102796128,25.10095323143074],[81.48001872486367,25.13217752890704],[81.52699016135645,25.138066289619022],[81.53644504066148,25.160193821927113],[81.5144945956751,25.183556873449906],[81.57335782879825,25.1920851894614],[81.62624764288002,25.160594034072115],[81.5977203130201,25.131226063112496],[81.60826635746966,25.095943192169198],[81.62437596071122,25.119944282449527],[81.6407883163409,25.099056225542196],[81.60015963068159,25.074198157238214],[81.61167075019759,25.056304583105213],[81.66667825257669,25.07505353151891],[81.68979096586034,25.03893087348982],[81.73154653797226,25.048624796745344],[81.79272322283462,25.00442411905979],[81.83520730372251,25.017255975879376],[81.89135226864785,24.988850190829947],[81.9070916445476,25.006179829344966],[81.91968340469906,24.928106449473592],[81.90290154636095,24.891573310100522],[81.9653942844715,24.82705977081312],[82.01696567362288,24.84597648200035],[82.09769223956555,24.816128542325686],[82.11564713306377,24.78441597067994],[82.1670939757699,24.785464183351486],[82.16664857565448,24.800800286741595],[82.17823361161199,24.810770029066553],[82.20358665542166,24.819121837659374],[82.18429565937298,24.795612302009584],[82.2178540192236,24.77667500593325],[82.19657949738837,24.7780477578002],[82.17756207771554,24.73218232348071],[82.2212150487608,24.721944561203088],[82.20700412571787,24.74731185604997],[82.23416350731375,24.76056142569826],[82.24557571041053,24.744064853988423],[82.24611101801514,24.769656836224836],[82.25079383901486,24.76982264564993],[82.25013671329711,24.697101484659072],[82.22969251960261,24.681982027841386],[82.23899186923654,24.66107024366324],[82.26869136472448,24.68336357484392],[82.30301375894388,24.66690675642471],[82.29668441047386,24.605805512265572],[82.3389168057045,24.62021197277235],[82.41612559450377,24.591115550574546],[82.40636801412079,24.681245170133845],[82.42953263877943,24.702625017546193],[82.44984462291907,24.674645539539185],[82.52353657090886,24.6759862784409],[82.5391216690585,24.647733281232377],[82.6709890605804,24.69693720219407],[82.70161524005836,24.675045543484917],[82.70656517423213,24.63619584356712],[82.77380638703359,24.641669376743614],[82.7654088228131,24.595808957149725],[82.8053084420089,24.594738406951308],[82.81076999995386,24.54723000015298],[82.719275230708,24.55237881747275],[82.74369872654391,24.496277404264788],[82.71346748169056,24.380305608850488],[82.76953007993352,24.370714758882905],[82.77279701507716,24.30761595372798],[82.72813543003008,24.135554769199974],[82.68304669530688,24.154646268111126],[82.66449217923332,24.128290179284306],[82.71388608315883,24.07462516541151],[82.77399552078174,24.075947441976503],[82.75063577481892,24.012664372319765],[82.80386145772712,24.003528144076203],[82.81034803461908,23.962391916834413],[82.7523837846465,23.919789760703114],[82.6615901623347,23.907641819970426],[82.66817010604306,23.871012115685524],[82.6353483790557,23.837747784833116],[82.53307437492627,23.822146944388773],[82.55147456850105,23.79064102277895],[82.52339757427447,23.78367737442393],[82.46605715157393,23.811959111082718],[82.39358331732478,23.799915626959734],[82.26061066349392,23.82124052714261],[82.23181321309445,23.805314213973624],[82.20953009201322,23.852709065172075],[82.17150050062088,23.818271996040288],[82.0527266789731,23.819423802999363],[82.00757077501109,23.861704156637714],[81.92147425144142,23.87091252169788],[81.81558008566999,23.806365007414595],[81.72547380860551,23.83982400506874],[81.6685822679918,23.924962295705146],[81.6090175323445,23.90320461637325],[81.62220705960144,23.87035301271198],[81.6031818045325,23.853710072465088],[81.6358359300982,23.83451303491843],[81.64466170286452,23.770126116487585],[81.69589106464974,23.72132239930275],[81.65517221122245,23.663136208181488],[81.61468446993779,23.66283147827223],[81.61196870393442,23.595252959273303],[81.57668451207267,23.585344491025182],[81.58402133429654,23.55357595836536],[81.61031651061016,23.555083061595735],[81.62705293984796,23.482026857957145],[81.65891137735555,23.528997079179945],[81.69990433036735,23.522143097092187],[81.74656852877385,23.569776816032018],[81.75818813520802,23.549908658553964],[81.80912425390852,23.549301583200133],[81.83638538627005,23.51092067399605],[81.92328616248028,23.53265940220007],[81.95754076270559,23.50033534265526],[81.98533431417619,23.414495037445334],[82.0253841404266,23.424899680360248],[82.02189804224582,23.387322003637834],[82.05600388583531,23.376784293931824],[82.10346501077181,23.39820911945566],[82.1171603817518,23.355446359224533],[82.14562141359112,23.361221574196083],[82.19390343246292,23.323935839416176],[82.19327119804987,23.27775109549264],[82.14483653270307,23.227369815752258],[82.16126851590337,23.143023294171964],[82.12547417527266,23.10384963076277],[82.07023526145848,23.118184107750608],[82.0347232493113,23.08038903154185],[81.94225115712649,23.078964986360543],[81.92150176277993,23.040814014691602],[81.94630761702274,22.956778639350823],[81.86611403538267,22.91581055217245],[81.86162662730621,22.889261037017285],[81.77568306094584,22.87443672371588],[81.76134523076145,22.83028725205731],[81.79439110266136,22.766460999649777],[81.75230493600843,22.72675904834228],[81.76864223012194,22.664483393112544],[81.74705496234957,22.648167562879163],[81.72881064559267,22.676351547121396],[81.71344320954532,22.64829921465234],[81.68352591833683,22.64705054771009],[81.64723525834431,22.613187449834026],[81.65994323452662,22.569536153367565],[81.62213288333265,22.53818886515672],[81.5222240435549,22.538902339295426],[81.48492998055204,22.48800379114261],[81.44260624180039,22.494350908757557],[81.45883503553922,22.46922708648655],[81.42783860188837,22.4798127928144],[81.40670444758611,22.440951003779947],[81.38208509043791,22.50970761202628],[81.32652672448228,22.526144156083486],[81.31372798728752,22.48292118246045],[81.28126926312164,22.502954161033273],[81.23217330089028,22.45215841420566],[81.17269228555438,22.487908508006374],[81.11116416349539,22.437574509088837],[81.11871814021048,22.29126047198532],[81.07963716846209,22.239453106542978],[81.01941146003641,22.22101289179437],[81.02185177960143,22.132811075210647],[80.97803246405368,22.122617277705146],[81.01115299089096,22.095732994556368],[81.00625213610832,22.06330936419641],[80.96940290987756,22.057991228410355],[80.94785345519101,22.118119447309656],[80.9080093716813,22.10961144040742],[80.85674899648542,21.96484546699946],[80.82561348964394,21.958311240677975],[80.8457247779613,21.942632458397036],[80.83174166649735,21.890930827594843],[80.8524575988219,21.85434709221179],[80.81972015601065,21.748022284615324],[80.75610632068118,21.76215692475127],[80.72614262836841,21.7136657112193],[80.71535574604306,21.58504994609831],[80.7407733819843,21.539236111117926],[80.73775303656262,21.473091865909343],[80.67125693127426,21.338341637771748],[80.59989454974995,21.326783993061404],[80.52765243685238,21.39475298676252],[80.457566403736,21.40267205814026],[80.44863962850214,21.372040661473264],[80.41287415370599,21.376266078813345],[80.39588428280602,21.406451038183157],[80.42223036356454,21.44044935087417],[80.37649935122491,21.523258043754844],[80.25328427821267,21.624758009086225],[80.19278531765526,21.63544340928901],[80.1197154315897,21.609871264161317],[80.06672159959548,21.55410118859961],[79.99849589631577,21.533422524139205],[79.93589197345001,21.55611359111308],[79.89121691869316,21.518014934929223],[79.73763719140031,21.60384659095782],[79.65196653886079,21.555735385699855],[79.54056580684818,21.542677659952822],[79.49614961477505,21.67396691828926],[79.4222080857047,21.691815706722043],[79.35232150825853,21.67793158041598],[79.23099994311957,21.72225749424956],[79.22393190475421,21.648595079102524],[79.15399040861803,21.659746070313414],[79.09363161742064,21.597996106146667],[79.01226326902936,21.599409550387232],[78.99841446448143,21.619004996448595],[78.9165367815755,21.590895058445966],[78.93164111425342,21.561731372868493],[78.90661145253101,21.553205560704853],[78.94417765095658,21.515804797612528],[78.93670163743202,21.48571431589531],[78.80035094061742,21.49014808962125],[78.77617626179259,21.46451692601039],[78.75091341437029,21.492915657025783],[78.72815680161375,21.462185518817144],[78.58550941553479,21.486709184147987],[78.57031054562316,21.51407486478322],[78.5118291695879,21.52851884596069],[78.451368831396,21.496532999388904],[78.42448127225241,21.544265562342133],[78.42743191514928,21.59892846794376],[78.3874321655447,21.61483302130349],[78.36327956556268,21.574870579272005],[78.34286159438368,21.588538308200352],[78.30644926112227,21.569366693433526],[78.26648367018603,21.591727551050845],[78.27400578436247,21.568723798978404],[78.1819642584955,21.55664112913378],[78.17632284229735,21.49914454124632],[77.9410721435404,21.38574072754172],[77.88312761903379,21.375956426132014],[77.80106840223738,21.409448776682474],[77.7370358027901,21.36219455647245],[77.70983708620282,21.35739761201515],[77.69185327661253,21.3975324040761],[77.66958840285268,21.36888091821182],[77.65363382669105,21.39121014417452],[77.60559732184916,21.39080931654462],[77.60769862659019,21.364660138704863],[77.58723829972469,21.36274915329906],[77.53199897192233,21.41908368519449],[77.51441556019344,21.37597353209937],[77.48873819318179,21.374200786356877],[77.42565769697455,21.537861247798688],[77.45501266487538,21.553750156650157],[77.57496953046244,21.5264489768522],[77.61175636977006,21.538558483577937],[77.57692484389923,21.555017421639565],[77.54378768467365,21.703855625840895],[77.47902297402213,21.769974067279644],[77.28950186917587,21.760218369422102],[77.2871032373922,21.722079121477346],[77.22688564925366,21.716604941447052],[77.21037446262497,21.689664258847056],[77.17603875610996,21.725752603285702],[77.07315369010284,21.719409007829267],[76.90183043185706,21.59685229519135],[76.85442759461415,21.61336109475991],[76.83282775772243,21.58899430575572],[76.79516113913684,21.593934954223176],[76.78922646925027,21.536408447323357],[76.76333808395847,21.520794816622697],[76.79552533240114,21.489439811221736],[76.78577152094908,21.465052363252653],[76.62162516085249,21.332380697515614],[76.66265743777734,21.28045435817925],[76.62319702365355,21.185045914033626],[76.49258629346348,21.19366506281864],[76.45562033064056,21.10768065873218],[76.37617749291972,21.073075342426645],[76.166504843977,21.079012813992485],[76.16971471336821,21.103731154870044],[76.11015445651636,21.161189348252456],[76.17167364569801,21.16651782293348],[76.17630403329359,21.184067768787806],[76.14086226605149,21.227615548937624],[76.15910915857961,21.255478437377956],[76.09559004664641,21.371158133564606],[76.04776254118642,21.34900195690578],[75.9626506498401,21.38968892843268],[75.88548752001441,21.39460136164044],[75.67038829892995,21.374594898228317],[75.60658703696862,21.391813660794984],[75.54348276393404,21.36855416054299],[75.52011737012553,21.386978784238135],[75.38239000815446,21.379331888104815],[75.35716501322464,21.4008672930409],[75.29950019460728,21.384714044402504],[75.29541053070126,21.4135364435337],[75.21697533912487,21.408657954079022],[75.10774225909007,21.462260686349182],[75.05163892285985,21.56650322281606],[74.9014726372488,21.629314748928497],[74.78283373393846,21.61070866561338],[74.55414987091618,21.681366025814302],[74.54711548006864,21.719561638400773],[74.50540693860943,21.726299368791445],[74.52413410921,21.911253639807523],[74.43939077863406,21.97679608615853],[74.43233166275463,21.99947564910126],[74.4521893729983,22.004632642093856],[74.43154747503114,22.030231290372413],[74.38660888761393,22.033877759439115],[74.37557870728695,22.000507647659784],[74.30067422851737,21.96704861660104],[74.2810389413479,21.933068079917614],[74.19285538200961,21.925889228403108],[74.14416458268613,21.95317957715994],[74.15047994951662,21.986720118559735],[74.09207525084528,22.01505363265887],[74.17859303298624,22.085567081573195],[74.12460421446443,22.097982158502166],[74.12245017284248,22.212442821066677],[74.07220057068946,22.21910920493977],[74.087172381068,22.242840614561825],[74.05237724393822,22.294093535747326],[74.06488397848803,22.354535723289327],[74.10526028418744,22.371754155228274],[74.12802216215451,22.333060249074606],[74.19014784372476,22.320255900029924],[74.20383304331337,22.366530489898196],[74.22414122732455,22.356514904686072],[74.25667171061895,22.399540943443657],[74.29102046674397,22.393948514963398],[74.25572478251009,22.428984435810456],[74.20161910574446,22.43451631950942],[74.19059921553946,22.47593521704903],[74.18403659767935,22.441572743837753],[74.16044434002747,22.431216200361302],[74.14937949341196,22.455702728062043],[74.11940783721617,22.41887532823795],[74.10434977607866,22.464691107760775],[74.0748691755509,22.466272631073625],[74.08272382595351,22.506628509113686],[74.03343798138226,22.49018758962331],[74.04113429596788,22.541796868555206],[74.07463102271936,22.55140785398184],[74.1506681867124,22.52126773683475],[74.26362916520517,22.644092604118356],[74.3790310844218,22.63464372265398],[74.43374433815814,22.807978374485415],[74.46473005555475,22.81643605330989],[74.47653259197361,22.85550954174705],[74.4469040821886,22.921329062504498],[74.39320511125788,22.896848241753062],[74.33948621728123,22.952896379138828],[74.36497892805525,22.97881650953677],[74.31886350123969,23.05883008353744],[74.38600959122381,23.111513143495582],[74.5057342096145,23.085189577814926],[74.54478165945875,23.10909196265222],[74.53938181382954,23.129375391331454],[74.60659844516327,23.142714386951585],[74.67138568234367,23.20012804787976],[74.74150826639563,23.208423377393242],[74.74040727400023,23.217701341537666],[74.74862739812959,23.223562187277192],[74.74743737123613,23.226609772282597],[74.69189199156718,23.219169670128657],[74.71507587081254,23.236794231712224],[74.70066406011611,23.26578905472487],[74.6388393817713,23.255486552973707],[74.5743555928533,23.295211269486416],[74.54664461364631,23.277105688762806],[74.51412552849565,23.328311083901617],[74.56883190135379,23.37631734101746],[74.60475179145342,23.45801364173325],[74.65190085565621,23.462500964435606],[74.70087494267905,23.504291862165026],[74.72720693797007,23.495446906095854],[74.7727478184135,23.544014250238934],[74.84725646531344,23.552169173328895],[74.9032990077559,23.62519494834962],[74.93648074945649,23.628672884291426],[74.8996504621524,23.682305204334078],[74.94037244290075,23.76473119380708],[74.9036655181592,23.794361339882567],[74.90247393370011,23.873217343925305],[74.98225032004783,24.02605082965384],[74.90334591584224,24.109312815973794],[74.8795178877863,24.17371317715448],[74.9078408391919,24.203370870326623],[74.89682302587443,24.22717641094031],[74.74707093227316,24.25350888128267],[74.85420398314409,24.444559902114683],[74.813750967618,24.43679170557794],[74.81508744802585,24.468699399132944],[74.70870169912308,24.486473915610755],[74.75575191451006,24.53463885060585],[74.74355531976396,24.571531445771313],[74.78649451100252,24.585876743588507],[74.77966464676847,24.61549526499812],[74.81362026806933,24.649601297769607],[74.81422407399425,24.665977261765825],[74.77174253462505,24.661508076705772],[74.79987847317483,24.779202841391953],[74.88881700400194,24.6336874302164],[74.94320388655085,24.63783867486108],[74.96005167636137,24.678760027550734],[75.00160770822409,24.686369272843574],[74.99235225324274,24.731694388967586],[75.01619071490622,24.731955414735612],[75.00094470352269,24.774695386806222],[74.91459988092603,24.769082120880572],[74.86088321274698,24.798605534794184],[74.84930171255834,24.775984196700975],[74.85912523965006,24.838459195587106],[74.8258880736121,24.899391135858355],[74.83362255997807,24.95967036178038],[74.85915233401732,24.96273698592549],[74.86978229943932,24.924922057799176],[74.90282362391646,24.929922243807532],[74.91653001518029,24.88609648005082],[74.95314714757848,24.88057252002298],[74.95851554313933,24.85813841304718],[75.0340206930053,24.844652380609237],[75.0766383768368,24.8806724287437],[75.11677673600354,24.877946603885523],[75.11364537554124,24.966826233461948],[75.1663924773158,25.002898268757757],[75.16579651462396,25.047619078150852],[75.33431881962527,25.041108725453842],[75.35135699303068,25.019590411845215],[75.31189704621212,24.995849290160358],[75.33696448127338,24.955470039788096],[75.31837340258414,24.89405377510469],[75.28517969211688,24.96573285164989],[75.26103701989723,24.963455910777544],[75.2942661033701,24.90896212063938],[75.26341161326403,24.874856202159872],[75.30923059388036,24.856005857103906],[75.42036195579554,24.886284551569386],[75.42545643392337,24.86829856094099],[75.31103657217558,24.80098781610291],[75.27837979456223,24.84007426903378],[75.22432224691549,24.843930890954574],[75.2523389692288,24.81309912545505],[75.21561349982275,24.802526885060423],[75.18441550310567,24.74844661740128],[75.21949363545684,24.70262108353058],[75.26474391112959,24.717572105932412],[75.45541901716769,24.68070185889895],[75.58298557434367,24.713291041285128],[75.61081922036041,24.68103064170774],[75.75688009499896,24.76156640903871],[75.83387723063409,24.731483056940206],[75.82516036052752,24.667590474057633],[75.8490437122998,24.64755930438022],[75.8251471926644,24.613038665078207],[75.91458956107272,24.57234855010065],[75.92061273541019,24.521476951245873],[75.88806545739277,24.50783336402211],[75.91159574801861,24.49181907654833],[75.9091266606822,24.45512909909305],[75.83881633673089,24.414210048435947],[75.78936910260649,24.471601181111787],[75.72775102685515,24.390515648821562],[75.73983814663727,24.332147875283795],[75.76642131771447,24.298126004759222],[75.8107975073946,24.295888284810076],[75.83019047502168,24.23357407491068],[75.77643887217785,24.208386128394043],[75.75102007281053,24.14357120766765],[75.79292366982102,24.09189107429707],[75.83493609424153,24.091769853415126],[75.83675812338574,24.057017492513694],[75.78283559232705,24.043340334844892],[75.76537317247465,23.992720005166735],[75.71750735463401,23.96692604976668],[75.67073698398752,24.01808002293318],[75.59591209258569,23.99010591270531],[75.52109646584641,24.024598592697988],[75.4737990017212,23.98190952325551],[75.46219405189875,23.914620056235425],[75.56431519809813,23.856481300140103],[75.57947734383882,23.83490434737827],[75.55920873694947,23.8185148254675],[75.58352852717425,23.79480827890763],[75.65429693339213,23.798341612240606],[75.68690466883447,23.755384377853314],[75.690135363599,23.81344634997729],[75.7215382040096,23.81188472485784],[75.73645157804862,23.856479674472517],[75.70168325053193,23.872868395196686],[75.70600760752703,23.89931754137982],[75.75277761436674,23.887238301972115],[75.78174124527735,23.84881131898565],[75.98134353087475,23.928964769187854],[75.96343565050137,24.018702208984784],[76.12706296682288,24.08806558782447],[76.1174250553573,24.19418252776824],[76.14826186112909,24.2316166061056],[76.13669458896156,24.270883243931216],[76.18544826540918,24.329308828601192],[76.21247063235573,24.209732578068316],[76.28119338975146,24.206826169888252],[76.32169814659902,24.245436356746],[76.41256433296782,24.200288745067045],[76.41624136014278,24.220568844882557],[76.47053431575227,24.225985797300787],[76.52762804715769,24.15704673717983],[76.57677999592553,24.17782914894392],[76.5847534723713,24.24377913973993],[76.69542603074922,24.284312637251112],[76.70219689783067,24.241430597740678],[76.67596678197904,24.190925872671897],[76.69884124652596,24.16840964180501],[76.75633899401535,24.169112196130964],[76.80196491162158,24.11657564676915],[76.90068064815836,24.12724280729834],[76.91609880280473,24.18770575549074],[76.94713230940708,24.20104255959289],[76.8630389950112,24.2731440068809],[76.84148602854778,24.322541183291154],[76.85324149272199,24.46697011468123],[76.81638561491039,24.53356924360838],[76.86297864171915,24.54957769296936],[76.88412419304827,24.52154454507241],[76.91753188461153,24.54341798785457],[76.91843480437424,24.480718149783012],[76.97769247944632,24.46131118758627],[77.05471881555755,24.526509859334453],[77.07131768263174,24.572453862892104],[77.03065678203777,24.71222460834583],[76.95437928509367,24.75951185482077],[76.90697138602863,24.73150291850933],[76.85612075816907,24.742486239215353],[76.8026069652681,24.809306057231954],[76.82436564079926,24.836222260155967],[76.89773400816972,24.838613525027135],[76.94950210258949,24.869340481369395],[76.91245049108473,24.888242573207798],[76.9201174513965,24.916588568561934],[76.89020243392362,24.919448733783543],[76.85685661228081,25.002483219334785],[76.87628010566436,25.041522382739174],[77.00018356982264,25.074853805230497],[77.08530063618497,25.055113346584545],[77.14809234071888,25.0953216884575],[77.16690780304687,25.084898478373745],[77.17457559573823,25.11173497168396],[77.26950589188587,25.116036665190872],[77.31128636671144,25.079667219148327],[77.40657672817994,25.111713148237698],[77.3932433507805,25.159571765619773],[77.42653354408588,25.18798195993868],[77.35527280880827,25.263427825737306],[77.37632977054153,25.318169663794635],[77.34215016577065,25.321758571353406],[77.37091679485346,25.408389263315758],[77.2912339842496,25.42274436283462],[77.23418259235925,25.3788368056513],[77.20916954230879,25.306184741013293],[77.0835155367735,25.336738799409652],[77.03143027094737,25.294565546940586],[76.94304975453949,25.282173943920974],[76.89908634291554,25.324216977571457],[76.72931263566285,25.328571998310107],[76.5984957882725,25.392348050991494],[76.55581917470994,25.45259273230831],[76.51635606062523,25.527607677525403],[76.50410589877889,25.670887479422895],[76.4741195973517,25.711197994518848],[76.52217622400994,25.72837338677601],[76.52070424091431,25.792533053192834],[76.58224772423097,25.870243742892022],[76.62144528401197,25.86928110448394],[76.64188680848277,25.907972289572527],[76.71571849910141,25.900723732234106],[76.75788980137307,25.922304732308174],[76.74871266216651,25.940953410410867],[76.79096382337079,25.943156341705922],[76.90063253474953,26.09281366494593],[76.99890987237124,26.13006006076753],[77.03002515770046,26.17174705987204],[77.09836350554447,26.184295844424714],[77.13628383458513,26.23381926077134],[77.21268974412581,26.233806795208707],[77.36735966287438,26.36384299345996],[77.444325389723,26.361603185543704],[77.43749383055228,26.403364152289754],[77.53823650051307,26.411318576132167],[77.67552765362767,26.50302468960478],[77.72625802339911,26.502108785462084],[77.74474818108808,26.538247637378316],[77.8236376662809,26.550460220807086],[77.82738720142368,26.596117906716998],[77.89457269085949,26.6151949822405],[77.90360052521453,26.65897689438261],[77.95357093613755,26.65922932169561],[78.00060910250703,26.694941004342343],[78.08972774688104,26.674475734523057],[78.09592661188981,26.727810397851226],[78.12353507313063,26.74699972350748],[78.10181394335541,26.766958122856735],[78.11205029635272,26.794934053030616],[78.18364304800939,26.783824475487386],[78.17407646548024,26.825166811932025],[78.26814924920497,26.812840230338328],[78.28351046220939,26.854460525427207],[78.37210910869686,26.864060795004377]],[[74.85302269613308,24.6792501125339],[74.85068420928145,24.684854666178815],[74.85162029797432,24.678787163616896],[74.85302269613308,24.6792501125339]],[[79.39875676510819,25.033715889780453],[79.42591134925404,25.05858888371133],[79.3603050824594,25.144261292351338],[79.3505842508296,25.116984711417505],[79.3796979820625,25.10118285225126],[79.37980606811846,25.06479228194023],[79.35106145265807,25.068788020182637],[79.35610712676512,25.0404694071334],[79.36916259902743,25.054260504148704],[79.39875676510819,25.033715889780453]],[[79.35446584987123,25.175891803899116],[79.37255587931944,25.180015906821925],[79.3594413258738,25.188469383682612],[79.35446584987123,25.175891803899116]]]]}},{"type":"Feature","properties":{"state_name":"Mizoram"},"geometry":{"type":"Polygon","coordinates":[[[92.7666848658755,24.513049644160873],[92.82959502005575,24.373592716086733],[92.86094137738593,24.398498890585284],[92.90287968802632,24.39106592442129],[92.90942667549835,24.412852655801462],[93.02035462507453,24.38785022395751],[93.01754570479999,24.344219188785125],[93.03931716143516,24.340741843808534],[93.00261221077118,24.251391846074267],[93.02245303227768,24.230017395256706],[92.97219522873974,24.112345823543414],[93.04938714635738,24.08804708378484],[93.07516464958749,24.10027090359846],[93.09650687231029,24.042336724678243],[93.14346868162438,24.085238626252714],[93.16544238871572,24.052031997965578],[93.2121692125877,24.04706275602994],[93.21929213790426,24.080995743534082],[93.24344927735527,24.0822732186804],[93.2619861660518,24.05715231466703],[93.2506384837964,24.02071236412213],[93.28353045004044,24.048397033666244],[93.3374222757024,24.04121670072159],[93.32888897470302,23.984799554018558],[93.35076391556301,23.941649953431888],[93.39427643482053,23.924276659478032],[93.39155395924483,23.756691970875284],[93.43690617315767,23.687040716425926],[93.38801284362827,23.446377601175303],[93.40164726398827,23.383748554778794],[93.3557726189613,23.351891917082526],[93.38861304308043,23.21691822037416],[93.36823432656858,23.14409881646577],[93.38561298577866,23.133835434601696],[93.29353538074389,23.00643960263836],[93.22946170097029,23.01164986202009],[93.18460949143368,23.059540720693573],[93.15609191687102,23.043180603643087],[93.13626500473002,23.060647645238074],[93.12581260057061,23.040722720931445],[93.12011464837738,23.002480210032314],[93.16453698360515,22.91049352981359],[93.13117388712926,22.906093463081877],[93.09463984591193,22.805469558212224],[93.09545940371599,22.672487895686302],[93.14031375169627,22.592265174120147],[93.10655038678622,22.527025056474724],[93.12820711661023,22.523653354780894],[93.13860470831592,22.45467208053894],[93.18529009962279,22.42815307492852],[93.20178944896887,22.262566381790315],[93.14209542864899,22.24546408947293],[93.15082749217457,22.176260318735626],[93.12356239755407,22.173546028184866],[93.11093449745673,22.204033738047364],[93.0382203657614,22.195028029248473],[93.0595759286296,22.10125220939134],[93.0045323727863,22.10359273396654],[93.00744316090548,21.98240085367786],[92.98056133806736,21.980058241018188],[92.95224920533433,22.029710341300756],[92.9272457675081,22.015636109280393],[92.90385185388281,21.940039505655808],[92.86340280679313,22.062674050629507],[92.69976410600641,22.155073065069164],[92.67990290831287,22.011864394609102],[92.65161265098855,22.0159088988953],[92.63494020342996,21.98321973574096],[92.60321990169219,21.97762510318595],[92.60265905265585,22.0611005503596],[92.56262006805206,22.128023681192555],[92.57839049826484,22.143409344815055],[92.60574637940927,22.123392340325346],[92.60922646531085,22.16401864203512],[92.55207663439839,22.409069633086872],[92.55128148975365,22.513296356556882],[92.5216712748911,22.559884308408563],[92.53937466843124,22.589148423152242],[92.52872447502071,22.665152151355546],[92.51319590040734,22.7327852083014],[92.47384417406145,22.746208517698935],[92.44923604337679,22.89500898696236],[92.4337307751764,22.88579105946911],[92.42026517844151,22.918345100215355],[92.37177858657208,22.936171144276795],[92.39237021796785,23.056379497925228],[92.35803593912493,23.103384332412176],[92.34678469115188,23.23567342595506],[92.40419044268813,23.2406572479138],[92.36436410833798,23.322918333785108],[92.37905780962494,23.361827771250788],[92.31713375625407,23.471654444986513],[92.29603907312321,23.62108136000233],[92.27303032260323,23.64166469596959],[92.29094235150993,23.69083117182429],[92.26548561137739,23.724886892751126],[92.25706478917786,23.812471791385963],[92.2823369708935,23.814632603453205],[92.26867879102979,23.84205280961296],[92.28511173137925,23.867149054302516],[92.31503438540157,23.86049845121441],[92.32518874459414,23.914089488211932],[92.30796531956233,23.96055902460089],[92.33205744703653,24.179561224307513],[92.28959251600806,24.252353393020698],[92.42250218222037,24.254855068255203],[92.43619592067182,24.153511610040717],[92.47867923238651,24.142022212677446],[92.53406685466513,24.17999079598663],[92.55089605814283,24.24722231580456],[92.61230321593945,24.253467629405606],[92.62477012170942,24.33407530078444],[92.68502089308386,24.346921512543524],[92.7666848658755,24.513049644160873]]]}},{"type":"Feature","properties":{"state_name":"Nagaland"},"geometry":{"type":"Polygon","coordinates":[[[95.192432810753,27.035117182284964],[95.23048054736702,26.885154034962078],[95.1811430333405,26.859202886008045],[95.20518805033946,26.84501832118021],[95.2116203634225,26.79259038037366],[95.2413503977688,26.781451254850644],[95.21252421274129,26.729432932263865],[95.23320857555933,26.68109187692422],[95.14892756154346,26.615867203550955],[95.15419427028678,26.58314239635321],[95.06200812927437,26.450438346532014],[95.1321881120795,26.377513844689],[95.11459852175126,26.23288937932627],[95.14268026806745,26.211634224244644],[95.11771682199449,26.10157380554763],[95.18588808814134,26.073099056930296],[95.12610701763296,25.985750997690353],[95.0117740744248,25.897777460031655],[95.0489657197117,25.759355047641304],[94.93597988464288,25.66761134567865],[94.91508900174851,25.607680898940686],[94.88171373194935,25.591049072780034],[94.89844586779753,25.565330148718992],[94.8459223095795,25.56193834739381],[94.78345043077441,25.48040054268862],[94.75142055782953,25.49388967838256],[94.66487264159555,25.449358797847562],[94.62813305828529,25.459760324050187],[94.55274040346089,25.50709393845679],[94.55113922596274,25.580197492539888],[94.59063965557561,25.63819482782143],[94.57156495098235,25.639093277509154],[94.59113192056796,25.685660541495388],[94.568569077301,25.692090242906428],[94.50091091775386,25.611522540506638],[94.42560327657007,25.587413205536663],[94.41581708501188,25.537332819640117],[94.30913978903871,25.48935178212885],[94.28241048685409,25.506673606607837],[94.2105915536347,25.495364302060842],[94.19070790579022,25.547633223159043],[94.1560074941413,25.550537835392298],[94.13460048610968,25.519015998374055],[94.08804909156298,25.52815362546519],[94.08192379344638,25.55518634119162],[94.010856322272,25.591765692690192],[94.00650367758638,25.566934785258344],[93.96135122602031,25.552294938716862],[93.83279542518089,25.559053888616063],[93.76698905535393,25.536387993258902],[93.7621021212153,25.49600152107477],[93.80030520642903,25.49505437523735],[93.80520892936113,25.461589358086492],[93.71424014343772,25.357737277823205],[93.68899485256861,25.357783509190867],[93.60871583495842,25.202485297991192],[93.55097751513316,25.246957054442195],[93.50146702485117,25.24065490846582],[93.50714389261042,25.27213377682213],[93.47314087800686,25.27563025680791],[93.44851342416914,25.340252133209745],[93.47368266814934,25.379974895087514],[93.45819314436562,25.430984137792162],[93.39027379506834,25.46054392966972],[93.32668669997216,25.545923303155817],[93.42653190057094,25.631948041769167],[93.49655264658043,25.65453356636452],[93.54116770128074,25.698844518969132],[93.54245085607903,25.730939824212964],[93.61742089198184,25.77598830335048],[93.64599244199694,25.822216212610996],[93.7143218564672,25.844513276633716],[93.6815292394598,25.904386427421134],[93.7513132606701,25.932808774951344],[93.76544974900307,25.969751732680283],[93.79567399093658,25.906509400827904],[93.77753575821392,25.849811861797342],[93.79547429140503,25.80892780169392],[93.83970250981913,25.856609990042113],[93.881801753743,25.843349384488615],[93.97869537504894,25.91672929635365],[93.95300075594677,26.0029659395127],[93.98738784047194,26.06678636123448],[94.00107849560447,26.172267427886112],[94.10503202352224,26.319909494387794],[94.17452761144799,26.34047131470703],[94.17173381299183,26.429784953574963],[94.25633679101344,26.541223416042108],[94.28474462504474,26.561090126253976],[94.28983794111136,26.479626978746495],[94.31662227032898,26.45832370676199],[94.40087598205083,26.534152577725983],[94.40292176914649,26.61056803782331],[94.46549491928772,26.633060969997217],[94.46028390126199,26.66163013032753],[94.53926424074051,26.706184924901276],[94.56649402623962,26.683558141145497],[94.59385906396317,26.697232710102313],[94.5970714640595,26.734552654337826],[94.6203017491264,26.712122406466072],[94.6923452258011,26.731930631466522],[94.74018464134498,26.77598326234383],[94.75832868521617,26.766005747282065],[94.87358731292512,26.917516236907264],[94.92349123319461,26.94636575616843],[94.98261821828497,26.91299824704729],[95.01676405128143,26.921062927042662],[95.192432810753,27.035117182284964]]]}},{"type":"Feature","properties":{"state_name":"Odisha"},"geometry":{"type":"MultiPolygon","coordinates":[[[[84.0577378453573,18.793288634112262],[84.057622684555,18.79250327331379],[84.05749333516442,18.79305597875698],[84.0577378453573,18.793288634112262]]],[[[84.32943284377865,18.78694961374811],[84.33975190912041,18.789151348713798],[84.33952177819559,18.778442387424935],[84.32943284377865,18.78694961374811]]],[[[84.05719920945276,18.799618934967086],[84.05754604109228,18.79929117282391],[84.05679237951054,18.799381277603644],[84.05719920945276,18.799618934967086]]],[[[84.35343552461316,18.789643799675613],[84.34983689123727,18.788454887706322],[84.34983878141375,18.791669813645882],[84.35343552461316,18.789643799675613]]],[[[83.41062965506845,19.002246130610924],[83.41079670337986,19.001812629750695],[83.41058718383317,19.00156886470728],[83.41062965506845,19.002246130610924]]],[[[86.80537168119493,20.48640801614123],[86.78508140094404,20.46171767300986],[86.80403241825974,20.488833350912504],[86.80000911181138,20.5164037665295],[86.80537168119493,20.48640801614123]]],[[[87.05375236591364,20.744795810610068],[87.05987953504625,20.742075984726455],[87.04910787963352,20.74246014688956],[87.05375236591364,20.744795810610068]]],[[[87.07226113967818,20.74898763053084],[87.08034170902891,20.737249447051138],[87.06210355247512,20.736108851784085],[87.07226113967818,20.74898763053084]]],[[[87.07268144139906,20.754097259120623],[87.09338087178136,20.75495444446949],[87.09398897538831,20.74490859121236],[87.07268144139906,20.754097259120623]]],[[[86.98831912826431,20.77935599066742],[86.98177128493309,20.783668294513802],[86.98910657464245,20.78082176673629],[86.98831912826431,20.77935599066742]]],[[[87.01056752564098,20.832200125841347],[87.02340955144214,20.78116209634791],[86.98489549623123,20.831937871427975],[87.01056752564098,20.832200125841347]]],[[[84.0577378453573,18.793288634112262],[84.06002668703258,18.798928475079492],[84.03651663707167,18.817265957136858],[83.89301588647783,18.815671992678435],[83.84614749783806,18.868855071859187],[83.7948296812672,19.017740762287875],[83.74499303941745,18.98774183688126],[83.78803554861875,18.915734717112006],[83.75399818171475,18.924891509784967],[83.70961522734859,19.002400289035204],[83.73009480185321,19.021695768263463],[83.70027706969695,19.025215961648854],[83.62617060639447,19.16243715752597],[83.58446895512864,19.057388650002537],[83.54917840154572,19.080285759846138],[83.53683711038722,19.00926043185494],[83.50106643512865,19.020427628880533],[83.51184616662457,19.070083327939585],[83.46810671671729,19.092887066762813],[83.48347756596426,19.033313364307595],[83.47980990345225,19.00823300994884],[83.4501587559985,19.009662770437767],[83.46195763288758,18.95454508164686],[83.4459879286278,18.95752488114818],[83.4197340938198,19.000029654523882],[83.39872522836986,19.010219158966787],[83.34858398945093,19.019387357037676],[83.31064195208518,18.99864052758381],[83.33901248043074,18.952745644349296],[83.32640479624594,18.93202550894526],[83.34843292085317,18.926253895032435],[83.35397348304737,18.967227527608397],[83.38740487811356,18.932852712820104],[83.3524793599433,18.943430534439845],[83.41284931966582,18.874422164061155],[83.40409547453498,18.843383776744396],[83.28268696582906,18.79870058978443],[83.26939808444881,18.765375990299155],[83.22274916396455,18.77595986703643],[83.21058144433663,18.731476386845635],[83.13717756413992,18.786239942715497],[83.05614836292634,18.66622225203562],[83.01154474630118,18.64725806849738],[82.9990393226345,18.60855290018304],[83.05096912514261,18.600125192080988],[83.02801876250435,18.574402498494656],[83.0433642491463,18.545162987523078],[83.09317936533216,18.547551629086446],[83.01910838149738,18.45713177367288],[83.0407835081652,18.425176712900903],[83.06545990429966,18.430977085562837],[83.07536258259405,18.40396663031904],[83.05293243596815,18.380789486782586],[83.01965797915825,18.392263237868203],[82.93818087329015,18.36148679391751],[82.89424584686432,18.381474038156668],[82.89494111666261,18.424024011881684],[82.80171589083301,18.450002980374325],[82.78050256232743,18.431406397597897],[82.79776801314547,18.40738477224397],[82.7723276226405,18.340951496006763],[82.6409272405012,18.302670428395036],[82.63606437749783,18.237320648138606],[82.58611570457094,18.276754299057174],[82.59693598964023,18.304858347986947],[82.57963406398557,18.316012724533422],[82.62119017749737,18.35967617354578],[82.53553762575405,18.4061485959071],[82.56137769812518,18.448451133341724],[82.5194685209004,18.46554852031401],[82.53213126538142,18.51094545872832],[82.48125604753753,18.54941294547549],[82.36262582010032,18.422137469976345],[82.38376128109459,18.368045919099806],[82.33654915979635,18.327361227027144],[82.38722841654335,18.329182686123765],[82.39063755882135,18.298718064612427],[82.34295492581643,18.28113810696938],[82.335280701902,18.22494284640252],[82.30921230383021,18.20477056760767],[82.37062198086005,18.148876640045007],[82.33812596893077,18.15051034286524],[82.33926170762632,18.055662559477735],[82.30652033357273,18.045587557500138],[82.28967668477873,18.069511482657436],[82.25995089677707,18.042428516967885],[82.26450459389791,17.995572083575226],[82.18577703885272,18.015885310049136],[82.16685933358683,18.052678003490215],[82.03090782517846,18.070027786242584],[81.96231774564173,18.001003721945754],[81.80832049218249,17.956457888299628],[81.7258013350629,17.878998452259975],[81.70089964975985,17.9027875218981],[81.67156912623325,17.8880120406446],[81.6171600750431,17.823080899972684],[81.57441144974914,17.838707260309103],[81.4923541843145,17.812673701761863],[81.47643658102741,17.838421312533285],[81.38935419858564,17.82028145828974],[81.4001864321297,17.89354893758815],[81.44462148942256,17.88573337082092],[81.48294001765069,17.976794562812],[81.48080969150892,18.051307642896628],[81.52580674847533,18.153380937588178],[81.50699342488775,18.18617687692079],[81.52546605075055,18.258077155151735],[81.5975889214195,18.308886956359792],[81.66222118222883,18.32120428253426],[81.65922187660168,18.34654424608351],[81.75027651984958,18.35357238083191],[81.76953591096697,18.41889202918021],[81.86824124943085,18.524897817292477],[81.90892977455651,18.537919727083253],[81.91068449915352,18.570611313654315],[81.96351851080534,18.589996762108086],[81.89475026617191,18.62913105007032],[81.89376381698784,18.657435718749795],[81.94893769619966,18.643686072595603],[81.97064921852758,18.698429979956263],[82.08519979752735,18.71875832070033],[82.09121489257522,18.76528253065285],[82.13333604955311,18.765414302640075],[82.1655766568781,18.798927965221665],[82.17621721137557,18.90267858112524],[82.24599630995723,18.919032186001076],[82.23012442710667,19.026760319718843],[82.20225107152986,19.066613401008308],[82.21845034922433,19.097134621813726],[82.20580547619771,19.12413010686626],[82.16608054484826,19.132743377611032],[82.18613713896103,19.166322043747687],[82.15843910178255,19.26523112042783],[82.19407824424835,19.326184527992602],[82.14710927009422,19.365306385607372],[82.17883390906744,19.379025274150447],[82.18942046429828,19.427412402780185],[82.12611743554092,19.429204702304844],[82.1002330035109,19.516571873328633],[82.02902423455365,19.50763773445178],[82.05060106884662,19.548754425363185],[82.044752024333,19.708852213726313],[82.06552575507327,19.79063682127098],[81.9859767336928,19.801107715865857],[81.96813674990663,19.859885766349542],[81.85315574869882,19.918464583010767],[81.87092082746796,20.044147761644755],[81.94638582389948,20.10510876778369],[82.03261750660576,20.015760474167116],[82.07046937626068,20.05693323702769],[82.18423413043062,19.984090421472178],[82.23737333558626,20.003373806756866],[82.34404678316074,19.835053113821473],[82.44599362429842,19.910164260384413],[82.60343178257847,19.866961624380963],[82.57578998337728,19.83336632305589],[82.59181442617484,19.77583440937409],[82.6521611567812,19.832137141177693],[82.70733232627833,19.83500957034882],[82.72458659573108,19.875508517167848],[82.70741059254658,19.90201185880796],[82.71551192311114,19.994675613624462],[82.5967437193269,19.98993140179892],[82.39930228360336,20.05649365177897],[82.38673295249065,20.144808804082306],[82.42166821993706,20.203858771302023],[82.4113920657318,20.264341271456384],[82.43788642460672,20.293303341852223],[82.40031110246024,20.34081708607295],[82.43802939738566,20.434165218392216],[82.41854388654556,20.48026479767029],[82.39707811175874,20.45820321688542],[82.38952903535971,20.51693550564249],[82.33214215922082,20.562005409392192],[82.37654535509955,20.632393448519352],[82.34566090468483,20.731558276370382],[82.35083817475243,20.889474832770475],[82.40639287231927,20.86890045830856],[82.4209095851651,20.830259320401872],[82.46541576176246,20.827724217017405],[82.48810001439007,20.908623894902888],[82.56015874753064,20.946679758009413],[82.62930421154218,21.03830787934415],[82.61182877423197,21.07364103673931],[82.65002040797427,21.10632193506684],[82.64049219483067,21.15470755043526],[82.75584102540527,21.166864025807552],[82.7938163734933,21.14264458564801],[82.85112775123258,21.16845245666958],[82.88230053071048,21.148284721346528],[82.94781009783924,21.16163275323814],[82.96499463657068,21.193126687811958],[83.00366024867176,21.16713612672818],[82.9904539560517,21.139731513756985],[83.1315007225873,21.10568304250388],[83.19824012607934,21.14529536802857],[83.22309242140636,21.265625643062155],[83.27140138386096,21.272720885687704],[83.26916417731364,21.378347253418813],[83.40669727132521,21.351109891385974],[83.39907326605258,21.405203443336898],[83.33806043059084,21.502011446088297],[83.382832132986,21.619999225710792],[83.4429066100317,21.655275561093376],[83.45628644377419,21.60985944117008],[83.48976355943915,21.631333742747966],[83.4182535012393,21.679715809357624],[83.49070306728996,21.744440235624104],[83.47099564384311,21.786799357234987],[83.49418905348175,21.81737663416697],[83.54245384560441,21.79838168677546],[83.53327730439268,21.83003980553651],[83.59098981214622,21.850880402282282],[83.57617328322334,21.8828445285018],[83.60577123768624,21.91403371706978],[83.53796249696413,21.969264330061545],[83.55557469460688,22.00694019721025],[83.54389541823326,22.056854111643716],[83.60656800045444,22.066662887956525],[83.56282666596447,22.103009207921087],[83.64967540033322,22.22323167523918],[83.75791778794634,22.240230689493657],[83.86424854717656,22.343240972567493],[84.01047000730213,22.371605720743243],[84.04740801938938,22.46913362796156],[83.98016747021981,22.50227662926843],[83.98179488566755,22.522791612275523],[84.05987659340038,22.516372549749054],[84.13398302807536,22.47812329658471],[84.15629823967714,22.40767196478309],[84.29137466459004,22.34282581819944],[84.42944204649218,22.35242822114389],[84.43097693273714,22.372969953962116],[84.48517771324497,22.38919428771385],[84.48024733205696,22.413316195951015],[84.53527061465307,22.427022864090574],[84.74989257767618,22.418957846010127],[84.7590567450619,22.44663612190195],[84.81022616833704,22.453291565216272],[84.83687621325379,22.431441284705006],[84.88010167946487,22.44885431775059],[84.88619045169064,22.420129022148455],[85.06709992402742,22.484133699240665],[85.07658031237119,22.35606771143896],[85.1169957897958,22.294381981014002],[85.07022020307966,22.273321688477584],[85.02844954885025,22.12213089252155],[84.98691231303808,22.082574281825156],[85.04049769772985,22.115676204782982],[85.0985252420593,22.105832136372992],[85.12191500858744,22.070749931014657],[85.15481718599837,22.07841428669376],[85.17409171645326,22.051530082064133],[85.18018410466368,22.073310817723698],[85.23814212578105,22.0092651690148],[85.31059563943418,22.118737048624077],[85.36653976119337,22.122878801712446],[85.37120672881711,22.160925762712083],[85.42330142409587,22.157961342777245],[85.54515970747882,22.08965654299191],[85.65162534070404,22.095359525697766],[85.68528090182838,22.054443932386878],[85.80742750040716,22.116026424939037],[85.83835717160079,22.07943676286831],[85.79573022369226,22.080638273175378],[85.76604514616184,21.994832993953626],[85.90917225980844,21.96924119357208],[86.0092556918008,22.115736351060306],[85.99678397110021,22.13227055149402],[86.03130512007053,22.189918145897735],[85.9738849764227,22.246991945684275],[86.0487926382818,22.307908948400623],[85.99805739468849,22.341648272444687],[86.0270571770444,22.394967133190637],[86.0181585391894,22.425723063174463],[85.9571294779803,22.46473689420169],[86.04688324608773,22.56722417467266],[86.11805584151284,22.48687451175865],[86.28342798650299,22.44775034418498],[86.35957613491973,22.348689858783445],[86.43278742584437,22.30641491410466],[86.49696372880584,22.34710227315159],[86.53441279297232,22.301059820486493],[86.58477626618252,22.300571711083663],[86.59569754359299,22.277557519782896],[86.64675714475871,22.267530285061863],[86.6561029582483,22.23571137377769],[86.72534229237648,22.218688802875878],[86.72185608313534,22.14667075185204],[86.79485422059308,22.157107274083035],[86.83786824276145,22.097616794937395],[86.96503822266101,22.085791397995095],[87.02811276106979,22.03654869342571],[87.00174158412247,21.913830649781165],[87.03778693152087,21.868050863728136],[87.09870662211378,21.865700602748465],[87.0964467575403,21.913917911220654],[87.1615551531574,21.935497877659774],[87.17090612526265,21.979339102939772],[87.23591928774962,21.956977610329535],[87.25518403152755,21.92663254921457],[87.23899612207786,21.899792630867665],[87.27659345930755,21.805092161286705],[87.35477802990742,21.792450089547824],[87.36936953799064,21.765175289621254],[87.44441901618985,21.769142891578248],[87.48639050398953,21.60932564172762],[87.41133353126119,21.554685069692443],[87.24095688075714,21.54652310001019],[87.12170587788256,21.511572364154812],[86.878126718163,21.273259378574355],[86.82774834555192,21.13159155291626],[86.97443972038668,20.854841639633065],[86.94428185404632,20.7664423488255],[86.99591581586671,20.770754584859546],[87.00830969336785,20.701469030905365],[87.07041665614942,20.72023053824914],[86.78973991091684,20.54011696665204],[86.73660679956099,20.460301717756977],[86.73328129058353,20.40767699471319],[86.78658051507651,20.384123902880162],[86.81050621389637,20.43580926761392],[86.80294311120896,20.358535963362822],[86.52244060495511,20.168231686880112],[86.43396453411926,20.052140722163116],[86.38667394444667,19.944298171871218],[85.78103080832143,19.780938191368165],[85.40268343260256,19.614578772573438],[85.16534380942294,19.461569844528192],[85.08991160764475,19.375473886573435],[84.898118520176,19.247117748674242],[84.76566082476631,19.077246144454733],[84.70400734501608,19.117277185487907],[84.71521827928362,19.155927054374466],[84.66883240877301,19.16686749806057],[84.66525193171195,19.130756306108474],[84.59343969646636,19.133268379315318],[84.62343424941669,19.085767782549706],[84.65687680184111,19.095231611142555],[84.66879089530548,19.07712922515473],[84.61624669403771,19.0666952277082],[84.60107429548765,19.024474340202346],[84.57961299830438,19.03096333449417],[84.57079275670763,19.074555375393675],[84.5143104560937,19.049280384900552],[84.47395546939575,18.99022151419915],[84.41909111884911,19.022797611692358],[84.45003233649284,18.978513343532047],[84.42223950182158,18.948346477609736],[84.43608239383452,18.92173689048992],[84.41607572910259,18.898396420438488],[84.37882489759983,18.903703788961174],[84.39539171182595,18.891859412307205],[84.39023566444945,18.877536563787693],[84.35817570312842,18.895393559694966],[84.37235427156294,18.862648656505396],[84.33069406002969,18.882969685016874],[84.36294486825359,18.83989886238568],[84.31900768175065,18.787852900388437],[84.22432445058102,18.79963936815539],[84.08932921881107,18.758474557351366],[84.0577378453573,18.793288634112262]]]]}},{"type":"Feature","properties":{"state_name":"Punjab"},"geometry":{"type":"Polygon","coordinates":[[[75.83874665838358,32.51269490196663],[75.93475850746002,32.39338268774827],[75.87349761457357,32.39553958251],[75.77057188944643,32.28868874656373],[75.6178195643569,32.23660858256525],[75.6387942448558,32.22190169679634],[75.62423450530507,32.190328089109684],[75.66190799874946,32.19304841330338],[75.67307952925246,32.15876991795675],[75.59484394230974,32.069872306956704],[75.65810660628834,32.077728480875706],[75.91038580571616,31.950178965697297],[75.98647279057228,31.81796590263603],[75.93666883329581,31.815455386787512],[76.01772157003133,31.63218728483628],[76.0551659842218,31.605658911757917],[76.16862163063855,31.409715540875695],[76.1468719602906,31.359043208140903],[76.17880424821061,31.340536001159375],[76.17980393911087,31.306597396453046],[76.27574745755027,31.300647797358845],[76.32260345361996,31.321673996774418],[76.30757957062616,31.342651756580008],[76.3544457731403,31.344964348773367],[76.33114001589944,31.401242448011487],[76.36779474203051,31.403950333710508],[76.3745477907872,31.437120211197918],[76.46381269068225,31.30145984712725],[76.43968961466855,31.279090204941838],[76.47951423407284,31.30821802918199],[76.49733754981945,31.27054476486705],[76.52741673814701,31.277229535264457],[76.52378228148638,31.258197588040296],[76.54290867650752,31.28247140703137],[76.54919020521645,31.252816773760895],[76.58766502031686,31.274252400583734],[76.61215822375883,31.247889809921144],[76.59316158699892,31.21172342940428],[76.64178497235582,31.22273191065876],[76.59990022921615,31.177188181202364],[76.60205485939474,31.1238895682088],[76.6385763049038,31.107998411379484],[76.61097434952815,31.045885746981728],[76.6248590568159,30.998780390606544],[76.73718799205257,30.94952642495135],[76.8140257257368,30.843155604709928],[76.84672381468201,30.833960832557338],[76.85700213358132,30.794799836534594],[76.83773262580982,30.754562674976494],[76.7715276496152,30.795262180194577],[76.70516329940772,30.742974478868092],[76.77660605228753,30.670403441671578],[76.82730799365744,30.682188155485647],[76.84983370164458,30.656905067752483],[76.87642772790346,30.68055282423927],[76.87120551541554,30.64217752081431],[76.92597767030925,30.610121090267086],[76.9160916390562,30.553647418923827],[76.88648746559446,30.549881533678573],[76.93200580646469,30.52224003498487],[76.93113382866811,30.500920705102253],[76.89897276384261,30.48885980849191],[76.91226065743241,30.465802458985035],[76.8864198655072,30.429676079125787],[76.90651334639388,30.435743104289624],[76.93672968690475,30.385803102325863],[76.89751395790853,30.35935190353908],[76.84677182682682,30.438131573505977],[76.82338056571761,30.41160461997951],[76.78960880668814,30.415019821545382],[76.77631547345747,30.441335724233884],[76.74103730717363,30.426260341924408],[76.7128830950513,30.390355790191492],[76.74582493396228,30.349400246556645],[76.62341543783987,30.26460190451593],[76.5566130240526,30.26237216975921],[76.54804982118402,30.222497656025787],[76.59610439571568,30.25571343065537],[76.6273787542071,30.22409410468899],[76.61577428632961,30.20906097234946],[76.65609230893274,30.185253568340382],[76.63591440322034,30.168636477369873],[76.64503169454179,30.1888522147999],[76.61416557210156,30.204479522088945],[76.59988895841413,30.184744506324584],[76.64217521619257,30.149656712710446],[76.54619782381891,30.075881553095567],[76.46253429010693,30.101069006542808],[76.42272312146838,30.192292899844805],[76.38716409965953,30.17064618788354],[76.41007670866911,30.145088066290914],[76.40004660576206,30.11672068203295],[76.36208821546286,30.120258715482414],[76.35047634371563,30.14688598396967],[76.33348945879499,30.138218283252264],[76.3602147941654,30.120221523532187],[76.32185042658281,30.095131056403947],[76.2076415178162,30.1566015253654],[76.21673086619106,30.110092009506594],[76.25346742486003,30.08897201652233],[76.17196972370122,29.926450423947042],[76.19334044416954,29.885786858199427],[76.24672472909295,29.876008997659603],[76.24379832367265,29.852456875721394],[76.14546742039207,29.81912916664445],[76.12395176773367,29.79102096844372],[76.09806437825601,29.810657631925352],[76.04325992172654,29.742749153525814],[76.02622389419484,29.756222649039646],[75.98439844375024,29.727154565586112],[75.87021173744495,29.749395286627244],[75.83764969738475,29.813102255774545],[75.77935094264777,29.82240714932452],[75.72079033099402,29.813560938598947],[75.70642363889307,29.75322919704911],[75.64244210110843,29.77512754455289],[75.6289605896734,29.749493583032528],[75.580052174082,29.739473545324582],[75.56209972396022,29.770268836797978],[75.52293739825434,29.75850640974407],[75.45952233466565,29.80755849781084],[75.45395836987404,29.78204878328036],[75.40629171488446,29.761297132524128],[75.39218434993147,29.713412696642415],[75.34571241148615,29.696033037990624],[75.36014776700523,29.66264294845266],[75.33374336331563,29.673519726076815],[75.29575221148689,29.62511529291586],[75.31984635181486,29.587517297304977],[75.3094110813194,29.56101939580084],[75.23540443097828,29.542223509402206],[75.23536246174508,29.60310955330216],[75.18309756095097,29.62839812888132],[75.16756104264591,29.670339833982087],[75.20677622833492,29.687550293997663],[75.2006208750629,29.726521861627553],[75.24158821990208,29.754682619487852],[75.19146868971421,29.841283596498563],[75.16404694786594,29.82413848679159],[75.15546622388801,29.776931860962456],[75.13497362552414,29.807339823948965],[75.10073031930375,29.806827913511206],[75.11882510281377,29.832113655313176],[75.08973437955346,29.85866717834495],[75.11471460664524,29.87870057401271],[75.08877503007582,29.917235269700477],[75.0698143998102,29.877094129912837],[74.99092472724372,29.867725165687816],[74.92674766541622,29.95029300586408],[74.89728926558917,29.939452636505823],[74.88797928395982,29.967169162903986],[74.85546826627953,29.956404059718576],[74.81244526025479,29.992376083525798],[74.7314054379833,29.96151247579995],[74.70665389308367,29.97693854875707],[74.6468388308674,29.904388945540042],[74.53175494734683,29.949240554511977],[73.89470853542946,29.97388867784083],[73.90402903618643,30.050083762897565],[73.97512159235544,30.120094715353233],[73.95977432144568,30.270177704926507],[73.87977595891277,30.359722015671128],[73.97381408685278,30.443889423853232],[73.92625874020045,30.43893028002582],[73.93452859590572,30.490234536216345],[73.96413867564671,30.456484902703767],[73.9820578348643,30.50408225023505],[74.01998642307343,30.514170306906514],[74.01207753314402,30.53355741496289],[74.07228966724925,30.52291657402643],[74.09607696708302,30.611603799488545],[74.19338540373838,30.665204322464252],[74.23264936154301,30.72454645905091],[74.2864689372348,30.735645176295954],[74.26135845606862,30.77494654900313],[74.30196721577839,30.779368811192494],[74.32038523498554,30.846626513249088],[74.3821482642045,30.86042312493834],[74.36590907286985,30.892935568390428],[74.42272837620878,30.90779639267491],[74.41641199610062,30.94033616868691],[74.54615956197053,30.992416370123212],[74.56823380909665,31.05468896736571],[74.59684831703709,31.03768427681228],[74.69591126801643,31.07424358846941],[74.68901289431057,31.127950283888694],[74.6030505282444,31.13360087774875],[74.61066736903898,31.099295958419912],[74.57096001065621,31.08148313301822],[74.54835510037435,31.121927360318885],[74.51038883768516,31.131981544292813],[74.54202562667682,31.30378432288046],[74.52633454403849,31.311972757316422],[74.55165309862831,31.364352109459727],[74.60140932168092,31.419860994431456],[74.65456498605319,31.42631201250043],[74.63642567784505,31.48469439272435],[74.60976763499892,31.49987022093075],[74.58728422351717,31.49629101485888],[74.57526490314415,31.50105468755825],[74.61277686055574,31.52720959103086],[74.61551187716066,31.569005645610655],[74.55531664303862,31.607840392498673],[74.534450976685,31.678218976835367],[74.48660579069178,31.71503088913704],[74.55940086282344,31.757875619994458],[74.55791816215809,31.80476037348027],[74.60786214784183,31.89038596255231],[74.63630900441257,31.88422178826526],[74.66676720757297,31.92267854149001],[74.7192381993003,31.92369088691297],[74.75559337052394,31.955754204795657],[74.81900931788039,31.95873532660859],[74.87954868844274,32.053795598276665],[74.92795787823106,32.066459756811405],[75.01229217104681,32.03576514723709],[75.1228686420984,32.08134301942528],[75.17424345685953,32.06746861586951],[75.20245773156947,32.12023738289636],[75.23141719209556,32.09161055480154],[75.26126900572315,32.10140089710402],[75.32230571775233,32.17952780110541],[75.31640478822084,32.208037418230255],[75.37243433433646,32.22605309997979],[75.38185508459836,32.268954121271506],[75.3204964875891,32.29738997881067],[75.34143042720417,32.34610028465997],[75.43031781211141,32.31590611446071],[75.48916651477295,32.3459998107892],[75.48213565986049,32.32043555583579],[75.53344781542161,32.27765976724079],[75.559803970441,32.357132868661765],[75.72251440381274,32.405457843838334],[75.74376432962957,32.43204013774573],[75.72854606945353,32.45269398314763],[75.83874665838358,32.51269490196663]]]}},{"type":"Feature","properties":{"state_name":"Puducherry"},"geometry":{"type":"MultiPolygon","coordinates":[[[[79.7567648358305,11.00259446667171],[79.79766800747468,10.982449256899901],[79.81537762278757,11.003821467874841],[79.85141440313598,10.993883271498257],[79.85249526341362,10.827239801319692],[79.80781551350012,10.855571305374765],[79.8284618530294,10.883735377229643],[79.78361965513585,10.88839661672122],[79.78920639732867,10.908395453153918],[79.7561695661175,10.891712148089566],[79.76230597085667,10.914337260976382],[79.72457817180913,10.92967677935756],[79.73743890947264,10.952531262777876],[79.71957225484533,10.96846366033407],[79.76384259184461,10.959717269805846],[79.7567648358305,11.00259446667171]]],[[[75.53865964752544,11.708579252625368],[75.5365769283701,11.693062687383826],[75.52886264636197,11.702275025717817],[75.53865964752544,11.708579252625368]]],[[[79.67470296648722,11.80675437753846],[79.68843752846008,11.810227766382589],[79.68141445226401,11.797664018254064],[79.67470296648722,11.80675437753846]]],[[[79.69220083143311,11.812923475440032],[79.7002271460834,11.822858623984583],[79.70291222345868,11.813298707546378],[79.69220083143311,11.812923475440032]]],[[[75.53481074198695,11.759628787661585],[75.55831455509514,11.722446204871268],[75.52991980666398,11.709003365304698],[75.53481074198695,11.759628787661585]]],[[[79.64743031944946,11.83391667644247],[79.66230992472342,11.809183738656703],[79.65121463978225,11.808868416232556],[79.64743031944946,11.83391667644247]]],[[[79.73757801986231,11.843022767198194],[79.76771799093231,11.82265603306152],[79.80820182402553,11.833477951587865],[79.79692267057288,11.785177349536802],[79.71282376358458,11.79078942817984],[79.73757801986231,11.843022767198194]]],[[[79.69777121090249,11.861142752158646],[79.69598861337056,11.873772908720223],[79.69812773091442,11.873772909260639],[79.69777121090249,11.861142752158646]]],[[[79.6362609603091,11.877629311129269],[79.65995039914546,11.84831433116618],[79.63069140023534,11.849275620228077],[79.63157664010136,11.866682969497768],[79.60573584017366,11.854267109846571],[79.60368348070936,11.879158950300123],[79.6362609603091,11.877629311129269]]],[[[79.66092672052496,11.943940141283587],[79.67382804046973,11.914276140318494],[79.63214111936638,11.899339650655035],[79.62389387971527,11.940649018912623],[79.66092672052496,11.943940141283587]]],[[[79.6887751193846,11.962678237158874],[79.67900087894272,11.942958870567942],[79.65740952001993,11.951662051019426],[79.6674729598365,11.963367450107235],[79.6887751193846,11.962678237158874]]],[[[79.74675338634466,12.007505082151296],[79.7603299217925,11.989155061519266],[79.72341063007319,11.977004324504145],[79.75017850627731,11.919859945947117],[79.81251071532981,11.977844542493719],[79.84059193367943,11.955739682260573],[79.80909720764697,11.836120675284905],[79.80057545990151,11.855224016953084],[79.76605913838898,11.840500316493257],[79.76830531537236,11.875894875831179],[79.75029842637697,11.847879482815271],[79.7176531711064,11.85409533003562],[79.70983243894113,11.889180260220455],[79.67392757773092,11.880652274574569],[79.69609257300506,11.919027752372175],[79.71856558191493,11.918992370985137],[79.71109798136588,11.890663671200379],[79.74060077863815,11.905392732611405],[79.72079618832903,11.944854849913975],[79.69156621841394,11.95127258410499],[79.74675338634466,12.007505082151296]],[[79.77529103603675,11.904940495132204],[79.77074863527797,11.883971149095618],[79.78501230645534,11.86294426149019],[79.79640517445597,11.899839589638614],[79.77529103603675,11.904940495132204]]],[[[79.7927169599851,12.021066630821203],[79.77806856002819,12.01680657103687],[79.77837384034387,12.024395911313704],[79.7927169599851,12.021066630821203]]],[[[79.61767595981468,12.013447769804444],[79.65520532005559,12.018635678572654],[79.62992856013436,11.962761841050202],[79.61767595981468,12.013447769804444]]],[[[79.688430720391,12.032624250818518],[79.71745519536228,11.993237552577042],[79.68377541610566,11.979215802621939],[79.6630478399662,12.010211009344664],[79.688430720391,12.032624250818518]]],[[[79.8550925627065,12.000554737876643],[79.82161703973476,12.011242860931809],[79.8295975196624,12.045573720062343],[79.86846628475422,12.030739626281493],[79.8550925627065,12.000554737876643]]],[[[82.21878624640263,16.739985428657075],[82.2715035843834,16.73151236715509],[82.30150038869915,16.755181106334316],[82.31061608075255,16.735037266814977],[82.26128287870547,16.701915058431783],[82.18244726597094,16.73711012480508],[82.22961278015582,16.76236078635242],[82.21878624640263,16.739985428657075]]]]}},{"type":"Feature","properties":{"state_name":"Rajasthan"},"geometry":{"type":"MultiPolygon","coordinates":[[[[74.85089646190548,24.68207354679407],[74.85302269613308,24.6792501125339],[74.85162029797432,24.678787163616896],[74.85089646190548,24.68207354679407]]],[[[73.97325019014147,30.12277248811707],[73.90402903618643,30.050083762897565],[73.89470853542946,29.97388867784083],[74.52717256908079,29.942834424000743],[74.51003123029182,29.908236292037742],[74.56104761457846,29.86968688803252],[74.48509384647238,29.815058349593965],[74.47379234136581,29.768386342616225],[74.48038098546479,29.74353941731868],[74.57593743571974,29.748360678527103],[74.58727835543175,29.76694845649374],[74.61610268837653,29.752198879908693],[74.5749544317422,29.564247629751875],[74.62188005304212,29.522376371806324],[74.58462142617634,29.45854461472776],[74.54375415968225,29.468014528011313],[74.53462784837639,29.447754475173724],[74.60287926429548,29.364951698644752],[74.59925937301381,29.32750374591271],[74.65448316482473,29.33297837024687],[74.658201490345,29.372008874834364],[74.7621781648952,29.354419254308386],[74.85059578558244,29.403626516739028],[74.93833794729113,29.36198286424928],[74.96114510144723,29.280624768545135],[75.0500832438462,29.286129771277025],[75.07551991517944,29.229734151499855],[75.1195855944563,29.222907567487244],[75.18810519990465,29.268280425652783],[75.23837532375278,29.230282922145015],[75.32294101742751,29.289513030670328],[75.34058979632282,29.28117768562232],[75.32814928953206,29.235254025086135],[75.34974766622676,29.223851744681117],[75.3789553730636,29.256900757325806],[75.41056049469717,29.255643044172],[75.39680974778153,29.217575974138295],[75.41436526502608,29.184349142171882],[75.37152115978161,29.138131689021876],[75.40214984266632,29.127929945063332],[75.39124991921214,29.062767299380987],[75.44178803071483,29.057563586577626],[75.44569827577669,29.00840522786385],[75.52180444447104,29.00390860338342],[75.51153988906054,28.94210428145059],[75.47337232219485,28.923424327921566],[75.5202229821456,28.834039271374696],[75.50344712967733,28.782444204660354],[75.54061321957585,28.749269610008998],[75.56154744487428,28.613207499555486],[75.62168650653946,28.602108110348702],[75.63337562676917,28.54463076068011],[75.78827797295172,28.453593977388408],[75.77686325224522,28.400458771692644],[75.81865312866593,28.40995101453732],[75.91814988462428,28.372032210146145],[75.95809456802884,28.313739496963972],[76.0263180966809,28.2750520910089],[76.01615100945376,28.237061990770542],[76.0559254736107,28.22016739207031],[76.04740205506758,28.198196334187884],[76.09545455376184,28.150854885754153],[76.07489234926274,28.137119882805287],[76.07068306838349,28.165112418661256],[76.03180143807222,28.16788165280881],[75.9989924211866,28.122797274293497],[75.94526328895812,28.10632640097128],[75.93862480589469,28.087961546941788],[75.98341061611892,28.08137460957111],[75.98442364007,28.04710981025709],[76.0232019042345,28.086001450513095],[76.04073475854173,28.074004268366004],[76.00830147743338,28.058416880083534],[76.0163260102777,28.030575490355957],[75.9727309542847,28.023657059565377],[75.99553786986807,28.006951859317756],[75.96581803861977,27.98363433881441],[75.99998836735415,27.977623616239498],[75.9727335609823,27.93275720278149],[75.95176621368213,27.947692779906237],[75.93230373600471,27.929863451708957],[75.98731457047624,27.90415060527342],[75.98106714815573,27.84547683218216],[76.04808003514175,27.83500733278215],[76.0878482618451,27.860680689026886],[76.17496507916624,27.798092767732353],[76.2177089707628,27.81723862824111],[76.20149358904676,27.892446055223875],[76.16815971799919,27.903402905038096],[76.18662870355843,27.965489613796716],[76.15778123997094,27.988941779269307],[76.17689069293894,28.02157223119318],[76.2147403831008,28.0266071673697],[76.18040550397755,28.054545065569513],[76.26096151138456,28.067556418774558],[76.29897687830145,28.022730318756615],[76.34231233363305,28.03059027963934],[76.35560094290851,28.07072717928885],[76.30139566608086,28.098090078083047],[76.35985819467129,28.124928165481883],[76.29758417046244,28.149154381422342],[76.29224118338692,28.17916399493862],[76.34524029781663,28.16942817018714],[76.38072594386543,28.13343132638624],[76.47576731271083,28.14855894143779],[76.49931669494212,28.10062807269028],[76.46367564885864,28.108974554439513],[76.44783807598098,28.088978536083122],[76.5014727092196,28.060033841466513],[76.45466121710821,28.04234812250129],[76.5438028247756,28.03423592869351],[76.54470588585427,27.963706190885],[76.58876503225169,27.997988982825888],[76.66814494454957,28.013865941392027],[76.65719727987037,28.089271487598676],[76.7948031035659,28.148431690987316],[76.80839104188557,28.210906493292242],[76.85835760503392,28.221109007105653],[76.90675362494196,28.20028461066342],[76.89245664599468,28.183734506257963],[76.97040108202263,28.138460553862952],[76.9307866984088,27.993581295338615],[76.93151402001752,27.92266257373544],[76.95158402194411,27.918345674651153],[76.94229423417143,27.842933068853537],[76.91420021665441,27.83341748686151],[76.89239570120832,27.733493508447907],[76.92443849974525,27.699956425500396],[76.88958691316539,27.70078585008682],[76.91067481237192,27.654644241633434],[76.94307263996566,27.673850122805515],[76.97908747389752,27.653631748294412],[77.00008972399804,27.73700446384682],[77.08565332196214,27.738124274283322],[77.0759246117953,27.7665406983448],[77.02656866140077,27.779274642354935],[77.04479022927097,27.821851176030638],[77.13525045268035,27.775989089884057],[77.1595040040898,27.81720424140707],[77.18960312668516,27.809856838578003],[77.16908999666694,27.791767252187196],[77.17701735238333,27.786336565321868],[77.20206628945355,27.82462714290794],[77.23669413181028,27.78538501949178],[77.26871346596157,27.814923227951468],[77.30285606880976,27.794068682874567],[77.3194448003656,27.736684916962407],[77.30392557421241,27.710804652950177],[77.34118375976512,27.70330120914347],[77.3524836669263,27.651155135720707],[77.31713524785668,27.6066808703316],[77.35818978393858,27.588977367886407],[77.33998607342623,27.526634038728997],[77.38738429809133,27.51290702554716],[77.4378075602645,27.456332236744483],[77.42109544528073,27.422031664425933],[77.4399701973159,27.39034391613602],[77.50715273241165,27.377080154072253],[77.57877760955706,27.322676816294848],[77.6227040534106,27.336198537288144],[77.59868511653643,27.297189188893324],[77.65280594503011,27.234823919838128],[77.64671156735575,27.2102506539232],[77.68112508787225,27.19441581175798],[77.65842241449967,27.170133763203772],[77.61988798097293,27.173496060117586],[77.59781596555287,27.118024240285337],[77.51773464091647,27.102471228034485],[77.5193393886676,27.06663099584465],[77.57168362569836,27.071879707059093],[77.56331591329112,27.0294494351667],[77.63002218457919,27.01021847068168],[77.66557775154897,27.017263042715943],[77.67976091418534,27.04709461382848],[77.7119355056124,26.997115532451147],[77.7300564886403,26.99399417723588],[77.73768140487255,27.029762029352362],[77.75944534047458,27.017892256527663],[77.74343595410788,26.983191190068748],[77.66087720174346,26.971229091254468],[77.42727638697869,26.864097093499208],[77.44585198351285,26.814677172135998],[77.43267816305887,26.767847753610074],[77.47030361178584,26.76474937582705],[77.45456441360554,26.74192710384429],[77.50255568230547,26.768743733447945],[77.50116538363756,26.844464402402814],[77.52567935100707,26.81888161561791],[77.61033242803533,26.828587129892526],[77.7226044068686,26.87432834250599],[77.72499274353618,26.91048987178135],[77.76059374308066,26.93263178110766],[77.89648458635578,26.88400753132103],[77.90635569735622,26.917788953431725],[77.94839152822907,26.89359402445],[78.01458255907262,26.902921087265234],[78.02645141084975,26.849544415925106],[78.05582065434659,26.868335758239766],[78.04880302751717,26.910142573078314],[78.11119427947689,26.895886806821093],[78.12450730974597,26.94929493057046],[78.21013339518096,26.931235453199378],[78.22432209022311,26.9464455791527],[78.27225509882228,26.91919507155807],[78.23264210686649,26.8742853120032],[78.19697749396582,26.882185514784926],[78.22293639571922,26.83063294656499],[78.16920602893164,26.821544310480142],[78.18406122459831,26.78404547199048],[78.1061037401088,26.789999736044315],[78.12353507313063,26.74699972350748],[78.09592661188981,26.727810397851226],[78.09267004589137,26.676263816462466],[78.00060910250703,26.694941004342343],[77.95357093613755,26.65922932169561],[77.90360052521453,26.65897689438261],[77.89457269085949,26.6151949822405],[77.82738720142368,26.596117906716998],[77.8236376662809,26.550460220807086],[77.74474818108808,26.538247637378316],[77.72625802339911,26.502108785462084],[77.67552765362767,26.50302468960478],[77.53823650051307,26.411318576132167],[77.43749383055228,26.403364152289754],[77.444325389723,26.361603185543704],[77.36735966287438,26.36384299345996],[77.21268974412581,26.233806795208707],[77.13628383458513,26.23381926077134],[77.09836350554447,26.184295844424714],[77.03002515770046,26.17174705987204],[76.99890987237124,26.13006006076753],[76.90063253474953,26.09281366494593],[76.79096382337079,25.943156341705922],[76.74871266216651,25.940953410410867],[76.75788980137307,25.922304732308174],[76.71571849910141,25.900723732234106],[76.64188680848277,25.907972289572527],[76.62144528401197,25.86928110448394],[76.58224772423097,25.870243742892022],[76.52070424091431,25.792533053192834],[76.52217622400994,25.72837338677601],[76.47310376169898,25.70922660782284],[76.50410589877889,25.670887479422895],[76.51635606062523,25.527607677525403],[76.55581917470994,25.45259273230831],[76.5984957882725,25.392348050991494],[76.72931263566285,25.328571998310107],[76.89908634291554,25.324216977571457],[76.94304975453949,25.282173943920974],[77.03143027094737,25.294565546940586],[77.0835155367735,25.336738799409652],[77.20916954230879,25.306184741013293],[77.23418259235925,25.3788368056513],[77.2912339842496,25.42274436283462],[77.37091679485346,25.408389263315758],[77.34215016577065,25.321758571353406],[77.37632977054153,25.318169663794635],[77.35527280880827,25.263427825737306],[77.42653354408588,25.18798195993868],[77.3932433507805,25.159571765619773],[77.40657672817994,25.111713148237698],[77.31128636671144,25.079667219148327],[77.26950589188587,25.116036665190872],[77.17457559573823,25.11173497168396],[77.16690780304687,25.084898478373745],[77.14809234071888,25.0953216884575],[77.08530063618497,25.055113346584545],[77.00018356982264,25.074853805230497],[76.87628010566436,25.041522382739174],[76.85685661228081,25.002483219334785],[76.89020243392362,24.919448733783543],[76.9201174513965,24.916588568561934],[76.91245049108473,24.888242573207798],[76.94950210258949,24.869340481369395],[76.89773400816972,24.838613525027135],[76.82436564079926,24.836222260155967],[76.8026069652681,24.809306057231954],[76.85612075816907,24.742486239215353],[76.90697138602863,24.73150291850933],[76.95437928509367,24.75951185482077],[77.03065678203777,24.71222460834583],[77.07131768263174,24.572453862892104],[77.05471881555755,24.526509859334453],[76.97769247944632,24.46131118758627],[76.91843480437424,24.480718149783012],[76.91753188461153,24.54341798785457],[76.88412419304827,24.52154454507241],[76.86297864171915,24.54957769296936],[76.81638561491039,24.53356924360838],[76.85324149272199,24.46697011468123],[76.84148602854778,24.322541183291154],[76.8630389950112,24.2731440068809],[76.94713230940708,24.20104255959289],[76.91609880280473,24.18770575549074],[76.90068064815836,24.12724280729834],[76.80196491162158,24.11657564676915],[76.75633899401535,24.169112196130964],[76.69884124652596,24.16840964180501],[76.67596678197904,24.190925872671897],[76.70219689783067,24.241430597740678],[76.69542603074922,24.284312637251112],[76.5847534723713,24.24377913973993],[76.57677999592553,24.17782914894392],[76.52762804715769,24.15704673717983],[76.47053431575227,24.225985797300787],[76.41624136014278,24.220568844882557],[76.41256433296782,24.200288745067045],[76.32169814659902,24.245436356746],[76.28119338975146,24.206826169888252],[76.21247063235573,24.209732578068316],[76.18544826540918,24.329308828601192],[76.13669458896156,24.270883243931216],[76.14826186112909,24.2316166061056],[76.1174250553573,24.19418252776824],[76.12706296682288,24.08806558782447],[75.96343565050137,24.018702208984784],[75.98134353087475,23.928964769187854],[75.78174124527735,23.84881131898565],[75.75277761436674,23.887238301972115],[75.70600760752703,23.89931754137982],[75.70168325053193,23.872868395196686],[75.73645157804862,23.856479674472517],[75.7215382040096,23.81188472485784],[75.690135363599,23.81344634997729],[75.68690466883447,23.755384377853314],[75.65429693339213,23.798341612240606],[75.58352852717425,23.79480827890763],[75.55920873694947,23.8185148254675],[75.57947734383882,23.83490434737827],[75.56431519809813,23.856481300140103],[75.46219405189875,23.914620056235425],[75.4737990017212,23.98190952325551],[75.52109646584641,24.024598592697988],[75.59591209258569,23.99010591270531],[75.67073698398752,24.01808002293318],[75.71750735463401,23.96692604976668],[75.76537317247465,23.992720005166735],[75.78283559232705,24.043340334844892],[75.83675812338574,24.057017492513694],[75.83493609424153,24.091769853415126],[75.79292366982102,24.09189107429707],[75.75102007281053,24.14357120766765],[75.77643887217785,24.208386128394043],[75.83019047502168,24.23357407491068],[75.8107975073946,24.295888284810076],[75.76642131771447,24.298126004759222],[75.73983814663727,24.332147875283795],[75.72775102685515,24.390515648821562],[75.78936910260649,24.471601181111787],[75.83881633673089,24.414210048435947],[75.9091266606822,24.45512909909305],[75.91159574801861,24.49181907654833],[75.88806545739277,24.50783336402211],[75.92061273541019,24.521476951245873],[75.91458956107272,24.57234855010065],[75.8251471926644,24.613038665078207],[75.8490437122998,24.64755930438022],[75.82516036052752,24.667590474057633],[75.83616040722326,24.72786914138036],[75.75688009499896,24.76156640903871],[75.61081922036041,24.68103064170774],[75.58298557434367,24.713291041285128],[75.45541901716769,24.68070185889895],[75.26474391112959,24.717572105932412],[75.21949363545684,24.70262108353058],[75.18441550310567,24.74844661740128],[75.21561349982275,24.802526885060423],[75.2523389692288,24.81309912545505],[75.22432224691549,24.843930890954574],[75.27837979456223,24.84007426903378],[75.31103657217558,24.80098781610291],[75.42545643392337,24.86829856094099],[75.42036195579554,24.886284551569386],[75.30923059388036,24.856005857103906],[75.26341161326403,24.874856202159872],[75.2942661033701,24.90896212063938],[75.26103701989723,24.963455910777544],[75.28517969211688,24.96573285164989],[75.31837340258414,24.89405377510469],[75.33696448127338,24.955470039788096],[75.31189704621212,24.995849290160358],[75.35135699303068,25.019590411845215],[75.33431881962527,25.041108725453842],[75.16579651462396,25.047619078150852],[75.1663924773158,25.002898268757757],[75.11364537554124,24.966826233461948],[75.11677673600354,24.877946603885523],[75.0766383768368,24.8806724287437],[75.0340206930053,24.844652380609237],[74.92398009104556,24.877966649674214],[74.90282362391646,24.929922243807532],[74.86978229943932,24.924922057799176],[74.84319736518746,24.968939272301924],[74.82576224659739,24.900769822952835],[74.85912523965006,24.838459195587106],[74.84930171255834,24.775984196700975],[74.86088321274698,24.798605534794184],[74.91459988092603,24.769082120880572],[75.00094470352269,24.774695386806222],[75.01619071490622,24.731955414735612],[74.99235225324274,24.731694388967586],[75.00160770822409,24.686369272843574],[74.96005167636137,24.678760027550734],[74.94320388655085,24.63783867486108],[74.88881700400194,24.6336874302164],[74.79987847317483,24.779202841391953],[74.77174253462505,24.661508076705772],[74.81422407399425,24.665977261765825],[74.81362026806933,24.649601297769607],[74.77966464676847,24.61549526499812],[74.78649451100252,24.585876743588507],[74.74355531976396,24.571531445771313],[74.75575191451006,24.53463885060585],[74.70870169912308,24.486473915610755],[74.81508744802585,24.468699399132944],[74.813750967618,24.43679170557794],[74.85420398314409,24.444559902114683],[74.74707093227316,24.25350888128267],[74.89682302587443,24.22717641094031],[74.9078408391919,24.203370870326623],[74.8795178877863,24.17371317715448],[74.90334591584224,24.109312815973794],[74.98225032004783,24.02605082965384],[74.90247393370011,23.873217343925305],[74.9036655181592,23.794361339882567],[74.94037244290075,23.76473119380708],[74.8996504621524,23.682305204334078],[74.93648074945649,23.628672884291426],[74.9032990077559,23.62519494834962],[74.84725646531344,23.552169173328895],[74.7727478184135,23.544014250238934],[74.72720693797007,23.495446906095854],[74.70087494267905,23.504291862165026],[74.65190085565621,23.462500964435606],[74.60475179145342,23.45801364173325],[74.56883190135379,23.37631734101746],[74.51412552849565,23.328311083901617],[74.54664461364631,23.277105688762806],[74.5743555928533,23.295211269486416],[74.6388393817713,23.255486552973707],[74.70066406011611,23.26578905472487],[74.71507587081254,23.236794231712224],[74.69189199156718,23.219169670128657],[74.74743737123613,23.226609772282597],[74.74150826639563,23.208423377393242],[74.67138568234367,23.20012804787976],[74.60659844516327,23.142714386951585],[74.53938181382954,23.129375391331454],[74.54478165945875,23.10909196265222],[74.5057342096145,23.085189577814926],[74.38600959122381,23.111513143495582],[74.32912737931609,23.06129102366107],[74.28444478846059,23.093234276903814],[74.29290483458385,23.117404469834852],[74.24703475488701,23.184431058667467],[74.20291109257269,23.19031334025466],[74.18116154816437,23.151648331351552],[74.12777548126053,23.176117130855822],[74.13878316928917,23.266056359458986],[74.0922091511952,23.298057262189467],[74.03815388319822,23.29344938387352],[74.0286415341937,23.33167560822257],[73.98192094705884,23.337852816555987],[73.96233755379616,23.380905996384087],[73.935625194348,23.339723506286848],[73.89196353865476,23.334110918290722],[73.82869398956035,23.44769804955014],[73.78626232513598,23.430228834635596],[73.75570695323556,23.454319385796424],[73.7207890859445,23.41013815487867],[73.69746632421707,23.456636641450192],[73.62719621873677,23.448574365373485],[73.6563430324392,23.507426091265003],[73.63307048405123,23.528781110660784],[73.65564622039548,23.62127147968099],[73.5726394400106,23.653767192145004],[73.5230693239062,23.606902966259554],[73.49375057225551,23.63236912132934],[73.50734495681056,23.702944463782835],[73.41801705040027,23.776764211900744],[73.37075780544512,23.76526110263955],[73.35187573086598,23.791430694913544],[73.36110692528152,23.872702663487576],[73.42080987741637,23.930828341555],[73.40464518087062,24.041103306532577],[73.36197602281553,24.104662231061013],[73.32630608421084,24.109646279705487],[73.31623042311656,24.053146018733766],[73.24292146097201,24.002262127156268],[73.19319526035547,24.041077333705022],[73.21391407662044,24.07768556229042],[73.12519927558058,24.124861776111377],[73.067422035688,24.194690214463446],[73.13541582051506,24.308433276394883],[73.16920127708657,24.300305991295257],[73.17632711391947,24.33787838709814],[73.19854331265552,24.331935824061148],[73.21924298039755,24.363897166715564],[73.19850425637253,24.37691125003075],[73.15196257290604,24.3543959911465],[73.07648178477362,24.39660042700179],[73.10280957618234,24.433006975212642],[73.08709920401708,24.498095218008277],[73.03456449620906,24.464240920647764],[72.9911143768577,24.477914072115315],[72.94943384345649,24.399215277512734],[72.97509503260713,24.36879719571224],[72.91070871785958,24.337211020454195],[72.84973890011756,24.37204200067947],[72.730838398072,24.36429777177722],[72.68912277300839,24.411732176048087],[72.68333895848592,24.46387527610774],[72.57587149265689,24.47889673095144],[72.53892532297229,24.519615079111528],[72.49315413228815,24.459078020374655],[72.50032083657358,24.41704671102462],[72.45734433683239,24.41477883034743],[72.43019524241481,24.480170120312255],[72.44105881966313,24.515322061190133],[72.38858292689137,24.50771942784225],[72.35376803227554,24.563673461007934],[72.29478570366915,24.546797281858225],[72.24642766261,24.58551775080102],[72.27601976005873,24.607450387087304],[72.33608739774893,24.598728965853052],[72.34735120266792,24.62851531321984],[72.30495084681458,24.617549743572013],[72.23032677074822,24.640611226192057],[72.19651535877193,24.614854222064714],[72.1647858792219,24.621285168638494],[72.0897927162308,24.6586896330153],[72.08517661877926,24.70640665934674],[72.06128742367486,24.712110995404807],[71.99393486554521,24.695108561627954],[71.98819137535739,24.657546409872296],[71.93984820494646,24.63379998463252],[71.91859065076255,24.67210887271798],[71.87172874347326,24.681760622835633],[71.85214073267689,24.609359668351615],[71.8058950203061,24.62672032901175],[71.79150394660954,24.677331167250045],[71.65524916048567,24.639264916697236],[71.60783736440966,24.677082783805172],[71.50267940822998,24.682869691678818],[71.37735741565547,24.62599257449683],[71.34779438356493,24.661074518393704],[71.28764954140239,24.6159009903242],[71.11197655750725,24.675805674914873],[71.06524651380725,24.71758133807005],[70.93762776005606,24.938558421117964],[70.88867057758935,25.148173493423258],[70.75158096606995,25.277815450363804],[70.73679534034231,25.332557287984724],[70.66481386097932,25.396882652826886],[70.67841484525286,25.525523541393184],[70.66007425135562,25.702152569287552],[70.60885175493173,25.714973221362676],[70.5301548625266,25.68348035177894],[70.38700215773213,25.673831537157852],[70.26865201431802,25.713600202352968],[70.09976322742833,25.938263049071605],[70.08338721929924,26.08328898558564],[70.14131043604064,26.155866593178143],[70.1750472969641,26.251528464211592],[70.17409293677498,26.55149020870845],[70.05623329311355,26.600568523340613],[69.88676690246513,26.57887009909996],[69.79182429317105,26.59837045075077],[69.72249271381283,26.653310649196502],[69.51027600916734,26.743579960533122],[69.48442566859816,26.804835291381735],[69.51331288959848,27.009983514704786],[69.58684103972274,27.183322778491398],[70.02589969924239,27.562919936631115],[70.13239619556931,27.805955562698863],[70.37219234937606,28.011832145254676],[70.50574113072196,28.037026573258547],[70.58946000756276,28.010439696361203],[70.67739918281409,27.92184619366973],[70.6843719274032,27.828185800021167],[70.73976792412411,27.741921846749428],[70.87183943057623,27.705597885371184],[71.20553536632902,27.835417478449376],[71.38304476324093,27.872625990178655],[71.66643338382559,27.87775640911405],[71.8983442546361,27.961210442631693],[71.9273612584257,28.121740077574596],[72.00429031785959,28.21865661349695],[72.20613068265219,28.394268820318327],[72.29923759954458,28.669754063291922],[72.39070263685369,28.77035725096802],[72.73308526916328,28.94808789047344],[72.94584050005173,29.027947566573815],[73.00438124040222,29.152978624573315],[73.08442852600544,29.236265626328972],[73.28209722929047,29.572031895503486],[73.39692523400689,29.94599769875368],[73.8062270085941,30.067839299003868],[73.9726253118955,30.198100134940145],[73.97325019014147,30.12277248811707]],[[76.42290720206442,28.114294434375463],[76.44104282606409,28.119878051771334],[76.42927651769419,28.138512377759742],[76.42290720206442,28.114294434375463]]]]}},{"type":"Feature","properties":{"state_name":"Sikkim"},"geometry":{"type":"Polygon","coordinates":[[[88.60996104639744,28.12869131545954],[88.67206385435544,28.072340964604308],[88.7562864411224,28.075973173058276],[88.8362783274119,28.014814526290095],[88.83693675709884,27.928780434888516],[88.88263280326622,27.890772409809035],[88.88269251342317,27.834268478399867],[88.8558058550183,27.815207594848896],[88.86514115695459,27.742248033755896],[88.83798351641973,27.70628731497395],[88.84838624649144,27.668007916839713],[88.7637471035005,27.565070122744597],[88.79277587147145,27.529016719113503],[88.78253518629037,27.449747092146943],[88.82330993591074,27.39058236345301],[88.86095047155766,27.386537495575258],[88.91920237664542,27.327966081107956],[88.90773751310812,27.277040308497742],[88.80309608394272,27.247836216642042],[88.78676036892723,27.181986006805584],[88.73888321949002,27.136245765793507],[88.68583329362923,27.176012784248897],[88.65515182291277,27.15950446629126],[88.59580322573903,27.189238698695476],[88.54130304186006,27.181645906980933],[88.52988595782233,27.14797060429209],[88.43068804230411,27.07936365339061],[88.30204202862019,27.12885882623967],[88.18173156041141,27.132428935128797],[88.15365140121465,27.109689633756105],[88.09619222135096,27.133361499811823],[88.07895097765878,27.201021950613175],[88.01235875908421,27.216105072940262],[88.06692781440972,27.33577475628949],[88.04152919390656,27.37196841170032],[88.07505689485232,27.433222688002505],[88.04407637970681,27.495685119775615],[88.197171928899,27.79117232718259],[88.17359118803677,27.82059546989632],[88.20200593054108,27.8422243643766],[88.13501398496668,27.881619917342935],[88.12939210075353,27.94931406408571],[88.14521403043359,27.964084734804388],[88.20640127122525,27.94166837481433],[88.23717377135004,27.970847933994232],[88.25108464891049,27.94235100093803],[88.35226590726548,27.989948471313944],[88.39906563421958,27.97803679478618],[88.49561890160217,28.05393138108687],[88.55080433420778,28.03757169123203],[88.55254617559517,28.08141611661583],[88.61934447926322,28.098076249782075],[88.60996104639744,28.12869131545954]]]}},{"type":"Feature","properties":{"state_name":"Tamil Nadu"},"geometry":{"type":"MultiPolygon","coordinates":[[[[78.20525024117735,8.841780615389332],[78.21578727637338,8.842005242118748],[78.21921643037025,8.833899909989825],[78.20525024117735,8.841780615389332]]],[[[78.22180957612933,8.872036800078156],[78.22739909158646,8.870817288199806],[78.22665661694191,8.866255878773556],[78.22180957612933,8.872036800078156]]],[[[78.27022859015828,8.943166864155113],[78.27130612550728,8.939611003338092],[78.26955110113869,8.939142239482582],[78.27022859015828,8.943166864155113]]],[[[78.25521815022307,8.954573930850911],[78.25057096649664,8.952854864148279],[78.25188646203928,8.95639427031308],[78.25521815022307,8.954573930850911]]],[[[78.49554642375247,9.090659703638982],[78.48722232740074,9.08870941037699],[78.49002793444387,9.09345984595909],[78.49554642375247,9.090659703638982]]],[[[78.53908830073392,9.103765338396524],[78.53508320006168,9.102767870294098],[78.53913486828395,9.106045399004921],[78.53908830073392,9.103765338396524]]],[[[78.57934269818627,9.112824416698938],[78.58797440687772,9.10699852328201],[78.57095495438799,9.10113151629413],[78.57934269818627,9.112824416698938]]],[[[79.49828419457361,9.12516352355593],[79.4948206079156,9.12256257534599],[79.49267505004488,9.123647895285366],[79.49828419457361,9.12516352355593]]],[[[79.48942886180656,9.124959329119656],[79.48595636415114,9.124831729737013],[79.48867130345558,9.126783245406486],[79.48942886180656,9.124959329119656]]],[[[79.46309596027012,9.139071343567956],[79.46096097623992,9.137279842823695],[79.46129767488804,9.140042521964812],[79.46309596027012,9.139071343567956]]],[[[79.48040762806437,9.138272909216067],[79.47804024462043,9.136653405665816],[79.4773327182021,9.140102543658521],[79.48040762806437,9.138272909216067]]],[[[79.47357517215836,9.138707937224808],[79.47055805160325,9.140537642192687],[79.47368835203116,9.139398710215092],[79.47357517215836,9.138707937224808]]],[[[79.46069597118822,9.145965852136532],[79.45607633999539,9.142956609220665],[79.45605354377612,9.148824680416512],[79.46069597118822,9.145965852136532]]],[[[78.7320587363033,9.154421508944353],[78.72801339602606,9.153208242923041],[78.73110146306561,9.155879682784366],[78.7320587363033,9.154421508944353]]],[[[78.69700368430998,9.152589693006112],[78.6938418510354,9.152857015210785],[78.69652213020173,9.155810524490422],[78.69700368430998,9.152589693006112]]],[[[78.75239701177308,9.15667977990261],[78.75126409909834,9.15563059326514],[78.751007955346,9.1566321507419],[78.75239701177308,9.15667977990261]]],[[[78.69891734100742,9.158392982184642],[78.69806858829551,9.158523357380059],[78.69883606135674,9.158686110457579],[78.69891734100742,9.158392982184642]]],[[[78.8332921463558,9.165601270256218],[78.81577249404266,9.158400898828944],[78.82712055265974,9.175869450001565],[78.8332921463558,9.165601270256218]]],[[[78.89852388163497,9.179151353899387],[78.91988672987104,9.18421205810477],[78.94085210891424,9.1843628279898],[78.89852388163497,9.179151353899387]]],[[[78.70308129041535,9.185484524921876],[78.70424920963158,9.184079008826151],[78.70190452630658,9.185908098169563],[78.70308129041535,9.185484524921876]]],[[[78.97418693859639,9.185382737637585],[78.96248322022643,9.183934515783406],[78.9678629877649,9.18962081883158],[78.97418693859639,9.185382737637585]]],[[[79.0688986529889,9.210539150135372],[79.09102610185134,9.195932582734002],[79.05676835981406,9.198019959645356],[79.0688986529889,9.210539150135372]]],[[[79.1210404854167,9.21833508950709],[79.136558348963,9.217780767211476],[79.14288102979545,9.214216508787917],[79.1210404854167,9.21833508950709]]],[[[79.23208406372554,9.243458445835383],[79.23903243874757,9.240525065969415],[79.23097363110452,9.238217404375133],[79.23208406372554,9.243458445835383]]],[[[79.18106415550366,9.249930042936972],[79.22317453253889,9.246605185221092],[79.17931051561831,9.23819873883834],[79.18106415550366,9.249930042936972]]],[[[79.76910118446632,11.900617155309549],[79.79665461288319,11.894243935092513],[79.78057914193644,11.862703156366797],[79.76910118446632,11.900617155309549]]],[[[80.26864737398047,13.564575221693863],[80.35978708517699,13.308164720374663],[80.35352792499248,13.25446762221842],[80.29852059044664,13.137736499156674],[80.29491841711273,13.09299616408626],[80.31070827416644,13.107906518877662],[80.24912215642745,12.856697330018584],[80.25556327321021,12.774252677143368],[80.15413826646873,12.464475891016583],[79.86846628475422,12.030739626281493],[79.82801064008802,12.043762199341446],[79.82161703973476,12.011242860931809],[79.85509192276116,12.000551275226478],[79.84059193367943,11.955739682260573],[79.81251071532981,11.977844542493719],[79.80497871701012,11.953209040685582],[79.78462673653966,11.959815931501748],[79.75984875853695,11.943553144588751],[79.76209966539592,11.928498087752319],[79.75017850627731,11.919859945947117],[79.72341063007319,11.977004324504145],[79.7603299217925,11.989155061519266],[79.74640257431587,12.007632479789732],[79.69156621841394,11.95127258410499],[79.72079618832903,11.944854849913975],[79.74060077863815,11.905392732611405],[79.71109798136588,11.890663671200379],[79.71856558191493,11.918992370985137],[79.69609257300506,11.919027752372175],[79.67374903883749,11.891567574559522],[79.70983243894113,11.889180260220455],[79.71880468033693,11.853240642875127],[79.75178958401244,11.848300492008576],[79.76389236011718,11.876921473591546],[79.76809258265789,11.838751855969468],[79.80810824248138,11.845209598877835],[79.77293953013462,11.822621794639856],[79.73663326794508,11.844162224962938],[79.71227860002267,11.791440623530665],[79.79692267057288,11.785177349536802],[79.75808496355889,11.572423709597704],[79.838130899162,11.359701418758522],[79.85381345601176,10.98316556670563],[79.83939697801917,11.001612740856082],[79.79766800747468,10.982449256899901],[79.74754057081992,11.003125360695094],[79.76384259184461,10.959717269805846],[79.71906569212265,10.957136725143506],[79.73658526129574,10.957381403088764],[79.72496219953973,10.929116222212384],[79.76292718110967,10.913435450805071],[79.7561695661175,10.891712148089566],[79.78920639732867,10.908395453153918],[79.78361965513585,10.88839661672122],[79.8284618530294,10.883735377229643],[79.80781551350012,10.855571305374765],[79.85249526341362,10.827239801319692],[79.88031891090138,10.294238843772952],[79.76575160605762,10.27186822426283],[79.39590003986628,10.318635157194112],[79.29846141214274,10.263298500486243],[79.24382190057571,10.181966289938526],[79.23208386962655,10.139688740851671],[79.2520133545922,10.127701078279516],[79.22612479720848,10.09860293476198],[79.25735957558484,10.043956062683954],[79.29677247747145,10.031436576307545],[79.24824456769237,10.027632689095055],[79.1530782805441,9.928803336398039],[79.12230461269102,9.85332038702858],[78.98176561690161,9.689282373476505],[78.93194111482894,9.590749117491573],[78.92750040722918,9.485918824007138],[78.89939504764521,9.485230617339068],[78.94481758249744,9.400920375668269],[79.06500170735592,9.301067939729448],[79.21000349691299,9.283180162667522],[79.3263453160697,9.325710691754637],[79.32400378155359,9.263577300653878],[79.44758598901048,9.152883071350322],[79.31086619434083,9.241477452704212],[79.21658231321568,9.252836111035],[79.18859888341908,9.282468191418861],[78.87231134628053,9.256998287676668],[78.71725519970347,9.189542663466268],[78.66137212799083,9.192661521846363],[78.64306750040669,9.175733768730257],[78.65707490144285,9.157693788195466],[78.57824975988767,9.130999666661213],[78.41194745348136,9.110700438369975],[78.18664195207789,8.923590914392852],[78.16335523172191,8.78910670704775],[78.1792887160714,8.768984389989965],[78.20135200293112,8.790197857806143],[78.2289085267263,8.749012144922203],[78.17637812805862,8.74715034311494],[78.13720810767568,8.68913449393522],[78.13052586637819,8.496719191371193],[78.06665505509547,8.417882998060556],[78.06832981911425,8.372414528858814],[77.8084343912333,8.242492364145214],[77.74093596869008,8.17448537258399],[77.5779792739009,8.136137905840092],[77.55113558224116,8.078046774259816],[77.31642489923388,8.120450823093984],[77.09570232334437,8.292707436852217],[77.1481358135078,8.331607314603286],[77.18020398134172,8.323329047601796],[77.15059564132744,8.3842603228389],[77.22690875022745,8.446627443802845],[77.20118881449284,8.500867393929127],[77.2615281651393,8.506172051561265],[77.28367084020944,8.546748474512668],[77.16990583069897,8.741752139951153],[77.22914232129773,8.78394463109858],[77.26390730710813,8.841971041788057],[77.25825502479641,8.874874751149642],[77.22122091096686,8.927423307945643],[77.19265972194512,8.92618393145938],[77.19612106471894,8.954603558196156],[77.14692549160829,9.021273027316855],[77.19709153967408,9.046457027771936],[77.21198313009161,9.09979583855987],[77.26771759727907,9.15332824353861],[77.25239199483968,9.189453905232194],[77.28213592169949,9.216800866956056],[77.28288602557151,9.301328862209239],[77.29989938147607,9.336713928953245],[77.32513009064468,9.33713214817921],[77.34920296246757,9.441110382394788],[77.39243021894477,9.459464483075974],[77.41224235944739,9.50899266759969],[77.36543777400789,9.535060899850077],[77.36104708796393,9.602208217200499],[77.33934552003115,9.573337241890567],[77.31768907905212,9.602502329702547],[77.26956149021355,9.572788005104089],[77.20882584620188,9.613446310033009],[77.16574647017318,9.612856292104869],[77.22379552045993,9.730362538746641],[77.22270967618097,9.788284471558026],[77.24671789778037,9.798375677889295],[77.22182357508044,9.822973118628802],[77.23720362350207,9.85190908700801],[77.21826915043762,9.904828066958196],[77.27271230063252,9.964212738430586],[77.26381991352015,10.029227436906792],[77.20110607743455,10.107125899913186],[77.26758007133031,10.122260061904873],[77.29520322600466,10.218468535190308],[77.25904202361689,10.230382861115777],[77.23517682552018,10.35279537553698],[77.17591785330481,10.358501408640151],[77.09135040853833,10.314987277033335],[76.98351349354444,10.219586722318454],[76.9117948281153,10.23418865160224],[76.87306985447664,10.297476493926801],[76.84838514842484,10.284522620358768],[76.82984793433747,10.303084230783167],[76.84853801738849,10.36734729978869],[76.81599993722588,10.423028007246426],[76.84300836143369,10.53661352842203],[76.83852193337172,10.596262856930542],[76.81004180675868,10.623776651192461],[76.8820418027936,10.638900568764937],[76.86742154643386,10.694216988277434],[76.90720815806964,10.783343957232368],[76.9006816231215,10.807962146662982],[76.84816425349852,10.819466256831479],[76.8282180956391,10.872615779405358],[76.65897693687302,10.930535502788532],[76.69962641489944,11.02660145868686],[76.76648030153866,11.029121338483272],[76.80069422739422,11.053919384995611],[76.7464088380089,11.056694481168575],[76.74798530769131,11.135423848472534],[76.70011133513535,11.153576372630708],[76.73446405626397,11.21801938966221],[76.705725914851,11.240390184909906],[76.62883935934283,11.194198059347846],[76.43851186034688,11.19899757443183],[76.45298041040787,11.23940356219947],[76.54564610618944,11.30034593539735],[76.54775086814723,11.358918541499502],[76.50807884784979,11.354159437254097],[76.51764587948855,11.371597139569795],[76.46027520987518,11.388841390296662],[76.41860099398748,11.441819298274536],[76.34203573985779,11.467551436395405],[76.32593021094557,11.454017993325044],[76.28433231019501,11.482959528573314],[76.24714296547322,11.467944005601648],[76.23373215394504,11.570613903820036],[76.27886627972671,11.600901563089359],[76.3022831466455,11.571263824134801],[76.35447751524289,11.589347975703987],[76.38799665122546,11.62970350963621],[76.43238122265032,11.631325268790139],[76.43113197915474,11.666455357994053],[76.5109835021574,11.705053764175528],[76.57655693178025,11.614637426639819],[76.7567902335024,11.618502996896554],[76.84672905836175,11.594572268896348],[76.83495807635992,11.655369289235685],[76.90789391562352,11.795307117085475],[76.96980429278882,11.776921232781923],[76.98205881701791,11.811576416889325],[77.01282374810411,11.81467569743137],[77.03863247120442,11.793906205012465],[77.02882784228694,11.774634706172854],[77.06308779177509,11.790296962271334],[77.08021772094861,11.736069233631984],[77.11758705045429,11.721308092054157],[77.1106747356654,11.773452626170911],[77.24979116642668,11.813026494706602],[77.29373401514522,11.809030399789213],[77.33523224185399,11.77129077103802],[77.39418640219026,11.78771224379842],[77.42710902056129,11.76094433478223],[77.46641970829715,11.84682010711688],[77.46149743452762,11.899897565050669],[77.48603082434687,11.887413409065648],[77.49460459303032,11.943808359824525],[77.67554399477254,11.951888503838415],[77.69628047642648,12.015772100628306],[77.77547602622225,12.118444379519833],[77.72761249471506,12.18153424230227],[77.61066969642253,12.206150229644738],[77.49262608839003,12.19734024968523],[77.47195387380161,12.207902167548635],[77.47193245894498,12.249878116671315],[77.48751437439202,12.280503441866719],[77.55128318269225,12.291313209937108],[77.61674828730911,12.368295695391254],[77.63450507895736,12.487723534278375],[77.58359836489991,12.47886319495423],[77.61622872244367,12.509244801228744],[77.5871229289094,12.51476093921874],[77.58027147500312,12.551595945338068],[77.59879675259039,12.667163508239875],[77.7398518421546,12.672992929719653],[77.80846311490313,12.796727456542197],[77.7923895681824,12.84270594777258],[77.83594072013477,12.870331065359233],[77.92925216806131,12.890915252369682],[77.94125214448391,12.8687391201887],[77.91849361444116,12.83057543359099],[77.9405685338839,12.823317835201234],[77.9521869253571,12.857122890947243],[77.99512851889025,12.805856127912636],[78.02379254818953,12.856498890417024],[78.0534859270654,12.853787773972595],[78.1341629094258,12.78196175062711],[78.23087768509677,12.760652875483602],[78.24093394798977,12.729934859706526],[78.20567311484683,12.706394468068144],[78.21051402167356,12.686067832116805],[78.27101150142907,12.705047646350726],[78.37134856562328,12.627093713844499],[78.46485293870302,12.62403931943629],[78.46796753546685,12.67577197906353],[78.49938234243321,12.67590855005667],[78.50299302218178,12.716692955768291],[78.51990525284064,12.712066844112378],[78.48921788257502,12.74222299501021],[78.54414909677027,12.710877120245405],[78.53495594475318,12.691071969477255],[78.55577007105946,12.700111605567482],[78.55569708098572,12.75610396187007],[78.59244816362985,12.78265741713409],[78.63336648402597,12.93172670380881],[78.65680583730402,12.932066218740301],[78.62087528575026,12.991232613931334],[78.65614805589013,13.03114943360435],[78.70520435385896,13.015217497590275],[78.71445060519405,13.068656911014555],[78.75171837076246,13.054922165178246],[78.89114713098898,13.097124988820822],[78.89157623667377,13.033032695480221],[78.93701353549443,13.030435102450527],[78.90362897705458,13.047620899767127],[78.9238759442214,13.080782578775827],[78.9949945649688,13.086571533866032],[79.08085685389348,13.02570340104646],[79.11441498698052,13.039241053694353],[79.16305379826824,13.0202381156412],[79.1929297575033,13.046662494761403],[79.18058632102235,13.084238836695391],[79.23436140829948,13.10519482239132],[79.23280857694664,13.139336178849453],[79.21005947885278,13.148459006482364],[79.234865554816,13.17080939920251],[79.24520862647228,13.138241474333446],[79.25739226474906,13.160701611162178],[79.28395274690715,13.12273461570376],[79.31239890655985,13.126105639172152],[79.3070461478067,13.105519928906176],[79.34110295104821,13.136799758907262],[79.36043991502399,13.123500413578162],[79.35605150344786,13.16454223123854],[79.38766315463478,13.177491142503815],[79.37396928808897,13.189219624169239],[79.43836433661548,13.188136046562802],[79.45308958596871,13.238312293679979],[79.43094308228429,13.229676818740199],[79.40835676047983,13.265231211095996],[79.44536174246916,13.30121240307759],[79.38188574079051,13.30745246006597],[79.4354741126311,13.351586785115128],[79.53715102974988,13.338596362430156],[79.5345685289335,13.275326041368661],[79.57920472061974,13.257750584677915],[79.59616925711924,13.284871300927161],[79.63168399891194,13.269691874566943],[79.68234144461752,13.295869473329768],[79.68421167306921,13.244383719481252],[79.70906256856455,13.250997786130421],[79.71634385567803,13.216375819172349],[79.73725467912548,13.23648839183276],[79.74999361976808,13.208047016412577],[79.754927833608,13.206431372841374],[79.79469742296821,13.24195226748703],[79.73351746527446,13.288571967951194],[79.76076872293288,13.318433324429467],[79.79167179331886,13.293476396782061],[79.80889017759829,13.317196299347678],[79.86270799201692,13.316928386578212],[79.93794755984473,13.355471506770655],[79.96269591746024,13.39130569444359],[79.93451291688847,13.416401897650031],[79.97328097923011,13.429620208240225],[79.97236359654795,13.46903938285269],[80.0465621116265,13.493629705345136],[80.0479933386847,13.512476601655408],[80.00058918568796,13.52561510487112],[80.00420264995476,13.544809412600163],[80.08120463218799,13.549696241105353],[80.0781381365661,13.488756278493595],[80.13915676423086,13.504217436342794],[80.24175704252926,13.470588124388344],[80.26864737398047,13.564575221693863]],[[79.68504348076549,12.031873741278668],[79.66164384014228,11.99045177976558],[79.68377541610566,11.979215802621939],[79.71745519536228,11.993237552577042],[79.68504348076549,12.031873741278668]],[[79.77806856002819,12.01680657103687],[79.7927169599851,12.021066630821203],[79.77837384034387,12.024395911313704],[79.77806856002819,12.01680657103687]],[[79.62482448072817,11.965038301111719],[79.65520532005559,12.018635678572654],[79.62384024002117,12.031386390024128],[79.62482448072817,11.965038301111719]],[[79.67900087894272,11.942958870567942],[79.6674729598365,11.963367450107235],[79.65740952001993,11.951662051019426],[79.67900087894272,11.942958870567942]],[[79.66136160022722,11.94292071065003],[79.62389387971527,11.940649018912623],[79.63214111936638,11.899339650655035],[79.67382804046973,11.914276140318494],[79.66136160022722,11.94292071065003]],[[79.64627076020469,11.881431199321444],[79.60663620075948,11.853503190981526],[79.66331496055622,11.851586369610093],[79.64627076020469,11.881431199321444]],[[79.69598861337056,11.873772908720223],[79.69777121090249,11.861142752158646],[79.69812773091442,11.873772909260639],[79.69598861337056,11.873772908720223]],[[79.64429471959062,11.819627736887522],[79.66332594221697,11.81252879720686],[79.65029159958213,11.838514319782469],[79.64429471959062,11.819627736887522]],[[79.7002271460834,11.822858623984583],[79.69220083143311,11.812923475440032],[79.70291222345868,11.813298707546378],[79.7002271460834,11.822858623984583]],[[79.68843752822345,11.803806600261936],[79.67583147800735,11.814253653985844],[79.68141445226401,11.797664018254064],[79.68843752822345,11.803806600261936]]]]}},{"type":"Feature","properties":{"state_name":"Tripura"},"geometry":{"type":"Polygon","coordinates":[[[92.1709286461466,24.530643393682276],[92.23033492701377,24.501699930346643],[92.27408991745533,24.38831741189963],[92.21287240337303,24.249926838079908],[92.28959251600806,24.252353393020698],[92.33205744703653,24.179561224307513],[92.31673141458363,23.864347402840767],[92.26917548462562,23.846912929178515],[92.26548561137739,23.724886892751126],[92.23916937540889,23.718427861994563],[92.22262395931675,23.652825856057117],[92.1697339319709,23.739681589522057],[92.06333561302682,23.6450153882788],[92.00052371112577,23.670637664607685],[91.97826835357941,23.733083530797224],[91.95056290331156,23.726065562278798],[91.95789426156577,23.69440644750705],[91.93401838317102,23.684555154102313],[91.97039303753664,23.478352219737015],[91.93666222397768,23.46660237821277],[91.94260805451842,23.434976537799848],[91.89971132887975,23.44060024806128],[91.84498945026345,23.40468538520095],[91.82514208772808,23.352343251650694],[91.76241967459663,23.302957057942752],[91.81361710265466,23.099026345909024],[91.83581967845106,23.09305746165045],[91.80602757007193,23.06302838886273],[91.7745174077005,23.069615985285143],[91.78060815799111,23.029092473816085],[91.76854227596557,23.04093472795306],[91.72062470072142,22.987423859483755],[91.64536007303857,22.984949489461425],[91.61829127868073,22.938433306190408],[91.6061541057405,22.971796282408427],[91.57676254277752,22.965218997029055],[91.54248651439552,22.99945707532203],[91.55035455909086,23.03841424480823],[91.53050998536735,23.038308708185347],[91.51531121398594,23.144984665651087],[91.49088179216788,23.15760363353696],[91.50754048124065,23.18368434470643],[91.47080781647475,23.196428509003884],[91.48443081535655,23.209180860919897],[91.45059756723789,23.21949552970912],[91.47025534011382,23.22765841058437],[91.45420315240338,23.260370144642742],[91.41856086849374,23.255883520597063],[91.4089408740078,23.285148587340146],[91.37990104057327,23.18454861891752],[91.41730136537619,23.064866021244598],[91.39582898576357,23.0560588979651],[91.34695856000441,23.10230261403157],[91.32335828386582,23.158068302837503],[91.32658757180937,23.252288096430956],[91.30022372844567,23.29245208881452],[91.31315488518902,23.306338192325313],[91.28985282741836,23.318524493610855],[91.32008596834628,23.360088305267894],[91.2910706145988,23.35065705221586],[91.24934241574108,23.490170954901785],[91.20076362227218,23.52002354439073],[91.21294567383565,23.550414121703334],[91.1624986820039,23.59504378534674],[91.15630381347624,23.67071738891636],[91.199421695565,23.646578889799574],[91.20852857120482,23.686401214516625],[91.15424271488459,23.688392931491148],[91.15707702612387,23.742018342137445],[91.21902825402049,23.73642645972018],[91.25407093172932,23.836983774527834],[91.23301899418561,23.926957193400813],[91.27621368776755,23.9225249908282],[91.28468820236591,23.982099853117578],[91.29979408521996,23.972119653326438],[91.30407091252276,23.997940997347634],[91.37952657907104,23.975326185736336],[91.39659846568438,24.04962014454088],[91.3746105627938,24.10777038893152],[91.58607295622576,24.072600983385154],[91.59460798385516,24.096483223503842],[91.63793269905636,24.102922464096014],[91.66527719220001,24.23352074734765],[91.68828058806528,24.16208540556082],[91.75948203189834,24.14163578817082],[91.74502847777211,24.24697482065495],[91.8163441458925,24.209959551475055],[91.84470713058448,24.22577057054996],[91.84543951675656,24.19138178488991],[91.90575257803238,24.138600243406028],[91.940818655926,24.26809150313364],[91.91998876417743,24.337460945967123],[91.95680146987101,24.35663423756636],[91.99595060785029,24.32205448576644],[91.96691513044935,24.379773783814677],[91.99643974048682,24.39366724327069],[92.1219012097579,24.382242933925653],[92.1367312197219,24.424854576056266],[92.16912822946695,24.427766325857682],[92.15050797870944,24.49534041816875],[92.1709286461466,24.530643393682276]]]}},{"type":"Feature","properties":{"state_name":"Telangana"},"geometry":{"type":"Polygon","coordinates":[[[78.33565185919207,19.883577858196535],[78.38071755592843,19.88038310962756],[78.40299045154102,19.83186533514798],[78.47245903887972,19.81733826929384],[78.49023814968311,19.792684456035204],[78.55200650857158,19.824084590580654],[78.71916067639366,19.766648245975112],[78.74005701874468,19.78313315282058],[78.84096345335251,19.76189008566284],[78.85189787357135,19.65848247606026],[78.95551026434298,19.655862876255835],[78.97283491609377,19.582387660041526],[78.9404900245935,19.551860900633148],[79.09782481941677,19.532102255506313],[79.19031193276874,19.45898473737748],[79.22358933643571,19.46907490394074],[79.20385114239208,19.494083475086324],[79.24001342275838,19.53528548178546],[79.24355707059075,19.61668894369298],[79.30684049360615,19.59655601753384],[79.31393055192301,19.566420806923176],[79.36576698493165,19.576251498206403],[79.47142489012094,19.500191724882434],[79.53992721318309,19.55466126249273],[79.59615396994487,19.507277322534755],[79.62791950316576,19.573170822407345],[79.7534482766783,19.607533912864387],[79.81482990771225,19.575429615608066],[79.86458394988024,19.510513651182745],[79.91486569011808,19.495840623224165],[79.97971729403979,19.38940479934431],[79.92474234426456,19.22729925421138],[79.94566854880455,19.168936594990246],[79.85842957233257,19.10241622711733],[79.87110277673384,19.04101693676454],[79.9279193676953,19.049318054950415],[79.94026315154908,19.032563841722713],[79.96160503126951,18.86662660306984],[79.9157823055666,18.82991255072504],[79.9210478978039,18.810230710154407],[79.96415409977577,18.773825003496388],[80.01854428513349,18.77038297819469],[80.11812186994568,18.680516793947255],[80.15770799672539,18.700979757265834],[80.19656901825088,18.680795453116477],[80.2127717055587,18.705717742024472],[80.27844082897826,18.72161269291406],[80.34666406717285,18.595007290075472],[80.45459365786239,18.630233634859323],[80.51472747759075,18.619341790432124],[80.6376400619568,18.522518131996442],[80.69895314395617,18.421394731445304],[80.7348352479615,18.412821360420615],[80.71958980625796,18.391087107241102],[80.74898075374557,18.308254061658758],[80.79417642384556,18.25688818151272],[80.73718509508684,18.222074794884723],[80.73682807567431,18.17718208391658],[80.79911156086847,18.17150541123101],[80.83672354766927,18.24225545374918],[80.8726075187594,18.213912148225276],[80.85287351762709,18.204754089888915],[80.86726437670177,18.14008743068308],[80.97902776952566,18.178746874590306],[80.94925831136969,18.086197351133652],[81.00828517061463,17.798159868470126],[81.04661640131792,17.782310085357782],[81.08558631668973,17.79802499240089],[81.10420590997636,17.77197292542335],[81.05816501269297,17.733085766705628],[80.99131796903654,17.749917130017604],[80.97342181697762,17.78012216033138],[80.92785046625215,17.761775185703087],[80.88554632335851,17.735677954596937],[80.87667391044702,17.65501976115098],[80.90159927537252,17.63997231519248],[80.84950600121759,17.61740599995514],[80.92166999932027,17.575220000131313],[80.97388618026669,17.591662138067935],[81.01989579710803,17.520034334817623],[81.09756318612193,17.504255901800263],[81.12727966462997,17.52642293921611],[81.15964293008089,17.484336284768972],[81.14825367617863,17.46365328549561],[81.31238226313168,17.408723801789268],[81.32263567368776,17.374565096162666],[81.2740288423568,17.317192698807396],[81.19041049621993,17.32481410816807],[81.17397725941417,17.230336982544735],[81.05460934366394,17.22487420255959],[81.03120995210787,17.190332338786813],[80.91887727419095,17.219737291634768],[80.92396861288702,17.15781237672499],[80.87943805395267,17.160830095172194],[80.87712320974339,17.07029798860464],[80.84530945288299,17.03996715519519],[80.73897296218944,17.079557157582776],[80.65381076213127,17.06861151301427],[80.67052137489098,17.101084655385726],[80.57994159316348,17.152988290677154],[80.51387536071792,17.121756753439463],[80.50543716103716,17.068567011933332],[80.46485931121877,17.030023781449767],[80.40929832615825,17.09169371259451],[80.38573322821775,17.067926908754444],[80.40703486304425,17.01579603691092],[80.36341308315244,16.97606430291976],[80.49345056777615,16.927447524789475],[80.49922903021863,16.9563346174118],[80.534601046428,16.96135599647612],[80.60194160744095,16.91858970521311],[80.56287699432251,16.832896080208616],[80.61292554264634,16.793601301756745],[80.5702408012675,16.76800901778883],[80.4644549276407,16.795448656800648],[80.46424021809844,16.819977757731586],[80.38315424018411,16.865314767410016],[80.40779586881489,16.84822878683508],[80.38053168501284,16.81737617208109],[80.374065606315,16.85239445350797],[80.32167966924462,16.879794820362278],[80.2935907920893,16.996332370208535],[80.21142960701141,17.010273473764496],[80.1963800498664,17.043931828889907],[80.14023684998918,16.99059227231258],[80.05544211652928,16.97142170708624],[80.04040474772536,16.918082854255083],[80.01738367594875,16.914974788427198],[79.99876148261679,16.865214053502026],[80.0468438163171,16.853342327506855],[80.07060194458336,16.8016922773115],[80.05495528204513,16.744646289711895],[79.94975405971732,16.635900804330376],[79.9101061311677,16.633917552272898],[79.87752867988517,16.697298192908892],[79.81726220238062,16.691866991036825],[79.77399084984444,16.730775237693063],[79.72289412188837,16.69027652934762],[79.44717344397694,16.619712763969606],[79.41859205383524,16.58023903136855],[79.25683795722651,16.565818557090786],[79.21483001788877,16.487908787852593],[79.23334445839028,16.459314148541132],[79.21156453551481,16.447387614106486],[79.2102015590079,16.35823028853919],[79.23429009751176,16.333945492862732],[79.2152217673948,16.225835612966332],[79.15716197763071,16.20927642045674],[79.00940507242586,16.240149693214207],[78.9052614194112,16.18339488903028],[78.92210510199932,16.105098981684886],[78.89559784234977,16.085582052000923],[78.87239336653698,16.143730892569874],[78.83393233721465,16.144558101529565],[78.84026897380026,16.078099725850205],[78.78547669351282,16.02115148399918],[78.73559370039789,16.008177576890635],[78.62723763511507,16.087629805176118],[78.55176090093586,16.042801772348547],[78.40789199454801,16.074809214483558],[78.31226163026463,16.011509622973257],[78.26086351078743,16.02581702801886],[78.25161714250181,15.935224717832096],[78.18442925462222,15.90981721592457],[78.17534382328638,15.858075264687312],[78.13553611298168,15.85470442033226],[78.13395763045085,15.836281426989373],[78.08355456173396,15.840922800230295],[78.0318895690263,15.907346116733441],[78.00886309752161,15.861753782788961],[77.88797881194373,15.906083986926074],[77.80536524929177,15.874280577622],[77.72409590042749,15.895814230317205],[77.6592005898619,15.885498862234705],[77.61139179447996,15.917934820643527],[77.51342447003962,15.926797167999927],[77.49402162222162,16.037074446555906],[77.51326051474666,16.10803375086972],[77.48990214167611,16.119633973081665],[77.48613787163546,16.16299431277976],[77.51575612460105,16.223784407288555],[77.49007241019066,16.255034258051403],[77.50487007666337,16.275803404005316],[77.53686386420723,16.266803082212345],[77.56319336707662,16.30164381329949],[77.5977062506364,16.29281302211152],[77.59482791365623,16.343182908857763],[77.4896800851491,16.385023657174393],[77.42093758264996,16.36624043140102],[77.3490869022219,16.383856230510272],[77.28820154396062,16.40871307976098],[77.23588992776521,16.472853769825942],[77.29396768561877,16.476723272207117],[77.29867401168768,16.496011347701543],[77.36910318331198,16.488804174290458],[77.37778041310821,16.513714550805172],[77.41896691225766,16.522266118686968],[77.39286689102418,16.569983639511157],[77.46729330509325,16.598549523634926],[77.45363440571232,16.61668693028743],[77.47584736907989,16.65047643651702],[77.43433676518,16.641390333446516],[77.41886950200742,16.668532601919992],[77.4697953740797,16.687037601542396],[77.47404373430484,16.71656617282393],[77.43845623960543,16.71168707988255],[77.42606233083528,16.722881724659622],[77.43949418580559,16.78913905924911],[77.47649650809333,16.788374998810998],[77.45401302146432,16.91390425082614],[77.50252998579928,17.01410992493521],[77.46363790780143,17.10996443482119],[77.3637365126565,17.158812374601535],[77.37227345051124,17.195569075077014],[77.40369283333897,17.20980029186123],[77.38022393412561,17.222465346706645],[77.45853865827175,17.278969147400627],[77.43792874617698,17.291923679797925],[77.45361022473611,17.37399412117877],[77.48382206241399,17.355001305924194],[77.52980544352582,17.37071451179178],[77.53784816414834,17.406095632827263],[77.51300294897263,17.43087340980353],[77.57584012861777,17.43070760600468],[77.57619064565488,17.456169717366524],[77.61430616261488,17.44597512329181],[77.65713649791601,17.50658421874166],[77.65736937575147,17.480919321590928],[77.68832165772997,17.475196557326818],[77.69240012507747,17.49687932707619],[77.59690492033651,17.534304563495006],[77.59371049828462,17.564519412359783],[77.55061661561793,17.551775582362097],[77.52839000667889,17.57536765694828],[77.50690497890153,17.54228155514312],[77.44309267810843,17.584001249790635],[77.45243894026767,17.694705928898816],[77.56856141086355,17.749029944948866],[77.56915878587668,17.76649253407753],[77.50653916046106,17.785873080527573],[77.52824757590871,17.827803828253472],[77.55406583895599,17.820189217598152],[77.5763553977242,17.87533797098819],[77.5990872080703,17.87308689183273],[77.58607445922314,17.907835295288073],[77.61903239139346,17.90406103923226],[77.62498593895323,17.960066965602717],[77.64946064189904,17.950025211240447],[77.65586703824468,17.968837579502146],[77.64891795240382,17.998875874065593],[77.58860305664368,18.01215529404809],[77.54764938596648,18.05613047719186],[77.59733043305782,18.087591160777087],[77.5968406148167,18.155820104411497],[77.56347628589981,18.19612740369665],[77.60543623192623,18.281312478510955],[77.55147817877143,18.291895856492367],[77.57047950575208,18.318112544232857],[77.52273411037905,18.345398189515993],[77.55675606361436,18.417143339878677],[77.52751602239081,18.44211124086409],[77.58529734058541,18.446792304734217],[77.54856340496485,18.468581311809597],[77.60312605557215,18.47684752507786],[77.59636942266991,18.548941379391184],[77.64791314928266,18.554931356621847],[77.65586040170466,18.53089895101962],[77.7384996066685,18.556788709892405],[77.72997424759811,18.666936907917794],[77.75350376594638,18.700991983367796],[77.78728825223716,18.682639975925447],[77.83995480281592,18.804821513049504],[77.94828935381999,18.829136838660553],[77.88538444888702,18.904200158911603],[77.84325423239065,18.908693376398464],[77.8586400385567,18.949043837537637],[77.81924931785933,18.94585994068654],[77.82175777614833,18.978507766986567],[77.77149715527885,18.979159065388828],[77.76179020871473,19.033001762120595],[77.76481198990979,19.062655286229504],[77.80034943238165,19.05112157246848],[77.80993425851656,19.10473397570682],[77.85039502637738,19.088556894890694],[77.83406293160395,19.13430824944493],[77.8477210230861,19.189594954245454],[77.87145072488434,19.254982539718903],[77.90752241669776,19.26810821939146],[77.86347389826204,19.304186200418016],[77.94512189805216,19.3424529707015],[78.04250627401063,19.27060376664434],[78.04161357714663,19.243428141777677],[78.17532099587383,19.237578550609218],[78.19373885378754,19.314886126110522],[78.17214822729595,19.349298865434047],[78.17619001921648,19.412262466927025],[78.30434095791306,19.456137049064306],[78.27431076435413,19.55397458828517],[78.30368891246871,19.569320561431482],[78.30556691160997,19.60706653836077],[78.26264904730972,19.665064243194365],[78.27618455676398,19.69246179019189],[78.34309222839481,19.713250319402253],[78.3588908270776,19.80288523785189],[78.33641447037384,19.83792324244196],[78.28544272192578,19.854369150256115],[78.30702882534824,19.91428191529359],[78.33060489375036,19.914693143531462],[78.33565185919207,19.883577858196535]]]}},{"type":"Feature","properties":{"state_name":"Uttarakhand"},"geometry":{"type":"Polygon","coordinates":[[[79.25028460812814,31.25536448306284],[79.29262284955325,31.22121823851475],[79.31748135791852,31.136720736252034],[79.3988030971657,31.107786476098298],[79.42476036837262,31.030491988333118],[79.51903486896677,31.026705988276564],[79.55254720125875,30.960067667353282],[79.60345524382011,30.932654535305396],[79.66498822193294,30.98292153638575],[79.71711109651466,30.975996620400625],[79.75300753230859,31.007865029014027],[79.86271454828382,30.975357082845974],[79.92909648308519,30.88243336009435],[79.96215289744971,30.89002003461621],[80.056017551292,30.841506237373967],[80.11090848474306,30.779295111961687],[80.17777080706107,30.80405457721841],[80.2149091396004,30.74906157238443],[80.23966351873368,30.76205886030432],[80.23642214107306,30.690383766504354],[80.19971188899892,30.68304710213799],[80.19715834013796,30.662092240204164],[80.22116854424235,30.641815643294592],[80.22682915352172,30.579031099956932],[80.25776006959138,30.558835945805765],[80.28306715713993,30.572193390022427],[80.38559198253414,30.515049870265578],[80.41557934744046,30.525334524720655],[80.53907844183588,30.449196885151114],[80.59800884166806,30.478766267940735],[80.7519688900799,30.39350388792277],[80.82157082350824,30.315557565699027],[81.00554528671597,30.263092169319417],[81.04660553730716,30.210873549593465],[80.95000734033512,30.17825899325011],[80.9027326667086,30.215380753081444],[80.86776400339095,30.17386581154407],[80.8747716632981,30.12648564508987],[80.76103175371125,30.049516990139384],[80.74455545493325,30.003852906104527],[80.67454792639154,29.957214676930818],[80.60184825204946,29.958126875409846],[80.55312165832734,29.851335844478527],[80.4938565052573,29.795804936742083],[80.43502786178199,29.805973527617365],[80.36653316694064,29.749351045879372],[80.38401770292742,29.675418651003174],[80.42025791227405,29.63833330364743],[80.4079390334654,29.595971862548886],[80.34247042184552,29.552773493804928],[80.34974510896056,29.519325467642894],[80.28720013057445,29.47743732855013],[80.30223286821791,29.453244434640904],[80.24224724114777,29.442858110345824],[80.24199110874724,29.411677144616068],[80.2757124241409,29.392222999047757],[80.27145507676738,29.364374819385645],[80.31851021108882,29.3035017765554],[80.29373270626398,29.19775989228432],[80.25262791719373,29.22144033201206],[80.24078009613245,29.20346181752147],[80.27245694500604,29.14188547884218],[80.23279062480624,29.11848395688522],[80.1829035231805,29.137054581121678],[80.1454105640588,29.103010251163496],[80.13541855288742,29.007396072526937],[80.05846925085423,28.916626100365793],[80.06174933228696,28.78323455503104],[79.95430326549308,28.722893506777698],[79.92415732454255,28.773166510725623],[79.93969077524558,28.78776979951576],[79.87306957771648,28.797322724540322],[79.87850096217164,28.814874068250816],[79.91553409265148,28.80431361847287],[79.88818510678271,28.8365763658899],[79.8632009909643,28.84025672422014],[79.84922589580768,28.7996265487038],[79.8080442304575,28.800947797121154],[79.8496123356946,28.859337362663698],[79.82930653050533,28.884494343855554],[79.70667987410906,28.841049189845165],[79.6560592838284,28.86980990363082],[79.58437123988931,28.84631276964491],[79.58427918815437,28.879220504782918],[79.55641781555424,28.8992083947125],[79.52166462890061,28.864788396959998],[79.44034167411358,28.861812311833418],[79.4190071970037,28.93996582715472],[79.3873343833879,28.94973582826135],[79.37236758101722,28.98741208277093],[79.36477210310827,28.968247011372785],[79.30730527938238,28.96657967536817],[79.21173989456449,29.027606301279768],[79.17098123101107,29.011988376160705],[79.17498031217235,29.04633388353158],[79.14250923276366,29.066988944456345],[79.15342156687801,29.11527111511849],[79.1268726817041,29.13272703890891],[79.03594976157244,29.16942778541434],[79.03740605843137,29.144865409472906],[79.01782623303352,29.15388261398155],[79.016925811754,29.130814268480194],[79.04060871206183,29.127651410366767],[79.02658059281447,29.112447432075133],[78.98234826164709,29.14308824694438],[78.95644995821434,29.11993004082797],[78.90632190571672,29.125122832923342],[78.90875203657485,29.17860947692752],[78.87444862404824,29.230257315599744],[78.80763126140444,29.236552475873744],[78.76501866444919,29.279349155389937],[78.72269338733702,29.299362068882697],[78.71859077494237,29.3066840880712],[78.76655427467071,29.337444511706174],[78.79590814532102,29.311835427045366],[78.82529263636971,29.36765280921891],[78.84987188675044,29.344860853842697],[78.94222457863208,29.438602061286286],[78.7997832762018,29.464609345112365],[78.61773424027551,29.55807201295913],[78.5326752916837,29.63879572715968],[78.5009653294611,29.732951384508798],[78.33562817302536,29.7966387775272],[78.25975077942768,29.738383310312994],[78.20403927291835,29.73734281520168],[78.19602901764229,29.692722451907056],[78.0866858373099,29.625078814055495],[78.05746249111405,29.6306726105736],[78.02159598068165,29.58089818679884],[77.99516207228605,29.595841247328714],[77.96749394262672,29.580110457243247],[77.93329896618394,29.60056034818327],[77.97768672420138,29.61349106263406],[77.98372761271156,29.643729256247305],[77.93989116427453,29.696129330005583],[77.9530151505012,29.707393424523215],[77.88264282718923,29.702473810407717],[77.83004459940176,29.66834542882375],[77.79904916403133,29.686237516609875],[77.8104790726346,29.70241734131223],[77.76972635077229,29.717648667146822],[77.77466927070917,29.79106857893855],[77.71412777874772,29.87026583871684],[77.74763593336323,29.91104010996355],[77.7333396037087,29.955965121382064],[77.78197975934143,30.01867607005706],[77.77113186158117,30.04806163334263],[77.80119041964628,30.09552646810422],[77.82804939349462,30.08596644886199],[77.86041144762007,30.113241800558068],[77.96169335945748,30.242395613335106],[77.72184346443095,30.33025766051469],[77.65664169032775,30.400990772581796],[77.57230920947134,30.410502069444515],[77.81836090418874,30.507765994782886],[77.81779704768435,30.56111250844121],[77.77402367049525,30.557894288117243],[77.74286740081469,30.593902244995153],[77.79625551986253,30.61379915525672],[77.79208378085066,30.660219062933066],[77.74740216079525,30.67990409572791],[77.75582255731236,30.706952851051412],[77.70377104812867,30.765175234220123],[77.76127705681697,30.82622909055025],[77.74402889495954,30.846955245531802],[77.75821932544083,30.87685266462128],[77.8055332764956,30.853305173417304],[77.8132944392296,30.92192358394288],[77.76279172443742,30.918236099527444],[77.74900148631627,30.953535458284488],[77.77237930771963,30.97440380633827],[77.81397582957655,30.95388727977877],[77.83758954479896,30.95322768174118],[77.81442375896683,30.961779436031886],[77.83181326533416,30.99404919449418],[77.80750603765598,31.016269094777137],[77.82981795679649,31.02881537983947],[77.81151583122745,31.059043892593287],[77.85123114397241,31.073422885508982],[77.89873198884455,31.15028784461854],[77.96731983806197,31.17342370256166],[78.03033884906553,31.151024700200157],[78.04263751815583,31.178561179694665],[78.10361894219925,31.185437507490466],[78.16022432476453,31.225535056006663],[78.21244115137928,31.21962678449749],[78.28286581667918,31.266268781272537],[78.30632650278018,31.259951066219912],[78.31105837674073,31.283167550083185],[78.37031540008458,31.286392503912328],[78.40695164746025,31.2422456845206],[78.45573838192689,31.241055428857695],[78.48375294465812,31.19899468103613],[78.6093444533415,31.229317842530328],[78.65791477499594,31.185170110630974],[78.80991688675671,31.198342168014882],[78.83120932892619,31.140652930142256],[78.8854385417396,31.098779325743333],[79.00892180736764,31.10998097523573],[78.9859133020249,31.173889424235636],[78.95753594358439,31.186651766267588],[78.88117372867623,31.28425518730833],[78.9326926978949,31.252941607145647],[78.9475914443109,31.31951514706644],[79.01083236230983,31.357082980627954],[79.06424459514461,31.462079482778726],[79.14356660345508,31.42546649418431],[79.24647535411503,31.330039472464552],[79.27185560320437,31.283185725867714],[79.25028460812814,31.25536448306284]]]}},{"type":"Feature","properties":{"state_name":"Uttar Pradesh"},"geometry":{"type":"MultiPolygon","coordinates":[[[[79.36713573759386,25.144127158053077],[79.38719057165632,25.085696574932566],[79.42591134925404,25.05858888371133],[79.40975286428582,25.033931736493273],[79.36916259902743,25.054260504148704],[79.35610712676512,25.0404694071334],[79.35106145265807,25.068788020182637],[79.37980606811846,25.06479228194023],[79.3796979820625,25.10118285225126],[79.35036972738794,25.11809945006771],[79.36713573759386,25.144127158053077]]],[[[79.37255587931944,25.180015906821925],[79.35446584987123,25.175891803899116],[79.3594413258738,25.188469383682612],[79.37255587931944,25.180015906821925]]],[[[77.57603018589691,30.397436873434632],[77.65664169032775,30.400990772581796],[77.72184346443095,30.33025766051469],[77.96169335945748,30.242395613335106],[77.86041144762007,30.113241800558068],[77.82804939349462,30.08596644886199],[77.80119041964628,30.09552646810422],[77.77113186158117,30.04806163334263],[77.78197975934143,30.01867607005706],[77.7333396037087,29.955965121382064],[77.74763593336323,29.91104010996355],[77.71412777874772,29.87026583871684],[77.77466927070917,29.79106857893855],[77.76972635077229,29.717648667146822],[77.8104790726346,29.70241734131223],[77.79904916403133,29.686237516609875],[77.83004459940176,29.66834542882375],[77.9470190902681,29.71253043500625],[77.98372761271156,29.643729256247305],[77.97768672420138,29.61349106263406],[77.93329896618394,29.60056034818327],[78.02159598068165,29.58089818679884],[78.05746249111405,29.6306726105736],[78.0866858373099,29.625078814055495],[78.19602901764229,29.692722451907056],[78.20403927291835,29.73734281520168],[78.25975077942768,29.738383310312994],[78.33562817302536,29.7966387775272],[78.5009653294611,29.732951384508798],[78.5326752916837,29.63879572715968],[78.61773424027551,29.55807201295913],[78.7997832762018,29.464609345112365],[78.94222457863208,29.438602061286286],[78.84987188675044,29.344860853842697],[78.82529263636971,29.36765280921891],[78.79590814532102,29.311835427045366],[78.76655427467071,29.337444511706174],[78.71859077494237,29.3066840880712],[78.80763126140444,29.236552475873744],[78.87444862404824,29.230257315599744],[78.90875203657485,29.17860947692752],[78.90632190571672,29.125122832923342],[78.95644995821434,29.11993004082797],[78.98234826164709,29.14308824694438],[79.02658059281447,29.112447432075133],[79.04060871206183,29.127651410366767],[79.016925811754,29.130814268480194],[79.01782623303352,29.15388261398155],[79.03740605843137,29.144865409472906],[79.03594976157244,29.16942778541434],[79.1268726817041,29.13272703890891],[79.15342156687801,29.11527111511849],[79.14250923276366,29.066988944456345],[79.17498031217235,29.04633388353158],[79.17098123101107,29.011988376160705],[79.21173989456449,29.027606301279768],[79.30730527938238,28.96657967536817],[79.36477210310827,28.968247011372785],[79.37236758101722,28.98741208277093],[79.42789290469405,28.919866502063833],[79.42550516212631,28.86656102606049],[79.52166462890061,28.864788396959998],[79.55641781555424,28.8992083947125],[79.58427918815437,28.879220504782918],[79.58437123988931,28.84631276964491],[79.6560592838284,28.86980990363082],[79.70667987410906,28.841049189845165],[79.81803569107574,28.887846510628414],[79.8496123356946,28.859337362663698],[79.8088005421384,28.800018596025918],[79.84922589580768,28.7996265487038],[79.8632009909643,28.84025672422014],[79.88818510678271,28.8365763658899],[79.91553409265148,28.80431361847287],[79.87850096217164,28.814874068250816],[79.87306957771648,28.797322724540322],[79.93969077524558,28.78776979951576],[79.92415732454255,28.773166510725623],[79.95430326549308,28.722893506777698],[80.03014493926807,28.74867343034653],[80.06174933228696,28.78323455503104],[80.06502552405239,28.837337500822557],[80.1180516221477,28.828979810668297],[80.21598577626827,28.75556821424054],[80.25658072363522,28.754251767905103],[80.25651912249768,28.72924844926723],[80.31712168771676,28.700142964536415],[80.36094237004224,28.63531311559394],[80.45084485431363,28.629539629083613],[80.46867720362935,28.583530216849454],[80.5182883909337,28.55186372335221],[80.5061277215982,28.671179972145147],[80.53952968054091,28.690756412010074],[80.58800479735706,28.680969360391696],[80.58944836709681,28.64803716858881],[80.66755002454039,28.642151840783193],[80.69046945235917,28.587666190401702],[80.7686009019886,28.565903853075245],[80.78919453339401,28.524518720804977],[80.86586996141241,28.489691786953475],[80.89609396663731,28.50701942066112],[80.9153117911378,28.45771827271148],[80.98016738523962,28.4552416299016],[80.96466916574104,28.44482328846777],[80.97883414393614,28.434151882016238],[81.01675713815968,28.451288842615718],[81.03383359370457,28.398898356819593],[81.21059687782171,28.360833495791514],[81.23270113207681,28.289072881454477],[81.32087028434663,28.197483821248472],[81.3020041901431,28.16476266240667],[81.32797939861217,28.14805806489056],[81.31803071351649,28.133671647451326],[81.37107632427622,28.143491579942097],[81.37351487647177,28.17730070414336],[81.44668362930246,28.16101566670025],[81.48400523262009,28.1185659673889],[81.47827632835687,28.082713169831024],[81.62398513637406,28.001601003260976],[81.6984407058561,27.988191086597194],[81.88495849204494,27.85695058192362],[81.92584984433783,27.85983133825177],[81.96832425076842,27.92912076442866],[82.06996083768361,27.92364581992251],[82.12138236428069,27.865846270599782],[82.20830675079128,27.843578803020694],[82.44867031257267,27.679315056130076],[82.70788266226249,27.72189539218869],[82.71150068681426,27.665290110862784],[82.75576695317564,27.58779919024687],[82.73554694040462,27.502352074068128],[82.92928799349264,27.501189849760785],[82.95409237702786,27.467732553655647],[83.03457411714727,27.448722991564402],[83.1879479956108,27.454315520627755],[83.2721515824609,27.38334864911097],[83.27242714749882,27.352628147579484],[83.31758751766587,27.33016364044291],[83.35923388074963,27.34326157830278],[83.40934186036142,27.41280605257521],[83.38391045382924,27.436276618498706],[83.40173927928593,27.457539066348485],[83.38817515479829,27.47975521248598],[83.61425345055235,27.469443319492576],[83.83084257020872,27.36978869879373],[83.86399909544436,27.3472051543374],[83.83677586506133,27.322220856626615],[83.8592181214184,27.308280589573954],[83.92578094516263,27.321488242899342],[83.90527447967872,27.257352350544092],[83.97024559072776,27.223968438523016],[83.9942339029877,27.175194485303383],[83.94653206999065,27.090798137279094],[84.03039833839283,27.097606163216874],[84.00010041360962,27.06856753075624],[84.04952726118412,27.043337176625496],[84.05488112955167,26.960080346894063],[84.03217990616825,26.941200237033826],[84.06037027646568,26.888048588821775],[84.1464679268717,26.885398850830597],[84.14066580573946,26.852656072001412],[84.16615624900142,26.833769998266874],[84.21943889433611,26.871555625920855],[84.25411820989738,26.856529951239327],[84.24072772722927,26.73869713683641],[84.30613976301585,26.749507396366486],[84.3303542822199,26.683919938907334],[84.41064069357525,26.67013134293803],[84.41995123667719,26.626837806001507],[84.28150591690016,26.599503385244756],[84.08658309672646,26.63907094212834],[84.08914448714503,26.60299703534066],[84.04781338453404,26.536209244946264],[83.97662831394861,26.5333559606087],[83.97124880258767,26.507488232662375],[83.90814186086085,26.519051931943427],[83.90807573370937,26.44706354493168],[83.9914801191425,26.432305873761702],[84.01736100511464,26.44758055246686],[84.07928660514555,26.382650094226445],[84.17696541289229,26.370634234272522],[84.16631008301835,26.24103449323113],[84.12072170867863,26.258573101964867],[84.0865342623435,26.218639734363702],[84.0190542747786,26.238813209032372],[84.02898947550429,26.199159591163603],[84.00947325761298,26.17541347053682],[84.05595152354485,26.1001478237272],[84.10392332730184,26.0926765736655],[84.1725519527535,26.024571321002863],[84.17008253250458,25.987663571236965],[84.20713393048165,25.999819163274942],[84.29696657800423,25.945156124283827],[84.35401059776459,25.95876939371711],[84.41192397646108,25.930729971932784],[84.42761365463271,25.89122083559905],[84.5340469710407,25.87621795186061],[84.53054932855053,25.831602675267284],[84.55081037260784,25.84059224894557],[84.62486502839646,25.7918791730545],[84.60311347069761,25.7618695655608],[84.63471514900608,25.727905784536595],[84.56034582871435,25.73688469974931],[84.55747699223237,25.679509431071082],[84.53547530004566,25.690484529407662],[84.53976693072755,25.726735513519827],[84.52916254946204,25.682656933549627],[84.49924542389341,25.674818725426015],[84.45350577303572,25.71391527768995],[84.40665139941257,25.69784404478154],[84.3910633561979,25.744899839306285],[84.33666577568707,25.743521338604083],[84.32398911839859,25.670307164217277],[84.27648006567682,25.659294525830937],[84.20584047991689,25.66975888360119],[84.19893120429441,25.70217460123642],[84.15467630025773,25.729260831098987],[84.10448344533803,25.720958285484823],[84.07501447854993,25.695287987113076],[84.08133256934599,25.636414656402447],[83.92463968854561,25.554286365992205],[83.87626192732556,25.518033844269596],[83.8567956858323,25.468541489795857],[83.81660476479063,25.46273124947765],[83.84640213488572,25.434322892187467],[83.80160977698489,25.429803004816446],[83.80788391442638,25.40907087124226],[83.76902170142671,25.386327004463244],[83.74064236022295,25.410603754979068],[83.70173577915186,25.39613417016491],[83.64884874497568,25.339243236445814],[83.57377072769482,25.306097756542744],[83.572103700348,25.314636887806248],[83.53976469735902,25.315723654620857],[83.55414126200604,25.30846385189591],[83.49042324677075,25.28945296677491],[83.46425899218912,25.250697235559823],[83.4156665939232,25.24997891837522],[83.40208830384726,25.209056908917383],[83.35729785063907,25.199651996554927],[83.36742261979792,25.12521763994842],[83.32026160720436,25.017246818227882],[83.35054267317173,25.008790675999197],[83.35763570089478,24.870539198622705],[83.39690001764254,24.832402547207337],[83.39356803519645,24.78225973242857],[83.45828172270835,24.73152554835365],[83.4893570836853,24.736428183898983],[83.48507262640621,24.70158564861202],[83.52042315043,24.67725393140657],[83.50051455046977,24.651239235513646],[83.54798772249292,24.62284549107682],[83.50335495126707,24.525468614173217],[83.39698326069184,24.49687208587342],[83.38555234660075,24.45123774112811],[83.40511014063041,24.404755102390617],[83.4572782541057,24.36450105670634],[83.38040789530096,24.313750508346484],[83.40910569286649,24.26624960459687],[83.37877060078421,24.230330833868816],[83.35409996867821,24.124876584382783],[83.29949264491006,24.078898842112835],[83.2791466403009,24.01824454310643],[83.22364548619589,23.986617731926252],[83.20795280147551,23.92136475270782],[83.09141016214811,23.871517613156318],[82.94791262456631,23.871394692824847],[82.81261164388077,23.959869434146896],[82.80386145772712,24.003528144076203],[82.75127652350028,24.011890677208843],[82.77399552078174,24.075947441976503],[82.71388608315883,24.07462516541151],[82.66556034911169,24.1242410292558],[82.67803245203629,24.152867346953226],[82.72813543003008,24.135554769199974],[82.74436306219418,24.16557336657196],[82.73467756879693,24.21727448746389],[82.75885322920018,24.23671054968451],[82.77333212324542,24.343774823452115],[82.76412523080532,24.376273851931877],[82.71346748169056,24.380305608850488],[82.74369872654391,24.496277404264788],[82.719275230708,24.55237881747275],[82.81076999995386,24.54723000015298],[82.80259091698505,24.59847711093257],[82.7654088228131,24.595808957149725],[82.77380638703359,24.641669376743614],[82.70679725018913,24.63603586825711],[82.70161524005836,24.675045543484917],[82.6709890605804,24.69693720219407],[82.5391216690585,24.647733281232377],[82.52353657090886,24.6759862784409],[82.44984462291907,24.674645539539185],[82.42953263877943,24.702625017546193],[82.40636801412079,24.681245170133845],[82.41612559450377,24.591115550574546],[82.3389168057045,24.62021197277235],[82.29848810075674,24.6049466711975],[82.30301375894388,24.66690675642471],[82.26869136472448,24.68336357484392],[82.23899186923654,24.66107024366324],[82.22969251960261,24.681982027841386],[82.25013671329711,24.697101484659072],[82.25079383901486,24.76982264564993],[82.24557571041053,24.744064853988423],[82.23416350731375,24.76056142569826],[82.20700412571787,24.74731185604997],[82.2212150487608,24.721944561203088],[82.17756207771554,24.73218232348071],[82.19657949738837,24.7780477578002],[82.20928379046383,24.77167599800327],[82.2178540192236,24.77667500593325],[82.18429565937298,24.795612302009584],[82.20358665542166,24.819121837659374],[82.1670939757699,24.785464183351486],[82.11564713306377,24.78441597067994],[82.09769223956555,24.816128542325686],[82.01696567362288,24.84597648200035],[81.9653942844715,24.82705977081312],[81.90290154636095,24.891573310100522],[81.91968340469906,24.928106449473592],[81.9070916445476,25.006179829344966],[81.89135226864785,24.988850190829947],[81.83520730372251,25.017255975879376],[81.79272322283462,25.00442411905979],[81.73154653797226,25.048624796745344],[81.68979096586034,25.03893087348982],[81.66667825257669,25.07505353151891],[81.61167075019759,25.056304583105213],[81.60015963068159,25.074198157238214],[81.6407883163409,25.099056225542196],[81.62437596071122,25.119944282449527],[81.60826635746966,25.095943192169198],[81.5977203130201,25.131226063112496],[81.62624764288002,25.160594034072115],[81.58855247896363,25.165849532098214],[81.57866323911018,25.190813385205544],[81.5144945956751,25.183556873449906],[81.53644504066148,25.160193821927113],[81.52699016135645,25.138066289619022],[81.48001872486367,25.13217752890704],[81.51819102796128,25.10095323143074],[81.49120728096104,25.072249494670963],[81.40745862995134,25.105006909737188],[81.44751318833245,25.107141675911063],[81.43838777110867,25.130451649467243],[81.39955677195708,25.119366323673432],[81.33458506653454,25.16922458443027],[81.32129294048048,25.112845873944366],[81.31348372535064,25.163684102514278],[81.27756416173202,25.1659819133852],[81.2520854990651,25.102085188055533],[81.263996845351,25.053066390907965],[81.20896526558644,24.99259028153238],[81.21962134764233,24.928600690361975],[81.19295067023015,24.92532475852956],[81.20718774562651,24.93034141714016],[81.16805281385624,24.955202019057452],[81.13964445560678,24.887504706449974],[81.08478007452739,24.949658533988185],[81.01601457167578,24.951275877979597],[81.02310427011504,24.927608109544778],[80.95724710930111,24.91783824048669],[80.94666489075021,24.966277411544734],[80.89926039661471,24.948649108755166],[80.90694327754416,24.9352300318459],[80.81217427663763,24.922504708436573],[80.79229409356724,24.96489960339437],[80.85224301538999,24.988719148755365],[80.83180851424781,25.032775661605065],[80.87807624955803,25.065457791649393],[80.86847474117594,25.115668486405646],[80.91283783732489,25.15906645333305],[80.8846922401937,25.187927878827924],[80.8381842108049,25.18053945898281],[80.82990578485202,25.100457075812656],[80.8083270961992,25.1369088668002],[80.74201123549983,25.12355283661336],[80.73042651894585,25.14659809501919],[80.70442483998228,25.12836482647943],[80.72562298855766,25.0914053934434],[80.78343374214818,25.07587435015031],[80.77622878691372,25.054815932363958],[80.71714467642069,25.069090646035477],[80.67959954164562,25.04854380500257],[80.68526520425966,25.07657566236217],[80.607571987259,25.098200095179795],[80.63825432117878,25.116726370977915],[80.60657773692844,25.150349482684735],[80.59237091460724,25.09017933712888],[80.61327549104341,25.065702801962384],[80.56839712683248,25.086855313294585],[80.54535034808094,25.06452596773797],[80.48263450011235,25.100095873241912],[80.50674521221121,25.08399510304025],[80.50061827929343,25.041581887816317],[80.54610296734947,25.032408773013604],[80.5495098857034,25.00245715142557],[80.49936708281008,25.006165552229206],[80.47891338594985,24.973971290221293],[80.4561784659131,24.981630986570426],[80.46244263701195,25.002481631182228],[80.43706076539677,24.994517982966208],[80.45490629789104,25.00572050077429],[80.4331971607649,25.02359536596763],[80.50190779568132,25.037243455725235],[80.47516153244264,25.038016951081843],[80.4490122286425,25.078642624144873],[80.37373227049804,25.055904685591088],[80.38734918964047,25.004306319592143],[80.36300059189637,25.02359283670351],[80.3310259638228,24.99219181762736],[80.27419927401513,25.025680261870672],[80.29056412264168,25.059504785417126],[80.35546098490973,25.055667799016348],[80.34852844776353,25.086536930899193],[80.37611693440168,25.116351598630665],[80.35455248679173,25.138259800319535],[80.43170114337428,25.17760941063584],[80.40337954082943,25.24402705460718],[80.31083451713793,25.28640577361218],[80.31544735846308,25.38886537213651],[80.26400573598863,25.424019907918357],[80.25344910513134,25.40082421615845],[80.20240809070573,25.414031332377633],[80.19492670781631,25.37808443205765],[80.13114742751821,25.334242204998727],[80.08899939186507,25.355844168257427],[80.03348473642997,25.342047921253133],[80.00480853393003,25.267230252184756],[79.94836345776903,25.268654164263506],[79.91753960793994,25.226777692417922],[79.90749277823058,25.250887600485896],[79.85137669390085,25.235501548599984],[79.88142673411939,25.142112236676486],[79.85169229441495,25.12865360998432],[79.86154101924971,25.096226563790726],[79.74838902597685,25.139630712747785],[79.6001349327621,25.127799958750703],[79.60648765302516,25.152400557933102],[79.56909645994845,25.17180902706118],[79.49151038533199,25.079611269492336],[79.46518626086275,25.087967997235687],[79.47724276630734,25.127482296424553],[79.43925149252878,25.10144120683208],[79.43974846262492,25.121127952367956],[79.4213684632244,25.129558244157153],[79.40534157320829,25.10622614773063],[79.39027912814733,25.170116200686568],[79.4122200230783,25.200240818115525],[79.44042410325312,25.19886064377595],[79.46258858134614,25.264589444181482],[79.49449176477864,25.26678953239595],[79.46718042128313,25.28324719535404],[79.40901534609722,25.256072333599633],[79.36864810897879,25.292328247892907],[79.36290059643062,25.261694910722095],[79.33625855294436,25.288102249221858],[79.35207933843273,25.32988315633925],[79.29992093070375,25.337614007736367],[79.26447169928302,25.268943840815915],[79.29370468742817,25.28354037989707],[79.31651768967481,25.255957527203037],[79.35079819907502,25.263829301293978],[79.3384604584715,25.19797852058202],[79.27936825554579,25.244708419300206],[79.31364656891719,25.136087935640568],[79.27809799371319,25.117505902756953],[79.26046344586025,25.15315468881008],[79.24812066539448,25.11595755918524],[79.21714619736731,25.11070364184566],[79.19212308334058,25.14617027880028],[79.18591142954183,25.1149108376824],[79.13095106300295,25.10941898776258],[79.12594758163377,25.161292251465852],[79.09047362160558,25.190964966261603],[79.05069843162636,25.134180970915637],[79.02946113215008,25.1404887648012],[79.03096564504946,25.184948897642],[79.05220027375925,25.2076800110456],[79.05953371064601,25.190659654835756],[79.063634255637,25.22197574029135],[79.0217280827343,25.241837194805807],[79.01331850079428,25.273993992346366],[78.9748433462117,25.240487635634583],[79.00118553851179,25.233696907889964],[79.00585525524437,25.195174568551572],[78.95385048317688,25.21895568744308],[78.88039446528057,25.157614875491845],[78.8809454360836,25.254029851707656],[78.89975350366896,25.243128625005042],[78.91700738162885,25.273572802591257],[78.94514869339585,25.25945287005181],[78.95549875240101,25.282741578371326],[78.97988311816064,25.278997349896713],[78.9574267352797,25.302237357579145],[78.96061491955673,25.345083012495735],[78.92793310294549,25.324128362469686],[78.9225423470761,25.342897736362403],[78.88200283317893,25.34363654860533],[78.8496520349462,25.22878435818564],[78.80946741296647,25.270518379496675],[78.82852324676071,25.3027497155227],[78.78778517070651,25.296039862369167],[78.84615576840616,25.32697891389271],[78.8803073894113,25.385882969471833],[78.95317441008719,25.400014130084482],[78.93817772428079,25.374821078237783],[78.89655976380739,25.374029409299617],[78.93871162765419,25.346976351134106],[78.98929398995989,25.373991954326687],[78.96731495532741,25.434265318161543],[78.9382770636283,25.422269673612362],[78.90887195193379,25.44242057052905],[78.94390557267488,25.48292587462562],[78.91995317385467,25.515306501283444],[78.95283684967211,25.53753650585875],[78.93936567907737,25.55722049808705],[78.92336527359946,25.535936821077197],[78.8826478968333,25.553962458456848],[78.88428293519964,25.515590864638188],[78.83495829194267,25.505821351192495],[78.86617008380836,25.465668929595026],[78.84414912171896,25.427752573021856],[78.82072397348409,25.438691196117617],[78.85486453299302,25.44762819924808],[78.84092996929253,25.461488022863307],[78.80917328311642,25.45346276012698],[78.81832425012266,25.471614780212395],[78.7677566189862,25.469443243510035],[78.738049819856,25.494835116407415],[78.73213347926723,25.457594285675267],[78.76235804595255,25.426900509431796],[78.82132781532415,25.422596771504598],[78.74826204090257,25.409787954786367],[78.77463147117908,25.353094243189833],[78.72673744009168,25.34341930293398],[78.71471470368816,25.37299094566682],[78.66012363393922,25.383955176361525],[78.66582323010503,25.415389238853674],[78.67450410311575,25.39980701607058],[78.71139672365715,25.428049256865126],[78.65828067009915,25.441036931972654],[78.63518077151302,25.400677924860513],[78.61058854294481,25.41602298201307],[78.59137333252612,25.385874022882174],[78.56649812168024,25.39075904582441],[78.58492821720793,25.346838764052052],[78.52962243202576,25.353385089052157],[78.5530481568149,25.31965296634815],[78.53299138405069,25.30094913285662],[78.51038032205196,25.295354570284474],[78.49830925678354,25.320060199584884],[78.47283015264658,25.28552183970472],[78.45378908548473,25.301270758486954],[78.4350371071508,25.28429493565468],[78.45048762112816,25.262112428211314],[78.5317382019571,25.283990725476055],[78.57799634729679,25.25319675181653],[78.56807316992567,25.240843769393482],[78.55575192675774,25.209213668923116],[78.57025433296143,25.22379206390574],[78.60216363398209,25.094934588544845],[78.6526137672874,25.050590606693408],[78.6317595225056,24.957713047339873],[78.67664591574618,24.898575253137455],[78.77003426343842,24.859016982615124],[78.789836601116,24.810974714130495],[78.77039506001805,24.788397449403195],[78.78100708868087,24.70616381205798],[78.74392487668288,24.65404050901318],[78.75202717039822,24.60017558193296],[78.78365976538696,24.588535807761428],[78.8831692705901,24.64131011499263],[78.95312519967186,24.546876607495854],[78.94725594549902,24.502428938384487],[78.97151964132532,24.49423647891366],[78.93774504570202,24.47882012287373],[78.92057371662774,24.499713664172205],[78.91421457184363,24.459668665436684],[78.99364581238615,24.42274429934333],[78.9714171093614,24.347563679590507],[78.90963519378298,24.29798851110533],[78.91674271616829,24.269023580175656],[78.8845835152325,24.250473036944733],[78.88233375685476,24.217453911902737],[78.81514470636763,24.207001094241953],[78.79279398839537,24.176827246691595],[78.76192760577007,24.25946281216291],[78.7487147927268,24.233141885950104],[78.73414895275208,24.252421291173672],[78.70296516899195,24.226958727469192],[78.66862977886306,24.240035610971866],[78.58605080899109,24.353637246708132],[78.51861728044594,24.38781803002973],[78.413552923679,24.272642140509387],[78.3895477437641,24.26266097568265],[78.34789794830627,24.299494329554694],[78.32919508638456,24.32944255436042],[78.36588995528449,24.38576295836537],[78.26968367915761,24.446934448207926],[78.27497194203858,24.473920487613256],[78.22541243892208,24.521367817689345],[78.26446375413275,24.55219827263676],[78.27671068164612,24.66287025291554],[78.21667294545139,24.80859187788672],[78.16896464392617,24.86261774629723],[78.33397165444536,24.994915930304106],[78.33863032441465,25.086580218800055],[78.40681770349302,25.12893320568801],[78.44682002807274,25.12178377774206],[78.42732562063752,25.154043748211574],[78.45822467764219,25.16365820425094],[78.39527515069867,25.187911105073294],[78.41094791126264,25.212665451526334],[78.35988256519477,25.242134285594805],[78.35448232329713,25.29224090986585],[78.3118116800889,25.303230865854665],[78.34378894933818,25.32846071806268],[78.30530760815218,25.376756321290138],[78.3405261767147,25.39952599350666],[78.35445107534356,25.451892144860103],[78.37758231571307,25.436831683447235],[78.43130302744268,25.47363531539807],[78.41935692928307,25.53284813602645],[78.44360095272592,25.563209711580612],[78.46469549817074,25.545514578334494],[78.49334051224132,25.57870393894934],[78.58774418002326,25.556601510476074],[78.61813890559053,25.583664059643507],[78.65827962289333,25.559854887298357],[78.71741555841486,25.60534767254717],[78.81176156689835,25.620784033643684],[78.8167031920833,25.676323256728654],[78.75295304866442,25.750882117669804],[78.82873552534816,25.795583653957685],[78.80557680966102,25.813554908066635],[78.81817472143487,25.82914807471577],[78.86792425717898,25.80318854056709],[78.85236585076557,25.856536396175773],[78.88731397915952,25.868601400709718],[78.88463891419141,25.913937045543904],[78.93896160975378,25.942694801785315],[78.94829941286217,26.027754507734535],[79.01206396700518,26.083188509230467],[78.94892550798988,26.128716806559833],[79.0048529122932,26.148043474625105],[78.99373462002416,26.19690971725246],[79.02639300436763,26.19134391207751],[79.02582246182574,26.220102445451204],[78.98940677414784,26.23500357919579],[79.01944328591433,26.247613790622392],[79.06321626091393,26.22580013156327],[79.04567617330214,26.26032690980011],[79.1185321548362,26.300280885271977],[79.13876033018072,26.337600853997447],[79.0842837828495,26.362410040587385],[79.09507293760153,26.412317498960817],[79.12591094368067,26.411257219930302],[79.13512633802083,26.440119072645768],[79.05266368404962,26.453809355157333],[79.06812868621996,26.496623630692],[78.98985728342862,26.57899979462202],[79.01654280245039,26.600658572419874],[78.99363095415067,26.64103319745162],[79.00479065561746,26.673349792856456],[78.94556001644763,26.654834355012223],[78.95556860691237,26.69177905136726],[78.87174486505899,26.69811452616458],[78.81586648515092,26.7623569851651],[78.72996821023347,26.775085554990575],[78.7255748917235,26.79593139545333],[78.57624517994392,26.748798791745756],[78.46066872752603,26.787642272749927],[78.4335432971082,26.82574679758221],[78.3954910957445,26.816988593833425],[78.36292150048743,26.868827584682716],[78.28351046220939,26.854460525427207],[78.26097384117061,26.813571310211902],[78.21909414150008,26.833485543648994],[78.19685097845124,26.879596595069906],[78.23264210686649,26.8742853120032],[78.27179549385127,26.917580777396314],[78.22432209022311,26.9464455791527],[78.21013339518096,26.931235453199378],[78.11855356935426,26.94698265056067],[78.11119427947689,26.895886806821093],[78.04880302751717,26.910142573078314],[78.05582065434659,26.868335758239766],[78.02645141084975,26.849544415925106],[78.01458255907262,26.902921087265234],[77.94839152822907,26.89359402445],[77.90635569735622,26.917788953431725],[77.89648458635578,26.88400753132103],[77.75984736250885,26.932469273252536],[77.72499274353618,26.91048987178135],[77.7226044068686,26.87432834250599],[77.61033242803533,26.828587129892526],[77.52567935100707,26.81888161561791],[77.50116538363756,26.844464402402814],[77.48521882742946,26.748023895781266],[77.45456441360554,26.74192710384429],[77.46690092733321,26.77374379783955],[77.43136088406182,26.771066785875256],[77.44585198351285,26.814677172135998],[77.42727638697869,26.864097093499208],[77.7629340217162,27.006854134114565],[77.73768140487255,27.029762029352362],[77.7300564886403,26.99399417723588],[77.7119355056124,26.997115532451147],[77.67976091418534,27.04709461382848],[77.66557775154897,27.017263042715943],[77.63002218457919,27.01021847068168],[77.56331591329112,27.0294494351667],[77.57168362569836,27.071879707059093],[77.5193393886676,27.06663099584465],[77.51773464091647,27.102471228034485],[77.59781596555287,27.118024240285337],[77.61988798097293,27.173496060117586],[77.65842241449967,27.170133763203772],[77.68112508787225,27.19441581175798],[77.64671156735575,27.2102506539232],[77.65280594503011,27.234823919838128],[77.59868511653643,27.297189188893324],[77.6227040534106,27.336198537288144],[77.57877760955706,27.322676816294848],[77.50715273241165,27.377080154072253],[77.43952287819609,27.390729217945136],[77.42109544528073,27.422031664425933],[77.4378075602645,27.456332236744483],[77.38738429809133,27.51290702554716],[77.33998607342623,27.526634038728997],[77.35818978393858,27.588977367886407],[77.31713524785668,27.6066808703316],[77.3524836669263,27.651155135720707],[77.34118375976512,27.70330120914347],[77.30382967932731,27.71110283683955],[77.31037115832615,27.78821124846156],[77.28293190219733,27.79980522618622],[77.3483271761848,27.85558332451272],[77.42175320410001,27.85437473696726],[77.42012729293663,27.89047701778697],[77.45061717684784,27.871106836145852],[77.47224354544998,27.883691553184075],[77.4847337741591,27.934983501900767],[77.53662791700239,27.934188747781477],[77.54405995756021,27.962418975526532],[77.516925691739,27.971130748607862],[77.5424051740607,27.989271123998954],[77.48363593758205,28.040488543433646],[77.50123678225218,28.05855683955509],[77.47425646152436,28.08747292534686],[77.51233467880053,28.124989300989633],[77.49135260877611,28.13657495680723],[77.50207952631031,28.161201477569893],[77.5496201062019,28.17987491925975],[77.50120810999081,28.18171806765823],[77.49729217754562,28.20596527816235],[77.53037332259267,28.19874894466453],[77.52129046040697,28.224485209713656],[77.55041955066673,28.242358450772016],[77.4927316030739,28.25193632451589],[77.50703243621696,28.305624770047704],[77.471265723772,28.334966980728563],[77.50471506511215,28.36993865539818],[77.47763153453565,28.4190784346546],[77.3804704801731,28.470299225696788],[77.29996476858142,28.55979454343391],[77.34240851333584,28.608923034944162],[77.31628402679321,28.6412651619586],[77.33112023628715,28.71305539656559],[77.29150851825523,28.70619201459356],[77.19922389385148,28.797810068671343],[77.22438476118964,28.825361453525115],[77.18903318771063,28.880224908643008],[77.22665864558569,28.880134000907827],[77.23435073100984,28.911549727398633],[77.19665740843232,28.937689001518933],[77.18912123037897,29.027712823712747],[77.13407398768175,29.09519589632123],[77.149057192863,29.117825747368993],[77.13142322198263,29.217464839345816],[77.16115368105429,29.332411038941203],[77.12959175211962,29.342576966226606],[77.12328668640752,29.370393180079297],[77.15739688224004,29.387359241618967],[77.13335140794769,29.4009717136473],[77.14841697270029,29.434131092185464],[77.1232053907716,29.455422262555402],[77.13320727365442,29.483185078609],[77.09637073063432,29.51952942047619],[77.12683748240163,29.559481018970775],[77.08395483758012,29.589015865449394],[77.10952635198021,29.597469950708895],[77.10621158902609,29.63236059599922],[77.15655651608714,29.69261734790729],[77.11981081333778,29.760110045711443],[77.17940554996586,29.813108264627157],[77.20203693322259,29.8689387005651],[77.18797656177928,29.91139563543732],[77.2760084679261,29.996091819829772],[77.27777517639794,30.041862257291942],[77.42257606452421,30.103458358253114],[77.40254318585933,30.111709643458145],[77.42802509015874,30.16282376664347],[77.47724575626152,30.182433529973494],[77.53825210115406,30.278573845624155],[77.58354878500334,30.307416695480484],[77.60434680939416,30.368542769935942],[77.57603018589691,30.397436873434632]]]]}},{"type":"Feature","properties":{"state_name":"West Bengal"},"geometry":{"type":"MultiPolygon","coordinates":[[[[88.16777800565748,21.59166599989771],[88.18888900573502,21.581938999238222],[88.18666900629802,21.559999998965306],[88.16777800565748,21.59166599989771]]],[[[88.5025030069912,21.59444500021444],[88.5338890071017,21.578060001294837],[88.53083000719873,21.54220900058977],[88.5061110072422,21.541111001568638],[88.5116740069983,21.558061000259322],[88.50389100686638,21.565001000190904],[88.50417300709854,21.544452000710503],[88.4817060066639,21.554726001658068],[88.5025030069912,21.59444500021444]]],[[[88.94811321797374,21.59848955244911],[88.94467561628717,21.599267708848465],[88.94675747531788,21.600711875588193],[88.94811321797374,21.59848955244911]]],[[[88.83209334565754,21.608469658859875],[88.89417059826971,21.57909987142937],[88.90598794560871,21.547560220235276],[88.83117917916486,21.551169195582286],[88.83209334565754,21.608469658859875]]],[[[89.137010739466,21.60141458441685],[89.14452791666402,21.592653477797047],[89.13518997972263,21.596415798332885],[89.137010739466,21.60141458441685]]],[[[88.52437600706884,21.653201001242113],[88.58750100725214,21.601943001514126],[88.55000200676454,21.56361000084335],[88.53695000730204,21.586951000381717],[88.54286200710311,21.5891620025535],[88.55635900649108,21.59911200095256],[88.55666400674515,21.604446000847965],[88.53693400640358,21.5883979997405],[88.51000100690383,21.602221001845894],[88.52437600706884,21.653201001242113]]],[[[88.64237737691587,21.67919338744745],[88.6315832542856,21.649413079466555],[88.63087873089474,21.673287560570508],[88.64237737691587,21.67919338744745]]],[[[88.33078864224076,21.705005076846568],[88.3504589378631,21.64680372668163],[88.3178477137499,21.605219244138336],[88.31609584524594,21.67237158426742],[88.30083685449775,21.70288293951404],[88.33078864224076,21.705005076846568]]],[[[88.20556385925615,21.719169778373754],[88.21659000634577,21.700541001567963],[88.19833400647526,21.694444001849543],[88.19555600618776,21.68194300288912],[88.23166600578294,21.64361000077387],[88.21166900605577,21.62082999947552],[88.21194500624178,21.60166699920218],[88.18222000583971,21.682221001399384],[88.20556385925615,21.719169778373754]]],[[[88.19618917271158,21.724659832694975],[88.18944024640253,21.725671479066776],[88.19904594933816,21.731755540422597],[88.19618917271158,21.724659832694975]]],[[[88.74978334820236,21.649620307313228],[88.76897773393434,21.65595046516537],[88.80004792693043,21.59123948613005],[88.74202634819132,21.56218819163082],[88.7085916006866,21.58471938477432],[88.71884029479673,21.634735223968903],[88.68442609359917,21.684306527185],[88.69251088665543,21.72015618284923],[88.70179695886172,21.687869716556143],[88.74978334820236,21.649620307313228]]],[[[88.20432635211776,21.747791377369683],[88.18470398239363,21.739625568165113],[88.19966792932107,21.765238686801446],[88.20432635211776,21.747791377369683]]],[[[88.4151562556875,21.725193492660782],[88.41105122645867,21.655829092890418],[88.42787118637385,21.63043524601193],[88.40021976955718,21.600719563344498],[88.38093809948653,21.662890624467067],[88.4042373098346,21.716629485729396],[88.36876110397723,21.726976925962784],[88.389117910983,21.735750569139274],[88.39582885904468,21.754637628621317],[88.40164577743711,21.737275508295983],[88.4151562556875,21.725193492660782]]],[[[88.37385516818344,21.717272988989187],[88.39469752926328,21.713767863051253],[88.36308148147168,21.68556789983665],[88.33657293448474,21.708330894313534],[88.34842530261392,21.721984974322893],[88.3476298523669,21.76018136465811],[88.3899080358122,21.76078395481248],[88.36391861625572,21.72992739697641],[88.37385516818344,21.717272988989187]]],[[[88.28911279550196,21.77875162704881],[88.30495946786748,21.73245718315454],[88.29724383488069,21.705940431154325],[88.2759006554121,21.733219005316492],[88.28507763699425,21.753132197529254],[88.28911279550196,21.77875162704881]]],[[[88.59397301386632,21.72065374688899],[88.56883120438084,21.76963605699909],[88.58222693834028,21.776408929354634],[88.58726119661894,21.753303746852808],[88.61969648777719,21.73696281581545],[88.59397301386632,21.72065374688899]]],[[[88.18569014794369,21.790214015882434],[88.176340073326,21.792601346810958],[88.17905015408536,21.799333317851655],[88.18569014794369,21.790214015882434]]],[[[88.60840008013632,21.78458718629568],[88.62974506973273,21.75147049110932],[88.62756492052479,21.729308984141127],[88.61091806867762,21.70477465959714],[88.59705723864009,21.715678033885663],[88.6202768507427,21.728039986302818],[88.62172636010862,21.740047133112903],[88.58738584277775,21.757209835449476],[88.60840008013632,21.78458718629568]]],[[[88.07389835358339,21.80942774309532],[88.06403085300175,21.808607871829313],[88.06724417469135,21.82097380406088],[88.07389835358339,21.80942774309532]]],[[[88.38341676355557,21.777690871874743],[88.4299913844713,21.79927157955881],[88.45557424601962,21.789128350871447],[88.47143996745918,21.792466109159687],[88.45279555746484,21.718411546745223],[88.47150629437547,21.67387696225269],[88.44743737419225,21.625536183194455],[88.42038294574483,21.65314462295492],[88.4302678756343,21.71034633304387],[88.38341676355557,21.777690871874743]]],[[[88.56006997443791,21.767917548154706],[88.60861977125194,21.681482724829984],[88.59103489046781,21.658416483492132],[88.60267086195188,21.612540089905135],[88.52621925192206,21.66286620672745],[88.50630004901174,21.75828880383211],[88.54226792969041,21.811443007434377],[88.57327122229124,21.78849248926132],[88.56006997443791,21.767917548154706]]],[[[88.08206427169661,21.838919570304817],[88.07464484343339,21.835677079512084],[88.08272750254177,21.842658938286714],[88.08206427169661,21.838919570304817]]],[[[88.18519539677101,21.82884927854038],[88.17141748821413,21.831367896405006],[88.16848772275895,21.844094548723998],[88.18519539677101,21.82884927854038]]],[[[88.48317709433003,21.834914663253873],[88.49989801913271,21.811330713448534],[88.4639260718406,21.80021448893583],[88.45188826274588,21.81363624680786],[88.48317709433003,21.834914663253873]]],[[[88.09613112586644,21.865668083747874],[88.08960008479315,21.86750167093964],[88.09398695781361,21.873063561852696],[88.09613112586644,21.865668083747874]]],[[[88.00688007237568,21.818395490594288],[88.02528877260107,21.87633109425528],[88.03872742494791,21.881142840354915],[88.01836313151333,21.845691685679856],[88.00688007237568,21.818395490594288]]],[[[88.17407301629179,21.86773700950231],[88.16924540078533,21.868785962001844],[88.16523827296015,21.879127949376944],[88.17407301629179,21.86773700950231]]],[[[88.13434894771716,21.87777377740707],[88.17250000555627,21.81195200094412],[88.17125190339064,21.740096351313042],[88.1547250061253,21.64999900080452],[88.10917000580604,21.625833000963457],[88.04800096408455,21.64472165434792],[88.03666600597599,21.675000998903993],[88.13434894771716,21.87777377740707]]],[[[88.55343699081901,21.872106864225213],[88.57395492936907,21.85605727448157],[88.55668542468676,21.827692987048334],[88.55997268705129,21.851509574539946],[88.55343699081901,21.872106864225213]]],[[[88.54143114095496,21.90218832430468],[88.57615122033975,21.883061152157875],[88.5529750264174,21.876676413587294],[88.5519951802614,21.816623136884576],[88.53089486730761,21.84765246782033],[88.54325888347753,21.854595079816868],[88.5504676012284,21.879380098408426],[88.54878199164011,21.891968730026335],[88.54143114095496,21.90218832430468]]],[[[88.11534526256582,21.920440032763807],[88.14501500646917,21.91688567295387],[88.1300128786702,21.899131491132895],[88.11534526256582,21.920440032763807]]],[[[88.64858805708269,21.91785974952679],[88.67006796245339,21.91241880069725],[88.64456489323065,21.787937833477184],[88.59197312831476,21.797643768214822],[88.58481288646144,21.84498369529346],[88.64858805708269,21.91785974952679]]],[[[88.91182028139609,21.930882337638618],[89.03134321502351,21.86396235170058],[89.01945950204716,21.76615201098967],[89.09355610099917,21.66367950501586],[89.06813135948941,21.61737982514762],[89.02648292389301,21.658187794158042],[89.02378216663486,21.60291371304279],[88.95415318691315,21.627224341521558],[88.95130953450811,21.693853911140458],[88.92126242220264,21.721520801082743],[88.93170871518127,21.74442572648657],[88.92084010223107,21.762386558832453],[88.91467307552158,21.716179028308204],[88.94013249259737,21.689041636688888],[88.92296700546228,21.63230765559197],[88.88413263342234,21.661173726197188],[88.87722031621009,21.76661341107517],[88.83505651064571,21.78279220838145],[88.8531549758052,21.88888972113604],[88.81900516255598,21.929260402526708],[88.85969140644352,21.912713244134682],[88.90258654979205,21.921025547373343],[88.91182028139609,21.930882337638618]]],[[[88.54437721747385,21.970857596165917],[88.60997929690761,21.92471048220029],[88.58362352848258,21.891642833419553],[88.56678688166132,21.91235947280641],[88.54987337214072,21.92299559025764],[88.5507957151293,21.93586985226431],[88.54266973072718,21.96027685920308],[88.54437721747385,21.970857596165917]]],[[[88.60249633090658,21.98852305233392],[88.59860774099975,21.967579468252843],[88.61503075839227,21.937508018827568],[88.61002232205959,21.929266644212827],[88.57648690648502,21.96064283972056],[88.60249633090658,21.98852305233392]]],[[[88.14263850723418,22.025279001561398],[88.08750200557984,21.93278000154511],[88.04666900599116,21.912220000405227],[88.073326005476,21.995280999878315],[88.14263850723418,22.025279001561398]]],[[[88.94363631016344,22.00087050347198],[88.9875877948523,21.971466607326285],[89.00976757351287,21.980333250531825],[88.98857239426626,21.951037881025588],[89.01229356608404,21.90301155468602],[88.92882269577248,21.945107786690667],[88.94363631016344,22.00087050347198]]],[[[89.80010612956457,26.35050926441027],[89.81751190849512,26.32083885046729],[89.78981941831206,26.341736782032896],[89.80010612956457,26.35050926441027]]],[[[88.01481515037922,27.211533536308057],[88.07967665441173,27.199742308405305],[88.09619222135096,27.133361499811823],[88.15365140121465,27.109689633756105],[88.18173156041141,27.132428935128797],[88.30204202862019,27.12885882623967],[88.43068804230411,27.07936365339061],[88.55507226693553,27.18398718275539],[88.65515182291277,27.15950446629126],[88.68583329362923,27.176012784248897],[88.72638645889629,27.134760292758664],[88.80406139191093,27.13883486709412],[88.87087901750617,27.10787680688037],[88.87714733398884,26.944346824622194],[88.92168375729698,26.993927235880708],[88.95247525779206,26.96840694592951],[88.94392382458565,26.934147348401403],[88.98034621493036,26.917185946415344],[89.0215724868934,26.94068589067145],[89.04885847967638,26.899114507900627],[89.09569882917854,26.891673151842756],[89.10074764224326,26.842510547296275],[89.1344545296043,26.807680203685653],[89.26239526211397,26.813777934428412],[89.37898177020728,26.86217826801475],[89.46952633198761,26.802692964103993],[89.56016942445629,26.81286015513375],[89.65057895861753,26.776296169925008],[89.6237790504025,26.718448907380086],[89.7528046815125,26.735313000221012],[89.77138673435621,26.7009634571647],[89.8624253872938,26.70146637819927],[89.8498358647314,26.623025138025152],[89.874251245356,26.583919083062693],[89.85075943209036,26.517337366938364],[89.8688343572498,26.452154113015865],[89.82816553503767,26.39675179708953],[89.85632258124923,26.384106755563092],[89.82494124621982,26.38151209666932],[89.82038500990105,26.352641715530154],[89.82046166046621,26.372910854258944],[89.78106033191739,26.352740797328835],[89.78266411394691,26.332619923339227],[89.7505982616102,26.321317628150393],[89.75720760036249,26.288690648895148],[89.71989877427325,26.306941378994715],[89.7383991084161,26.26972468409246],[89.70232791486362,26.259262392681187],[89.73216092712973,26.236608161069377],[89.70054694301851,26.217859870511347],[89.73407535105765,26.20986041809319],[89.69865778761407,26.19067145220584],[89.73674796435758,26.17195836709956],[89.70136922227218,26.151863150325294],[89.6734717788064,26.201428100494216],[89.69147467828819,26.21165990591084],[89.68574300483982,26.230904556577897],[89.63444835853825,26.229306803389402],[89.64995401099648,26.190204926231047],[89.62781306282531,26.183909091877847],[89.65865780860598,26.176307995951877],[89.60745579256573,26.179141275374864],[89.59658195339343,26.13509932700827],[89.63035752496937,26.118272462606356],[89.59377475857858,26.102145160495127],[89.60862236694616,26.08839307972314],[89.62995876370141,26.107043465126228],[89.64990095489892,26.06248414269897],[89.60539913500337,26.063753461106568],[89.57872499694639,26.026207130745604],[89.58516305497476,25.975896220777237],[89.55524804648668,25.965252346396195],[89.54089215018307,26.005792158635906],[89.46164810060083,25.998371774224058],[89.42750026692016,26.01314425104216],[89.43358889940006,26.03041987297505],[89.42387423199037,26.046816324573765],[89.39279291447323,26.00719060336929],[89.3491154492018,26.010354000832294],[89.25440736306321,26.06412077286097],[89.2668270180666,26.092530753757043],[89.22950478433775,26.12386059553443],[89.15538056044167,26.138610819638956],[89.14094249782863,26.235840787435286],[89.10016314450101,26.27953631581633],[89.1047225894727,26.315799455872405],[89.12205412508362,26.287138798187694],[89.13630774583952,26.32010687454616],[89.08358236126072,26.32215161674775],[89.09625062016566,26.3911548973235],[88.9940396294536,26.41281862995655],[88.96514009583058,26.45780818553445],[88.94476665649243,26.425591665970586],[88.92619277136188,26.432050524763692],[88.92655973913243,26.406788242443643],[88.90484672223992,26.40847602317711],[88.91013069329622,26.369793797749512],[88.95842952063254,26.361681017600958],[88.95597247503056,26.33000325129572],[88.96141061277478,26.352295649391277],[88.98721889546596,26.348320909741908],[88.9957382604187,26.29023779599259],[89.02115693034915,26.3090817861517],[89.0398753921348,26.276624832144627],[89.05946384931859,26.293322788276313],[89.05068565510517,26.24165338438121],[88.95731684575726,26.24029647895773],[88.89826902688085,26.28864387702808],[88.8613948806686,26.2726776723586],[88.87786454979143,26.233377954584192],[88.84172564405553,26.230719681820354],[88.79356444411104,26.309970004432998],[88.66622666413659,26.262656830830988],[88.67513057176434,26.320072044553637],[88.746508339088,26.322385464597385],[88.74587031672701,26.347066518680872],[88.70276387887525,26.334394469742005],[88.68101203931346,26.379407854591467],[88.7022701541749,26.388443580890783],[88.62392404547347,26.434891810121982],[88.62289046251284,26.471078517108435],[88.55953360169981,26.4574867460015],[88.55684186615134,26.484839210553787],[88.48975087712255,26.510358941493173],[88.48443438561085,26.54105605054772],[88.43596995635677,26.545026758372046],[88.40935260788282,26.6348290592353],[88.33188749505999,26.48190804089577],[88.35458721724437,26.447067652694567],[88.3712391889628,26.48820544589193],[88.48524556215874,26.460256697888326],[88.52335198030008,26.36082389867401],[88.48236202432236,26.349702819795088],[88.45780219857323,26.376630502365742],[88.43557756423816,26.335766697352437],[88.40435057073799,26.32983480781912],[88.4149386717672,26.314822872339153],[88.34966801734976,26.282249865634405],[88.3505099648693,26.220422701005596],[88.17726033993485,26.14795756643249],[88.15837966999729,26.07982643186134],[88.18334549952911,26.072885594881242],[88.18320767620713,26.02677704061382],[88.13971266210959,26.012916976530942],[88.12232138863536,25.94838200221274],[88.08650794183352,25.918108494693122],[88.11449306469483,25.79799194294632],[88.15113540356653,25.775542745703024],[88.18387490547045,25.80164634119998],[88.20963201766806,25.786827035829496],[88.26955367317211,25.80817673079789],[88.26650662976292,25.782448743177117],[88.37425189388064,25.717066196814628],[88.40168556520928,25.67256159068375],[88.45381539501612,25.664937508980813],[88.44434221809257,25.596951725162157],[88.49991542278458,25.58394929446384],[88.49364387246774,25.55883414514341],[88.53309225160494,25.542099174921912],[88.53957074201769,25.508655435061492],[88.60908689680188,25.516302177758362],[88.64705172711759,25.477819317774358],[88.69959989058003,25.471210934085295],[88.70751659034116,25.499867447049667],[88.76884572589334,25.49854063863733],[88.75869005564174,25.52524449278382],[88.8105267087759,25.52314159213256],[88.83933121684933,25.458338519209978],[88.81229503486104,25.410543570938653],[88.84085594506648,25.397634092301598],[88.84018487524835,25.363760364253036],[88.92926981199123,25.304384831119467],[89.00939228637894,25.29967433093834],[89.00762941795935,25.26361655656885],[88.954924949893,25.253338100456173],[88.96177124624037,25.209070536436823],[88.93643700163571,25.21052245642878],[88.94881933851023,25.176579016494106],[88.9230756302049,25.164908860501413],[88.84377902566308,25.213785529435338],[88.80586040431082,25.1704506273593],[88.71157832262706,25.207585447509405],[88.61272205534617,25.20417139832566],[88.56557923180526,25.17508812025115],[88.49912096709662,25.210305781496494],[88.44368775313454,25.197296902641753],[88.46140356062101,25.149385583460273],[88.43496554411752,25.055962236885907],[88.45265332424727,25.036878515628636],[88.4120929924868,24.998811184767334],[88.39883803538231,24.945320223192542],[88.34090439745758,24.940631464176114],[88.33061902206077,24.87013978954348],[88.27611404968681,24.897785364553396],[88.25826625326225,24.8775501932301],[88.26051868826104,24.919181998139376],[88.2261127439855,24.959706129153403],[88.13809401948055,24.936143657763175],[88.1750191361714,24.860151239782347],[88.13191237676125,24.836012374053837],[88.13628407684641,24.805275111821864],[88.12354498489854,24.82310942952905],[88.10609799047175,24.779567254141746],[88.06830691998462,24.769150159994354],[88.06284556989533,24.721596495223427],[88.00880007707762,24.667893990523904],[88.14075534942825,24.511240479302394],[88.33565463566804,24.380517078665203],[88.44643242490669,24.37858059828764],[88.52711916996421,24.344378719368866],[88.5551348871742,24.29334134878328],[88.56768819040019,24.326653650094766],[88.6284883861952,24.305093364607615],[88.69658757938419,24.315353360135596],[88.7354390942024,24.27649549767209],[88.7464813580638,24.147077839023048],[88.69319025164395,24.11115289877961],[88.74163131077792,24.057122441451035],[88.72475435602244,24.0416120379972],[88.75749064850955,24.032095043650532],[88.72899279318054,23.996192742581744],[88.76019491125952,24.006058245909397],[88.76871133312252,23.981462460877516],[88.73823914900848,23.982986089585495],[88.73340350964789,23.910975073702556],[88.70631327277317,23.916202079804155],[88.66758591005694,23.869445010648942],[88.57564057850225,23.861551710959308],[88.60212907283083,23.81721588584094],[88.55613392561843,23.784166492969593],[88.5807145245636,23.760553995370792],[88.5582312063557,23.649149435449417],[88.59376491439683,23.640810243937125],[88.58007392425333,23.60296693144799],[88.6455315914755,23.609283935186987],[88.65425320810411,23.556153441919385],[88.74335058521255,23.479144698119004],[88.80078695713605,23.497124098814016],[88.79531628998875,23.44302348071029],[88.76431444049445,23.44820564548574],[88.7493575796996,23.40047529659395],[88.76543450581816,23.36788389480931],[88.73210522095279,23.352079153834207],[88.74547458999997,23.30822497134742],[88.69628140089293,23.3019981790634],[88.71889421364922,23.254798167553613],[88.78980100328157,23.21834043698875],[88.81143897336058,23.221547793028126],[88.81146237769791,23.256087758589143],[88.82327431998522,23.233686179807222],[88.90685103750124,23.235964971811757],[88.94262970029894,23.206113815321928],[88.97593103151249,23.22443266917698],[88.99572467808723,23.214700210109246],[88.8684463104918,23.101067722722934],[88.87975463197893,23.00632559359524],[88.84509566132229,23.009948321155207],[88.87096746681975,22.978633049905337],[88.85944484141022,22.943189539765147],[88.89433843243276,22.95190776912181],[88.90942970156723,22.87985606670281],[88.94537481859157,22.880674607328093],[88.96846256925315,22.845043218799127],[88.95788977767937,22.795871123092386],[88.91100487163958,22.75773053111293],[88.96226723451377,22.694900893486473],[88.92711365004182,22.649647184440067],[88.96008140059686,22.616633178256844],[88.94069739344985,22.561348342930934],[88.9961236439298,22.468952403307643],[89.00007015830282,22.429839516594306],[88.97191635716177,22.409786669694242],[88.99425138555826,22.388733199212044],[88.98447968831586,22.326697168755846],[89.02430203956021,22.298428923525133],[88.995097312877,22.286264582654756],[89.07161385171213,22.19688791306469],[89.07106915776468,22.14727557738527],[89.0987080452782,22.1518667167585],[89.03785669897644,22.09421405029719],[89.07686319727698,22.008409743144135],[89.06798674662807,21.931647105507253],[88.99739347851903,21.95024947547021],[89.01409805783106,21.976722651465913],[89.01181664412542,21.98426198381245],[89.00122623352252,21.986403636247534],[89.02717447127144,21.99751143923114],[89.03038263265644,22.001048266826974],[89.01374253365188,21.996527648189012],[89.00032264482095,21.987667923850474],[88.98829317647925,21.974390946873836],[88.95359318586198,22.012190025972266],[88.917806020229,21.980930742166816],[88.90246834571963,22.003853085940307],[88.90436150867221,21.927890704315942],[88.81613890916407,21.941770975218425],[88.79987450421181,21.92675452567301],[88.83980096821033,21.886360106507787],[88.82147623582985,21.78144250524702],[88.86469530031374,21.76144254289954],[88.84116452759001,21.716880046440917],[88.8615486974113,21.640940769161656],[88.8455879537638,21.619102690454042],[88.80449477587925,21.63716341932925],[88.81459449524357,21.710727850691722],[88.7627088707718,21.701971876857417],[88.79383448969175,21.737005473741924],[88.75586936011825,21.735315814033896],[88.76720853290733,21.763307961001786],[88.75013278538594,21.770489609039895],[88.7656797109585,21.786360686147496],[88.78114707520285,21.825167385276018],[88.74554856651919,21.773167991820007],[88.75235209330158,21.733299077377055],[88.77757327366557,21.721283498496334],[88.75654855049132,21.70297269952967],[88.76870328697342,21.693687861520637],[88.80993260636306,21.704483914576375],[88.80794232819228,21.662676942987765],[88.74479042657973,21.66083190336893],[88.69375974546328,21.745307856396877],[88.7254942946979,21.979543106436058],[88.75146465547283,22.006230924606836],[88.71019916205832,21.995954095307216],[88.67862016310997,21.943094889757194],[88.63071753303224,21.95436031323763],[88.62350519754298,22.011459088590165],[88.59503521228109,21.988720415586805],[88.58116426248026,22.000041839172752],[88.57124328208265,22.00043953732868],[88.5738921291788,21.96108907981008],[88.55398400728768,21.976362006913366],[88.53489514355465,21.968727766350813],[88.54883436252224,21.920272218934578],[88.56874528025634,21.904083110206518],[88.54103126181388,21.907421587803178],[88.53876465075084,21.863235623042183],[88.52972204487,21.872496523205314],[88.51874787044122,21.875623500145853],[88.53600231987339,21.855846642513946],[88.44958961321646,21.905664861778753],[88.4387555316856,21.90601250521737],[88.43109861147822,21.901201574383013],[88.42120430812585,21.90407651561498],[88.41804890921475,21.90260521760759],[88.43431063616104,21.89896983035572],[88.4506635360772,21.904919330770525],[88.48303528927377,21.87203275602689],[88.487863015479,21.840375353899617],[88.44736652661575,21.812988023493034],[88.45987418968578,21.79206134742941],[88.41742356291593,21.813156136289688],[88.34280530288103,21.761327416089415],[88.34429831663236,21.721035903539892],[88.32080181784043,21.7087379725921],[88.29996476500374,21.7814097296292],[88.28297386357742,21.789456428389524],[88.27187092736527,21.73234009308414],[88.3118958755514,21.67063230509919],[88.28441580923008,21.60070641442582],[88.31029189118016,21.58131011636935],[88.27647876674283,21.55667790489362],[88.24842337927993,21.56173895035832],[88.21846246454596,21.61593191816765],[88.23747359319457,21.644298019477834],[88.19975399958908,21.682696684363528],[88.22043034248077,21.701882410165062],[88.21529219854445,21.778031249800094],[88.14976698312078,21.95685184762833],[88.22315689673191,22.070685349829613],[88.1880125617644,22.188031347188968],[88.07277991163282,22.20947761260879],[88.08767732624486,22.24242154657528],[88.08460597920227,22.25634207322009],[88.06057129436189,22.20577053177878],[87.95593189514375,22.26973229421761],[87.94764313080282,22.254754184872898],[88.00665212940223,22.20269125270672],[88.13668125207978,22.18419545714558],[88.19010883857253,22.116266960282164],[88.18341259159781,22.09445082982725],[88.05569287833997,22.02018144622349],[87.97586128576003,21.850558736524395],[87.84054792662394,21.72400255836638],[87.682992889197,21.65408366668941],[87.48639050398953,21.60932564172762],[87.44538197083494,21.767953056923098],[87.36936953799064,21.765175289621254],[87.35477802990742,21.792450089547824],[87.27659345930755,21.805092161286705],[87.23591928774962,21.956977610329535],[87.1702380124979,21.97933471609422],[87.1615551531574,21.935497877659774],[87.0964467575403,21.913917911220654],[87.09870662211378,21.865700602748465],[87.03778693152087,21.868050863728136],[87.00174158412247,21.913830649781165],[87.03204266930608,21.992615078257035],[87.01747436894432,22.04619792830577],[86.9601478092871,22.087863909909988],[86.83786824276145,22.097616794937395],[86.79575447346494,22.156842101003807],[86.72185608313534,22.14667075185204],[86.72704130677,22.216693992080394],[86.77609598094564,22.218005778245047],[86.78166148115895,22.23698448969396],[86.7782264293873,22.218043870485772],[86.802284202341,22.217849769956295],[86.79226805030778,22.26623394616206],[86.80306257555276,22.244312145395572],[86.81347440805678,22.26745198792017],[86.8867937862966,22.257310241862573],[86.88816401356796,22.297102458551414],[86.83324703257883,22.324361915630035],[86.84559380415618,22.39979105636348],[86.76480432828723,22.426561854012334],[86.75116518890583,22.455699153257633],[86.75071232859746,22.482407151688587],[86.80095263705333,22.488276391134274],[86.76586711717346,22.575623836400506],[86.6585907526559,22.57562257203962],[86.63318630907217,22.61096116060153],[86.63509589050294,22.665529332600656],[86.54807308896605,22.72080247377114],[86.51072419342344,22.704680243780054],[86.41943164689697,22.790920533300206],[86.46734787162254,22.900815548477915],[86.43584818032316,22.925828546630953],[86.47662033812964,22.951793889632402],[86.52551151855471,22.94722762169915],[86.5470492461046,22.98933911481091],[86.51893616853006,22.970508932454578],[86.50140503497734,22.99463687524666],[86.41923914207071,23.000478992213658],[86.39401101628376,22.9809630785377],[86.30462145434724,23.016717823076302],[86.23714293141722,22.99495138238931],[86.1855947268644,23.005173337426573],[86.14613839250678,23.075223296046182],[86.04921951801319,23.105995975032364],[86.04371211333142,23.144866094731217],[85.89429154829593,23.155160010180445],[85.81979592210021,23.268461522627454],[85.88359737707616,23.350297174078015],[85.86979510791284,23.388841151196416],[85.90268292457257,23.39845220264742],[85.86357214864844,23.431582108772304],[85.87087882944954,23.475469465000288],[86.05417578610323,23.48686705207054],[86.01682283647231,23.547466449219247],[86.04205671849927,23.586120401884862],[86.15854095358586,23.559465252718606],[86.14845676997993,23.465350787787237],[86.22888109212269,23.443282017056557],[86.24605655346978,23.459597690232084],[86.23043937901933,23.430970188064478],[86.24744957959047,23.411660873100868],[86.26417218605884,23.430771198166564],[86.31018919756023,23.411768649567087],[86.30570292127082,23.43503457039535],[86.34891269780503,23.440330504192367],[86.3792172961572,23.473687227034237],[86.36518323922736,23.53101390334672],[86.38791022008304,23.574035275662236],[86.44724148889672,23.597941065725845],[86.4618924941389,23.629714404969995],[86.5287859405673,23.62979701558684],[86.59824735982423,23.67381867347713],[86.71300365459837,23.69853078010718],[86.74806251981856,23.678906573572032],[86.79937173532178,23.68892951453055],[86.82831611363818,23.753212245869946],[86.80548408918487,23.837458645615104],[86.82662522183134,23.814124407521756],[86.87466007837222,23.847488057968558],[86.8898715969133,23.819581061643714],[86.88132230641722,23.863062292738334],[86.91567837740037,23.883105703155206],[86.9469200272482,23.84597361649093],[86.97390190606761,23.868857024690662],[87.12256846534378,23.796119083592668],[87.16730155964346,23.824999078923582],[87.12947014988063,23.868857482878],[87.19675970486433,23.857791470546232],[87.18940621010894,23.842292977833708],[87.23392247893919,23.856421948102316],[87.21745724149055,23.8298005814632],[87.2407213721744,23.825752559360634],[87.24624888344495,23.908673094291846],[87.26953011480173,23.874366066944578],[87.29538421898008,23.902033054798093],[87.29300131088945,23.958990883256448],[87.26248056142815,23.96717539830048],[87.26283335817041,24.003530191535752],[87.23374319315747,24.0243782532546],[87.24543778221584,24.0449894712631],[87.33702299080456,24.033939660794587],[87.32922267944859,23.99865892710268],[87.36061272773014,24.012769900575034],[87.46006243880365,23.984117229983262],[87.43798813602457,24.012873251093076],[87.51199083607844,24.035963099822332],[87.49342409117732,24.05397164781671],[87.5110948231142,24.08277825573181],[87.48965742394932,24.090229181799188],[87.4975979625455,24.117794060170574],[87.55889085182568,24.081365644717124],[87.61028897459082,24.132384773193262],[87.57594273329497,24.160896172012652],[87.69411835597694,24.150562345909247],[87.6946456529297,24.18608143032605],[87.63795391335951,24.215402898436743],[87.63882655091103,24.25470080891508],[87.68477757145617,24.246204484131443],[87.71315584841342,24.293746047302175],[87.76139842650736,24.308154811592303],[87.81256963803501,24.4124279180681],[87.78876605243552,24.414875074802985],[87.79490784925422,24.436409433208226],[87.82485817689816,24.460795470607135],[87.81073462864174,24.477001608138846],[87.82821742499802,24.49857298007195],[87.79425980662299,24.501256610987333],[87.80623252132081,24.553826253442253],[87.77172748416253,24.583580795467544],[87.85073222623687,24.553878993922293],[87.89194110749658,24.565552421500822],[87.9115104746225,24.610201006676704],[87.89199310586972,24.60628135147945],[87.8756633206001,24.615959201678248],[87.90572336701374,24.614706067414527],[87.88924999967342,24.629979999519303],[87.91841020800923,24.662140155773393],[87.88863514224288,24.679126560402494],[87.90746184736122,24.721685286359182],[87.81803004163123,24.75486303333669],[87.83495483787998,24.789311111554667],[87.83661679747145,24.76578678013588],[87.86908454058735,24.774735367806727],[87.87008236784145,24.826110322551013],[87.90060997060398,24.823491012687736],[87.90287000066554,24.96421999955376],[87.88439999993692,25.02999000019428],[87.77675999960785,25.105229997776185],[87.76849344028548,25.21790111979619],[87.82908866670356,25.214479492682155],[87.81854190540751,25.241878140593613],[87.85347010894566,25.289949510227896],[87.78425220303544,25.340051881293533],[87.76691795053216,25.416129952979787],[87.78709521510659,25.449202495367345],[87.82142847078356,25.43583835979327],[87.83923301650591,25.467893831497367],[87.8627160891106,25.46302003166416],[87.883964470537,25.520405519755364],[87.90279195831792,25.504710644136445],[87.92602918289506,25.538665792913708],[88.04898589078628,25.485544740598247],[88.07326261432081,25.483669701008257],[88.07706204409828,25.50673353360683],[88.03147699438158,25.554173537214655],[88.04021653709746,25.57362833120708],[88.02090820241082,25.570438599253738],[88.05525069265364,25.6446845826598],[88.03605298833284,25.648759603751223],[88.04974311669588,25.702167124151263],[87.96794413498456,25.72597389846055],[87.94203490602469,25.774246090379336],[87.90443395147017,25.772445503804114],[87.91772013519143,25.816095439684972],[87.88920464183549,25.829699022374957],[87.91574838327001,25.853316332065358],[87.82964308987023,25.87156612097294],[87.81084211484281,25.927881707743907],[87.82098181552821,25.936138759520965],[87.8344638373249,25.930238653405798],[87.83966978682933,25.933839493946177],[87.85561305786933,26.03506957150062],[87.92669040773242,26.08386478065867],[87.94885808492926,26.06004852835885],[87.98235526080342,26.07264582282663],[87.96424683535334,26.094943142602144],[87.98880820324,26.105121344712344],[87.97519239932286,26.143015518678293],[88.01049952466924,26.14533326069447],[88.03484002824446,26.17905900924514],[88.07329352661735,26.175088057475033],[88.14600619548986,26.250130941705237],[88.22772411394605,26.28478506968327],[88.25329070534906,26.334328252198866],[88.27826515115123,26.32547744267174],[88.30053477924996,26.350301578401805],[88.28342830341667,26.377783814247778],[88.23836597257038,26.380813381755186],[88.27340880895733,26.418954518688903],[88.21525968142794,26.477112288579306],[88.22762155617053,26.49186921569732],[88.18262600684234,26.504147940770988],[88.2354542768594,26.544717782713096],[88.2328319073448,26.570957619462465],[88.1685914975241,26.553396304207773],[88.1460028415258,26.52215156498393],[88.10532524907464,26.550876379964077],[88.16023018579075,26.636539409561387],[88.18785161522297,26.771805898958746],[88.17397115665655,26.865201855524262],[88.1201347395304,26.950707714383437],[88.13440408972272,26.98623990637414],[88.07768601410481,27.03542215113436],[88.03784521643601,27.036322954441353],[87.99088352555573,27.105608559594316],[88.01481515037922,27.211533536308057]]]]}}]}